Linux 5.15.0-157-generic (cgda) 	2026년 06월 29일 	_x86_64_	(8 CPU)

2026년 06월 29일 01시 18분 20초
avg-cpu:  %user   %nice %system %iowait  %steal   %idle
           0.10    0.00    0.09    0.07    0.00   99.74

Device            r/s     rkB/s   rrqm/s  %rrqm r_await rareq-sz     w/s     wkB/s   wrqm/s  %wrqm w_await wareq-sz     d/s     dkB/s   drqm/s  %drqm d_await dareq-sz     f/s f_await  aqu-sz  %util
sda              0.03      0.53     0.01  25.43   31.64    15.38    1.27     14.40     0.55  30.18    7.52    11.36    0.00      0.00     0.00   0.00    0.00     0.00    0.23   16.84    0.01   0.63


2026년 06월 29일 01시 18분 21초
avg-cpu:  %user   %nice %system %iowait  %steal   %idle
           0.25    0.00    0.00    0.00    0.00   99.75

Device            r/s     rkB/s   rrqm/s  %rrqm r_await rareq-sz     w/s     wkB/s   wrqm/s  %wrqm w_await wareq-sz     d/s     dkB/s   drqm/s  %drqm d_await dareq-sz     f/s f_await  aqu-sz  %util


2026년 06월 29일 01시 18분 22초
avg-cpu:  %user   %nice %system %iowait  %steal   %idle
           0.38    0.00    0.50    0.00    0.00   99.12

Device            r/s     rkB/s   rrqm/s  %rrqm r_await rareq-sz     w/s     wkB/s   wrqm/s  %wrqm w_await wareq-sz     d/s     dkB/s   drqm/s  %drqm d_await dareq-sz     f/s f_await  aqu-sz  %util


2026년 06월 29일 01시 18분 23초
avg-cpu:  %user   %nice %system %iowait  %steal   %idle
           0.25    0.00    0.00    0.00    0.00   99.75

Device            r/s     rkB/s   rrqm/s  %rrqm r_await rareq-sz     w/s     wkB/s   wrqm/s  %wrqm w_await wareq-sz     d/s     dkB/s   drqm/s  %drqm d_await dareq-sz     f/s f_await  aqu-sz  %util


2026년 06월 29일 01시 18분 24초
avg-cpu:  %user   %nice %system %iowait  %steal   %idle
           0.25    0.00    0.63    0.38    0.00   98.75

Device            r/s     rkB/s   rrqm/s  %rrqm r_await rareq-sz     w/s     wkB/s   wrqm/s  %wrqm w_await wareq-sz     d/s     dkB/s   drqm/s  %drqm d_await dareq-sz     f/s f_await  aqu-sz  %util
sda              0.00      0.00     0.00   0.00    0.00     0.00    2.00     68.00    14.00  87.50    0.50    34.00    0.00      0.00     0.00   0.00    0.00     0.00    1.00   20.00    0.02   0.80


2026년 06월 29일 01시 18분 25초
avg-cpu:  %user   %nice %system %iowait  %steal   %idle
           1.01    0.00    0.76   14.88    0.00   83.35

Device            r/s     rkB/s   rrqm/s  %rrqm r_await rareq-sz     w/s     wkB/s   wrqm/s  %wrqm w_await wareq-sz     d/s     dkB/s   drqm/s  %drqm d_await dareq-sz     f/s f_await  aqu-sz  %util
sda              0.00      0.00     0.00   0.00    0.00     0.00   83.00    684.00    37.00  30.83   15.25     8.24    0.00      0.00     0.00   0.00    0.00     0.00   46.00   20.83    2.22  93.60


2026년 06월 29일 01시 18분 26초
avg-cpu:  %user   %nice %system %iowait  %steal   %idle
           1.39    0.00    0.88   13.40    0.00   84.32

Device            r/s     rkB/s   rrqm/s  %rrqm r_await rareq-sz     w/s     wkB/s   wrqm/s  %wrqm w_await wareq-sz     d/s     dkB/s   drqm/s  %drqm d_await dareq-sz     f/s f_await  aqu-sz  %util
sda              0.00      0.00     0.00   0.00    0.00     0.00   85.00    656.00    43.00  33.59   12.92     7.72    0.00      0.00     0.00   0.00    0.00     0.00   42.00   22.31    2.04  95.20


2026년 06월 29일 01시 18분 27초
avg-cpu:  %user   %nice %system %iowait  %steal   %idle
           1.39    0.00    1.27   18.76    0.00   78.58

Device            r/s     rkB/s   rrqm/s  %rrqm r_await rareq-sz     w/s     wkB/s   wrqm/s  %wrqm w_await wareq-sz     d/s     dkB/s   drqm/s  %drqm d_await dareq-sz     f/s f_await  aqu-sz  %util
sda              0.00      0.00     0.00   0.00    0.00     0.00   98.00    948.00    44.00  30.99   15.67     9.67    0.00      0.00     0.00   0.00    0.00     0.00   44.00   21.32    2.47  97.20


2026년 06월 29일 01시 18분 28초
avg-cpu:  %user   %nice %system %iowait  %steal   %idle
           3.43    0.00    2.03   17.79    0.00   76.75

Device            r/s     rkB/s   rrqm/s  %rrqm r_await rareq-sz     w/s     wkB/s   wrqm/s  %wrqm w_await wareq-sz     d/s     dkB/s   drqm/s  %drqm d_await dareq-sz     f/s f_await  aqu-sz  %util
sda              0.00      0.00     0.00   0.00    0.00     0.00   99.00   1040.00    62.00  38.51   16.82    10.51    0.00      0.00     0.00   0.00    0.00     0.00   43.00   22.95    2.65 101.60


2026년 06월 29일 01시 18분 29초
avg-cpu:  %user   %nice %system %iowait  %steal   %idle
           3.19    0.00    1.66   18.62    0.00   76.53

Device            r/s     rkB/s   rrqm/s  %rrqm r_await rareq-sz     w/s     wkB/s   wrqm/s  %wrqm w_await wareq-sz     d/s     dkB/s   drqm/s  %drqm d_await dareq-sz     f/s f_await  aqu-sz  %util
sda              4.00     52.00     9.00  69.23   35.50    13.00   92.00   1184.00    60.00  39.47   15.43    12.87    0.00      0.00     0.00   0.00    0.00     0.00   39.00   24.77    2.53  94.80


2026년 06월 29일 01시 18분 30초
avg-cpu:  %user   %nice %system %iowait  %steal   %idle
           2.94    0.00    2.17   19.18    0.00   75.70

Device            r/s     rkB/s   rrqm/s  %rrqm r_await rareq-sz     w/s     wkB/s   wrqm/s  %wrqm w_await wareq-sz     d/s     dkB/s   drqm/s  %drqm d_await dareq-sz     f/s f_await  aqu-sz  %util
sda              1.00      4.00     0.00   0.00   24.00     4.00  105.00   1244.00    75.00  41.67   16.24    11.85    0.00      0.00     0.00   0.00    0.00     0.00   46.00   20.50    2.67 104.00


2026년 06월 29일 01시 18분 31초
avg-cpu:  %user   %nice %system %iowait  %steal   %idle
           2.89    0.00    2.14   17.61    0.00   77.36

Device            r/s     rkB/s   rrqm/s  %rrqm r_await rareq-sz     w/s     wkB/s   wrqm/s  %wrqm w_await wareq-sz     d/s     dkB/s   drqm/s  %drqm d_await dareq-sz     f/s f_await  aqu-sz  %util
sda              0.00      0.00     0.00   0.00    0.00     0.00  113.00   1296.00    62.00  35.43   16.65    11.47    0.00      0.00     0.00   0.00    0.00     0.00   49.00   19.86    2.85 100.40


2026년 06월 29일 01시 18분 32초
avg-cpu:  %user   %nice %system %iowait  %steal   %idle
           2.28    0.00    2.53   20.23    0.00   74.97

Device            r/s     rkB/s   rrqm/s  %rrqm r_await rareq-sz     w/s     wkB/s   wrqm/s  %wrqm w_await wareq-sz     d/s     dkB/s   drqm/s  %drqm d_await dareq-sz     f/s f_await  aqu-sz  %util
sda              0.00      0.00     0.00   0.00    0.00     0.00   90.00   1212.00    51.00  36.17   17.77    13.47    0.00      0.00     0.00   0.00    0.00     0.00   40.00   24.23    2.57  96.80


2026년 06월 29일 01시 18분 33초
avg-cpu:  %user   %nice %system %iowait  %steal   %idle
           2.68    0.00    1.78   19.11    0.00   76.43

Device            r/s     rkB/s   rrqm/s  %rrqm r_await rareq-sz     w/s     wkB/s   wrqm/s  %wrqm w_await wareq-sz     d/s     dkB/s   drqm/s  %drqm d_await dareq-sz     f/s f_await  aqu-sz  %util
sda              2.00     12.00     1.00  33.33    1.50     6.00  111.00   1340.00    69.00  38.33   13.86    12.07    0.00      0.00     0.00   0.00    0.00     0.00   51.00   18.96    2.51 101.60


2026년 06월 29일 01시 18분 34초
avg-cpu:  %user   %nice %system %iowait  %steal   %idle
           3.03    0.00    2.27   19.19    0.00   75.51

Device            r/s     rkB/s   rrqm/s  %rrqm r_await rareq-sz     w/s     wkB/s   wrqm/s  %wrqm w_await wareq-sz     d/s     dkB/s   drqm/s  %drqm d_await dareq-sz     f/s f_await  aqu-sz  %util
sda              0.00      0.00     0.00   0.00    0.00     0.00   97.00   1284.00    63.00  39.38   18.75    13.24    0.00      0.00     0.00   0.00    0.00     0.00   44.00   21.80    2.78  98.80


2026년 06월 29일 01시 18분 35초
avg-cpu:  %user   %nice %system %iowait  %steal   %idle
           2.92    0.00    2.03   15.63    0.00   79.42

Device            r/s     rkB/s   rrqm/s  %rrqm r_await rareq-sz     w/s     wkB/s   wrqm/s  %wrqm w_await wareq-sz     d/s     dkB/s   drqm/s  %drqm d_await dareq-sz     f/s f_await  aqu-sz  %util
sda              0.00      0.00     0.00   0.00    0.00     0.00  108.00   1300.00    57.00  34.55   12.74    12.04    0.00      0.00     0.00   0.00    0.00     0.00   47.00   20.66    2.35 100.80


2026년 06월 29일 01시 18분 36초
avg-cpu:  %user   %nice %system %iowait  %steal   %idle
           2.77    0.00    2.14   20.81    0.00   74.27

Device            r/s     rkB/s   rrqm/s  %rrqm r_await rareq-sz     w/s     wkB/s   wrqm/s  %wrqm w_await wareq-sz     d/s     dkB/s   drqm/s  %drqm d_await dareq-sz     f/s f_await  aqu-sz  %util
sda              0.00      0.00     0.00   0.00    0.00     0.00   94.00   1232.00    52.00  35.62   15.74    13.11    0.00      0.00     0.00   0.00    0.00     0.00   39.00   25.15    2.46  96.00


2026년 06월 29일 01시 18분 37초
avg-cpu:  %user   %nice %system %iowait  %steal   %idle
           3.29    0.00    3.16   17.59    0.00   75.95

Device            r/s     rkB/s   rrqm/s  %rrqm r_await rareq-sz     w/s     wkB/s   wrqm/s  %wrqm w_await wareq-sz     d/s     dkB/s   drqm/s  %drqm d_await dareq-sz     f/s f_await  aqu-sz  %util
sda              3.00      0.50     0.00   0.00   12.67     0.17  109.00   1368.00    72.00  39.78   12.44    12.55    0.00      0.00     0.00   0.00    0.00     0.00   49.00   18.29    2.29  97.60


2026년 06월 29일 01시 18분 38초
avg-cpu:  %user   %nice %system %iowait  %steal   %idle
           2.65    0.00    1.64   30.64    0.00   65.07

Device            r/s     rkB/s   rrqm/s  %rrqm r_await rareq-sz     w/s     wkB/s   wrqm/s  %wrqm w_await wareq-sz     d/s     dkB/s   drqm/s  %drqm d_await dareq-sz     f/s f_await  aqu-sz  %util
sda              2.00      1.00     0.00   0.00  356.00     0.50   40.00    736.00    35.00  46.67   60.20    18.40    0.00      0.00     0.00   0.00    0.00     0.00   14.00   49.93    3.82  93.20


2026년 06월 29일 01시 18분 39초
avg-cpu:  %user   %nice %system %iowait  %steal   %idle
           2.91    0.00    1.65   19.75    0.00   75.70

Device            r/s     rkB/s   rrqm/s  %rrqm r_await rareq-sz     w/s     wkB/s   wrqm/s  %wrqm w_await wareq-sz     d/s     dkB/s   drqm/s  %drqm d_await dareq-sz     f/s f_await  aqu-sz  %util
sda              0.00      0.00     0.00   0.00    0.00     0.00  106.00   1332.00    58.00  35.37   15.04    12.57    0.00      0.00     0.00   0.00    0.00     0.00   46.00   21.30    2.57 101.20


2026년 06월 29일 01시 18분 40초
avg-cpu:  %user   %nice %system %iowait  %steal   %idle
           4.34    0.00    2.04   13.39    0.00   80.23

Device            r/s     rkB/s   rrqm/s  %rrqm r_await rareq-sz     w/s     wkB/s   wrqm/s  %wrqm w_await wareq-sz     d/s     dkB/s   drqm/s  %drqm d_await dareq-sz     f/s f_await  aqu-sz  %util
sda              0.00      0.00     0.00   0.00    0.00     0.00  101.00   1304.00    62.00  38.04   11.91    12.91    0.00      0.00     0.00   0.00    0.00     0.00   49.00   19.73    2.17  98.00


2026년 06월 29일 01시 18분 41초
avg-cpu:  %user   %nice %system %iowait  %steal   %idle
           3.02    0.00    1.51   26.79    0.00   68.68

Device            r/s     rkB/s   rrqm/s  %rrqm r_await rareq-sz     w/s     wkB/s   wrqm/s  %wrqm w_await wareq-sz     d/s     dkB/s   drqm/s  %drqm d_await dareq-sz     f/s f_await  aqu-sz  %util
sda              5.00      1.50     0.00   0.00   87.40     0.30   87.00   1132.00    34.00  28.10   18.68    13.01    0.00      0.00     0.00   0.00    0.00     0.00   21.00   39.29    2.89  80.40


2026년 06월 29일 01시 18분 42초
avg-cpu:  %user   %nice %system %iowait  %steal   %idle
           2.53    0.00    2.27   19.82    0.00   75.38

Device            r/s     rkB/s   rrqm/s  %rrqm r_await rareq-sz     w/s     wkB/s   wrqm/s  %wrqm w_await wareq-sz     d/s     dkB/s   drqm/s  %drqm d_await dareq-sz     f/s f_await  aqu-sz  %util
sda              0.00      0.00     0.00   0.00    0.00     0.00   99.00   1264.00    56.00  36.13   19.79    12.77    0.00      0.00     0.00   0.00    0.00     0.00   41.00   26.17    3.03 108.40


2026년 06월 29일 01시 18분 43초
avg-cpu:  %user   %nice %system %iowait  %steal   %idle
           3.18    0.00    2.41   20.84    0.00   73.57

Device            r/s     rkB/s   rrqm/s  %rrqm r_await rareq-sz     w/s     wkB/s   wrqm/s  %wrqm w_await wareq-sz     d/s     dkB/s   drqm/s  %drqm d_await dareq-sz     f/s f_await  aqu-sz  %util
sda              0.00      0.00     0.00   0.00    0.00     0.00  102.00   1256.00    50.00  32.89   17.07    12.31    0.00      0.00     0.00   0.00    0.00     0.00   44.00   21.73    2.70  97.20


2026년 06월 29일 01시 18분 44초
avg-cpu:  %user   %nice %system %iowait  %steal   %idle
           5.08    0.00    2.66   19.04    0.00   73.22

Device            r/s     rkB/s   rrqm/s  %rrqm r_await rareq-sz     w/s     wkB/s   wrqm/s  %wrqm w_await wareq-sz     d/s     dkB/s   drqm/s  %drqm d_await dareq-sz     f/s f_await  aqu-sz  %util
sda              0.00      0.00     0.00   0.00    0.00     0.00   96.00   1268.00    59.00  38.06   18.56    13.21    0.00      0.00     0.00   0.00    0.00     0.00   43.00   22.91    2.77  95.20


2026년 06월 29일 01시 18분 45초
avg-cpu:  %user   %nice %system %iowait  %steal   %idle
           2.40    0.00    2.27   17.80    0.00   77.53

Device            r/s     rkB/s   rrqm/s  %rrqm r_await rareq-sz     w/s     wkB/s   wrqm/s  %wrqm w_await wareq-sz     d/s     dkB/s   drqm/s  %drqm d_await dareq-sz     f/s f_await  aqu-sz  %util
sda              0.00      0.00     0.00   0.00    0.00     0.00   93.00   1280.00    54.00  36.73   17.69    13.76    0.00      0.00     0.00   0.00    0.00     0.00   37.00   25.78    2.60  97.20


2026년 06월 29일 01시 18분 46초
avg-cpu:  %user   %nice %system %iowait  %steal   %idle
           3.29    0.00    2.15   17.47    0.00   77.09

Device            r/s     rkB/s   rrqm/s  %rrqm r_await rareq-sz     w/s     wkB/s   wrqm/s  %wrqm w_await wareq-sz     d/s     dkB/s   drqm/s  %drqm d_await dareq-sz     f/s f_await  aqu-sz  %util
sda              1.00     16.00     3.00  75.00   26.00    16.00   95.00   1268.00    53.00  35.81   19.03    13.35    0.00      0.00     0.00   0.00    0.00     0.00   42.00   23.21    2.81  98.40


2026년 06월 29일 01시 18분 47초
avg-cpu:  %user   %nice %system %iowait  %steal   %idle
           3.30    0.00    1.14   17.77    0.00   77.79

Device            r/s     rkB/s   rrqm/s  %rrqm r_await rareq-sz     w/s     wkB/s   wrqm/s  %wrqm w_await wareq-sz     d/s     dkB/s   drqm/s  %drqm d_await dareq-sz     f/s f_await  aqu-sz  %util
sda              0.00      0.00     0.00   0.00    0.00     0.00   93.00   1180.00    44.00  32.12   17.59    12.69    0.00      0.00     0.00   0.00    0.00     0.00   41.00   24.17    2.63 100.40


2026년 06월 29일 01시 18분 48초
avg-cpu:  %user   %nice %system %iowait  %steal   %idle
           4.67    0.00    3.15   17.91    0.00   74.27

Device            r/s     rkB/s   rrqm/s  %rrqm r_await rareq-sz     w/s     wkB/s   wrqm/s  %wrqm w_await wareq-sz     d/s     dkB/s   drqm/s  %drqm d_await dareq-sz     f/s f_await  aqu-sz  %util
sda              1.00      4.00     0.00   0.00   58.00     4.00   84.00   1020.00    61.00  42.07   19.01    12.14    0.00      0.00     0.00   0.00    0.00     0.00   32.00   30.00    2.62  98.80


2026년 06월 29일 01시 18분 49초
avg-cpu:  %user   %nice %system %iowait  %steal   %idle
           2.91    0.00    2.15   15.57    0.00   79.37

Device            r/s     rkB/s   rrqm/s  %rrqm r_await rareq-sz     w/s     wkB/s   wrqm/s  %wrqm w_await wareq-sz     d/s     dkB/s   drqm/s  %drqm d_await dareq-sz     f/s f_await  aqu-sz  %util
sda              1.00      4.00     0.00   0.00   28.00     4.00   91.00   1012.00    54.00  37.24   14.47    11.12    0.00      0.00     0.00   0.00    0.00     0.00   42.00   22.50    2.29  98.80


2026년 06월 29일 01시 18분 50초
avg-cpu:  %user   %nice %system %iowait  %steal   %idle
           4.04    0.00    2.53   17.68    0.00   75.76

Device            r/s     rkB/s   rrqm/s  %rrqm r_await rareq-sz     w/s     wkB/s   wrqm/s  %wrqm w_await wareq-sz     d/s     dkB/s   drqm/s  %drqm d_await dareq-sz     f/s f_await  aqu-sz  %util
sda              1.00      4.00     0.00   0.00   35.00     4.00   90.00   2028.00    54.00  37.50   25.22    22.53    0.00      0.00     0.00   0.00    0.00     0.00   30.00   32.67    3.28  94.80


2026년 06월 29일 01시 18분 51초
avg-cpu:  %user   %nice %system %iowait  %steal   %idle
           2.65    0.00    1.52   18.20    0.00   77.62

Device            r/s     rkB/s   rrqm/s  %rrqm r_await rareq-sz     w/s     wkB/s   wrqm/s  %wrqm w_await wareq-sz     d/s     dkB/s   drqm/s  %drqm d_await dareq-sz     f/s f_await  aqu-sz  %util
sda              0.00      0.00     0.00   0.00    0.00     0.00   90.00   1020.00    56.00  38.36   18.06    11.33    0.00      0.00     0.00   0.00    0.00     0.00   39.00   24.41    2.58  99.20


2026년 06월 29일 01시 18분 52초
avg-cpu:  %user   %nice %system %iowait  %steal   %idle
           3.40    0.00    2.26   19.75    0.00   74.59

Device            r/s     rkB/s   rrqm/s  %rrqm r_await rareq-sz     w/s     wkB/s   wrqm/s  %wrqm w_await wareq-sz     d/s     dkB/s   drqm/s  %drqm d_await dareq-sz     f/s f_await  aqu-sz  %util
sda              0.00      0.00     0.00   0.00    0.00     0.00   86.00    916.00    41.00  32.28   20.06    10.65    0.00      0.00     0.00   0.00    0.00     0.00   36.00   27.17    2.70 100.40


2026년 06월 29일 01시 18분 53초
avg-cpu:  %user   %nice %system %iowait  %steal   %idle
           3.05    0.00    2.03   16.37    0.00   78.55

Device            r/s     rkB/s   rrqm/s  %rrqm r_await rareq-sz     w/s     wkB/s   wrqm/s  %wrqm w_await wareq-sz     d/s     dkB/s   drqm/s  %drqm d_await dareq-sz     f/s f_await  aqu-sz  %util
sda              0.00      0.00     0.00   0.00    0.00     0.00   98.00   1284.00    54.00  35.53   14.35    13.10    0.00      0.00     0.00   0.00    0.00     0.00   43.00   22.91    2.39 101.20


2026년 06월 29일 01시 18분 54초
avg-cpu:  %user   %nice %system %iowait  %steal   %idle
           2.29    0.00    1.66   19.75    0.00   76.31

Device            r/s     rkB/s   rrqm/s  %rrqm r_await rareq-sz     w/s     wkB/s   wrqm/s  %wrqm w_await wareq-sz     d/s     dkB/s   drqm/s  %drqm d_await dareq-sz     f/s f_await  aqu-sz  %util
sda              0.00      0.00     0.00   0.00    0.00     0.00   94.00   1252.00    57.00  37.75   17.39    13.32    0.00      0.00     0.00   0.00    0.00     0.00   43.00   22.12    2.59  98.40


2026년 06월 29일 01시 18분 55초
avg-cpu:  %user   %nice %system %iowait  %steal   %idle
           3.29    0.00    2.53   18.86    0.00   75.32

Device            r/s     rkB/s   rrqm/s  %rrqm r_await rareq-sz     w/s     wkB/s   wrqm/s  %wrqm w_await wareq-sz     d/s     dkB/s   drqm/s  %drqm d_await dareq-sz     f/s f_await  aqu-sz  %util
sda              0.00      0.00     0.00   0.00    0.00     0.00   96.00   1220.00    49.00  33.79   19.78    12.71    0.00      0.00     0.00   0.00    0.00     0.00   41.00   23.76    2.87  98.80


2026년 06월 29일 01시 18분 56초
avg-cpu:  %user   %nice %system %iowait  %steal   %idle
           2.29    0.00    1.40   18.81    0.00   77.51

Device            r/s     rkB/s   rrqm/s  %rrqm r_await rareq-sz     w/s     wkB/s   wrqm/s  %wrqm w_await wareq-sz     d/s     dkB/s   drqm/s  %drqm d_await dareq-sz     f/s f_await  aqu-sz  %util
sda              1.00      4.00     0.00   0.00   40.00     4.00   87.00   1500.00    59.00  40.41   16.90    17.24    0.00      0.00     0.00   0.00    0.00     0.00   39.00   25.13    2.49  92.00


2026년 06월 29일 01시 18분 57초
avg-cpu:  %user   %nice %system %iowait  %steal   %idle
           3.44    0.25    2.04   19.34    0.00   74.94

Device            r/s     rkB/s   rrqm/s  %rrqm r_await rareq-sz     w/s     wkB/s   wrqm/s  %wrqm w_await wareq-sz     d/s     dkB/s   drqm/s  %drqm d_await dareq-sz     f/s f_await  aqu-sz  %util
sda              1.00      4.00     0.00   0.00   29.00     4.00   84.00   1496.00    66.00  44.00   20.76    17.81    0.00      0.00     0.00   0.00    0.00     0.00   36.00   27.19    2.75 100.00


2026년 06월 29일 01시 18분 58초
avg-cpu:  %user   %nice %system %iowait  %steal   %idle
           3.42    1.52    2.78   24.68    0.00   67.59

Device            r/s     rkB/s   rrqm/s  %rrqm r_await rareq-sz     w/s     wkB/s   wrqm/s  %wrqm w_await wareq-sz     d/s     dkB/s   drqm/s  %drqm d_await dareq-sz     f/s f_await  aqu-sz  %util
sda              0.00      0.00     0.00   0.00    0.00     0.00   98.00   3000.00   139.00  58.65   21.40    30.61    0.00      0.00     0.00   0.00    0.00     0.00   38.00   25.21    3.06  99.20


2026년 06월 29일 01시 18분 59초
avg-cpu:  %user   %nice %system %iowait  %steal   %idle
           3.30    0.00    2.16   21.57    0.00   72.97

Device            r/s     rkB/s   rrqm/s  %rrqm r_await rareq-sz     w/s     wkB/s   wrqm/s  %wrqm w_await wareq-sz     d/s     dkB/s   drqm/s  %drqm d_await dareq-sz     f/s f_await  aqu-sz  %util
sda              0.00      0.00     0.00   0.00    0.00     0.00   84.00   1788.00   122.00  59.22   20.89    21.29    0.00      0.00     0.00   0.00    0.00     0.00   33.00   29.97    2.74 100.00


2026년 06월 29일 01시 19분 00초
avg-cpu:  %user   %nice %system %iowait  %steal   %idle
           3.16    0.00    2.65   24.75    0.00   69.44

Device            r/s     rkB/s   rrqm/s  %rrqm r_await rareq-sz     w/s     wkB/s   wrqm/s  %wrqm w_await wareq-sz     d/s     dkB/s   drqm/s  %drqm d_await dareq-sz     f/s f_await  aqu-sz  %util
sda              0.00      0.00     0.00   0.00    0.00     0.00   85.00   1840.00   129.00  60.28   21.82    21.65    0.00      0.00     0.00   0.00    0.00     0.00   30.00   32.53    2.83  99.60


2026년 06월 29일 01시 19분 01초
avg-cpu:  %user   %nice %system %iowait  %steal   %idle
           2.66    0.25    2.03   25.98    0.00   69.07

Device            r/s     rkB/s   rrqm/s  %rrqm r_await rareq-sz     w/s     wkB/s   wrqm/s  %wrqm w_await wareq-sz     d/s     dkB/s   drqm/s  %drqm d_await dareq-sz     f/s f_await  aqu-sz  %util
sda              0.00      0.00     0.00   0.00    0.00     0.00  104.00   2008.00   151.00  59.22   19.74    19.31    0.00      0.00     0.00   0.00    0.00     0.00   45.00   21.78    3.03 100.40


2026년 06월 29일 01시 19분 02초
avg-cpu:  %user   %nice %system %iowait  %steal   %idle
           2.53    0.00    2.03   15.82    0.00   79.62

Device            r/s     rkB/s   rrqm/s  %rrqm r_await rareq-sz     w/s     wkB/s   wrqm/s  %wrqm w_await wareq-sz     d/s     dkB/s   drqm/s  %drqm d_await dareq-sz     f/s f_await  aqu-sz  %util
sda              1.00      4.00     0.00   0.00   27.00     4.00  102.00   1536.00    60.00  37.04   13.94    15.06    0.00      0.00     0.00   0.00    0.00     0.00   42.00   22.67    2.40  95.60


2026년 06월 29일 01시 19분 03초
avg-cpu:  %user   %nice %system %iowait  %steal   %idle
           3.79    0.00    2.15   16.94    0.00   77.12

Device            r/s     rkB/s   rrqm/s  %rrqm r_await rareq-sz     w/s     wkB/s   wrqm/s  %wrqm w_await wareq-sz     d/s     dkB/s   drqm/s  %drqm d_await dareq-sz     f/s f_await  aqu-sz  %util
sda              0.00      0.00     0.00   0.00    0.00     0.00  108.00   1568.00    60.00  35.71   15.01    14.52    0.00      0.00     0.00   0.00    0.00     0.00   52.00   18.56    2.59 100.40


2026년 06월 29일 01시 19분 04초
avg-cpu:  %user   %nice %system %iowait  %steal   %idle
           2.55    0.00    1.40   20.25    0.00   75.80

Device            r/s     rkB/s   rrqm/s  %rrqm r_await rareq-sz     w/s     wkB/s   wrqm/s  %wrqm w_await wareq-sz     d/s     dkB/s   drqm/s  %drqm d_await dareq-sz     f/s f_await  aqu-sz  %util
sda              0.00      0.00     0.00   0.00    0.00     0.00   91.00   1492.00    58.00  38.93   18.37    16.40    0.00      0.00     0.00   0.00    0.00     0.00   39.00   24.59    2.63  97.60


2026년 06월 29일 01시 19분 05초
avg-cpu:  %user   %nice %system %iowait  %steal   %idle
           3.66    0.00    2.90   14.38    0.00   79.07

Device            r/s     rkB/s   rrqm/s  %rrqm r_await rareq-sz     w/s     wkB/s   wrqm/s  %wrqm w_await wareq-sz     d/s     dkB/s   drqm/s  %drqm d_await dareq-sz     f/s f_await  aqu-sz  %util
sda              0.00      0.00     0.00   0.00    0.00     0.00  106.00   1380.00    70.00  39.77   12.17    13.02    0.00      0.00     0.00   0.00    0.00     0.00   46.00   21.22    2.27 100.00


2026년 06월 29일 01시 19분 06초
avg-cpu:  %user   %nice %system %iowait  %steal   %idle
           2.66    0.00    1.90   18.86    0.00   76.58

Device            r/s     rkB/s   rrqm/s  %rrqm r_await rareq-sz     w/s     wkB/s   wrqm/s  %wrqm w_await wareq-sz     d/s     dkB/s   drqm/s  %drqm d_await dareq-sz     f/s f_await  aqu-sz  %util
sda              0.00      0.00     0.00   0.00    0.00     0.00   94.00   1200.00    45.00  32.37   15.14    12.77    0.00      0.00     0.00   0.00    0.00     0.00   43.00   22.14    2.38  98.00


2026년 06월 29일 01시 19분 07초
avg-cpu:  %user   %nice %system %iowait  %steal   %idle
           3.05    0.00    1.65   15.74    0.00   79.57

Device            r/s     rkB/s   rrqm/s  %rrqm r_await rareq-sz     w/s     wkB/s   wrqm/s  %wrqm w_await wareq-sz     d/s     dkB/s   drqm/s  %drqm d_await dareq-sz     f/s f_await  aqu-sz  %util
sda              0.00      0.00     0.00   0.00    0.00     0.00   95.00   1204.00    44.00  31.65   14.15    12.67    0.00      0.00     0.00   0.00    0.00     0.00   46.00   21.26    2.32  99.60


2026년 06월 29일 01시 19분 08초
avg-cpu:  %user   %nice %system %iowait  %steal   %idle
           4.97    0.00    2.81   19.52    0.00   72.70

Device            r/s     rkB/s   rrqm/s  %rrqm r_await rareq-sz     w/s     wkB/s   wrqm/s  %wrqm w_await wareq-sz     d/s     dkB/s   drqm/s  %drqm d_await dareq-sz     f/s f_await  aqu-sz  %util
sda              0.00      0.00     0.00   0.00    0.00     0.00  101.00   1416.00    85.00  45.70   18.53    14.02    0.00      0.00     0.00   0.00    0.00     0.00   43.00   22.58    2.84  99.60


2026년 06월 29일 01시 19분 09초
avg-cpu:  %user   %nice %system %iowait  %steal   %idle
           2.64    0.00    2.14   17.76    0.00   77.46

Device            r/s     rkB/s   rrqm/s  %rrqm r_await rareq-sz     w/s     wkB/s   wrqm/s  %wrqm w_await wareq-sz     d/s     dkB/s   drqm/s  %drqm d_await dareq-sz     f/s f_await  aqu-sz  %util
sda              0.00      0.00     0.00   0.00    0.00     0.00   75.00   1180.00    48.00  39.02   21.40    15.73    0.00      0.00     0.00   0.00    0.00     0.00   33.00   29.03    2.56  97.60


2026년 06월 29일 01시 19분 10초
avg-cpu:  %user   %nice %system %iowait  %steal   %idle
           4.73    0.00    1.92   17.39    0.00   75.96

Device            r/s     rkB/s   rrqm/s  %rrqm r_await rareq-sz     w/s     wkB/s   wrqm/s  %wrqm w_await wareq-sz     d/s     dkB/s   drqm/s  %drqm d_await dareq-sz     f/s f_await  aqu-sz  %util
sda              0.00      0.00     0.00   0.00    0.00     0.00  113.00   1388.00    79.00  41.15   16.41    12.28    0.00      0.00     0.00   0.00    0.00     0.00   48.00   19.81    2.81  92.40


2026년 06월 29일 01시 19분 11초
avg-cpu:  %user   %nice %system %iowait  %steal   %idle
           2.65    0.00    2.27   17.55    0.00   77.53

Device            r/s     rkB/s   rrqm/s  %rrqm r_await rareq-sz     w/s     wkB/s   wrqm/s  %wrqm w_await wareq-sz     d/s     dkB/s   drqm/s  %drqm d_await dareq-sz     f/s f_await  aqu-sz  %util
sda              0.00      0.00     0.00   0.00    0.00     0.00   96.00   1212.00    49.00  33.79   17.06    12.62    0.00      0.00     0.00   0.00    0.00     0.00   42.00   23.83    2.64 102.40


2026년 06월 29일 01시 19분 12초
avg-cpu:  %user   %nice %system %iowait  %steal   %idle
           3.42    0.00    2.28   17.49    0.00   76.81

Device            r/s     rkB/s   rrqm/s  %rrqm r_await rareq-sz     w/s     wkB/s   wrqm/s  %wrqm w_await wareq-sz     d/s     dkB/s   drqm/s  %drqm d_await dareq-sz     f/s f_await  aqu-sz  %util
sda              0.00      0.00     0.00   0.00    0.00     0.00   89.00   1188.00    43.00  32.58   16.37    13.35    0.00      0.00     0.00   0.00    0.00     0.00   38.00   25.34    2.42  98.80


2026년 06월 29일 01시 19분 13초
avg-cpu:  %user   %nice %system %iowait  %steal   %idle
           2.91    0.00    2.28   23.80    0.00   71.01

Device            r/s     rkB/s   rrqm/s  %rrqm r_await rareq-sz     w/s     wkB/s   wrqm/s  %wrqm w_await wareq-sz     d/s     dkB/s   drqm/s  %drqm d_await dareq-sz     f/s f_await  aqu-sz  %util
sda              0.00      0.00     0.00   0.00    0.00     0.00  101.00   1288.00    63.00  38.41   16.41    12.75    0.00      0.00     0.00   0.00    0.00     0.00   43.00   22.72    2.63  97.60


2026년 06월 29일 01시 19분 14초
avg-cpu:  %user   %nice %system %iowait  %steal   %idle
           3.42    0.00    3.04   19.52    0.00   74.02

Device            r/s     rkB/s   rrqm/s  %rrqm r_await rareq-sz     w/s     wkB/s   wrqm/s  %wrqm w_await wareq-sz     d/s     dkB/s   drqm/s  %drqm d_await dareq-sz     f/s f_await  aqu-sz  %util
sda              3.00     44.00     8.00  72.73   31.00    14.67  100.00   1296.00    66.00  39.76   17.00    12.96    0.00      0.00     0.00   0.00    0.00     0.00   40.00   23.18    2.72  96.00


2026년 06월 29일 01시 19분 15초
avg-cpu:  %user   %nice %system %iowait  %steal   %idle
           2.78    0.00    1.90   15.32    0.00   80.00

Device            r/s     rkB/s   rrqm/s  %rrqm r_await rareq-sz     w/s     wkB/s   wrqm/s  %wrqm w_await wareq-sz     d/s     dkB/s   drqm/s  %drqm d_await dareq-sz     f/s f_await  aqu-sz  %util
sda              0.00      0.00     0.00   0.00    0.00     0.00  103.00   1312.00    59.00  36.42   12.96    12.74    0.00      0.00     0.00   0.00    0.00     0.00   45.00   22.09    2.33  99.20


2026년 06월 29일 01시 19분 16초
avg-cpu:  %user   %nice %system %iowait  %steal   %idle
           2.28    0.00    1.02   16.37    0.00   80.33

Device            r/s     rkB/s   rrqm/s  %rrqm r_await rareq-sz     w/s     wkB/s   wrqm/s  %wrqm w_await wareq-sz     d/s     dkB/s   drqm/s  %drqm d_await dareq-sz     f/s f_await  aqu-sz  %util
sda              0.00      0.00     0.00   0.00    0.00     0.00   94.00   2236.00    47.00  33.33   17.96    23.79    0.00      0.00     0.00   0.00    0.00     0.00   35.00   27.86    2.66  97.20


2026년 06월 29일 01시 19분 17초
avg-cpu:  %user   %nice %system %iowait  %steal   %idle
           3.56    0.00    2.04   16.92    0.00   77.48

Device            r/s     rkB/s   rrqm/s  %rrqm r_await rareq-sz     w/s     wkB/s   wrqm/s  %wrqm w_await wareq-sz     d/s     dkB/s   drqm/s  %drqm d_await dareq-sz     f/s f_await  aqu-sz  %util
sda              0.00      0.00     0.00   0.00    0.00     0.00   94.00   1024.00    57.00  37.75   15.62    10.89    0.00      0.00     0.00   0.00    0.00     0.00   41.00   23.51    2.43  98.80


2026년 06월 29일 01시 19분 18초
avg-cpu:  %user   %nice %system %iowait  %steal   %idle
           4.58    0.00    2.80   16.67    0.00   75.95

Device            r/s     rkB/s   rrqm/s  %rrqm r_await rareq-sz     w/s     wkB/s   wrqm/s  %wrqm w_await wareq-sz     d/s     dkB/s   drqm/s  %drqm d_await dareq-sz     f/s f_await  aqu-sz  %util
sda              2.00     12.00     1.00  33.33   45.00     6.00   89.00   1016.00    56.00  38.62   15.02    11.42    0.00      0.00     0.00   0.00    0.00     0.00   42.00   23.38    2.41  97.20


2026년 06월 29일 01시 19분 19초
avg-cpu:  %user   %nice %system %iowait  %steal   %idle
           4.31    0.00    2.54   17.77    0.00   75.38

Device            r/s     rkB/s   rrqm/s  %rrqm r_await rareq-sz     w/s     wkB/s   wrqm/s  %wrqm w_await wareq-sz     d/s     dkB/s   drqm/s  %drqm d_await dareq-sz     f/s f_await  aqu-sz  %util
sda              1.00      4.00     0.00   0.00   27.00     4.00  101.00   1096.00    69.00  40.59   16.77    10.85    0.00      0.00     0.00   0.00    0.00     0.00   45.00   21.22    2.67  99.60


2026년 06월 29일 01시 19분 20초
avg-cpu:  %user   %nice %system %iowait  %steal   %idle
           4.54    0.00    2.90   15.01    0.00   77.55

Device            r/s     rkB/s   rrqm/s  %rrqm r_await rareq-sz     w/s     wkB/s   wrqm/s  %wrqm w_await wareq-sz     d/s     dkB/s   drqm/s  %drqm d_await dareq-sz     f/s f_await  aqu-sz  %util
sda              0.00      0.00     0.00   0.00    0.00     0.00   94.00   1084.00    73.00  43.71   14.31    11.53    0.00      0.00     0.00   0.00    0.00     0.00   42.00   23.17    2.32  99.60


2026년 06월 29일 01시 19분 21초
avg-cpu:  %user   %nice %system %iowait  %steal   %idle
           3.81    0.00    1.27   22.11    0.00   72.81

Device            r/s     rkB/s   rrqm/s  %rrqm r_await rareq-sz     w/s     wkB/s   wrqm/s  %wrqm w_await wareq-sz     d/s     dkB/s   drqm/s  %drqm d_await dareq-sz     f/s f_await  aqu-sz  %util
sda              0.00      0.00     0.00   0.00    0.00     0.00  141.00   1260.00    60.00  29.85   56.19     8.94    0.00      0.00     0.00   0.00    0.00     0.00   28.00   34.75    8.89  99.20


2026년 06월 29일 01시 19분 22초
avg-cpu:  %user   %nice %system %iowait  %steal   %idle
           2.67    0.00    1.65   21.09    0.00   74.59

Device            r/s     rkB/s   rrqm/s  %rrqm r_await rareq-sz     w/s     wkB/s   wrqm/s  %wrqm w_await wareq-sz     d/s     dkB/s   drqm/s  %drqm d_await dareq-sz     f/s f_await  aqu-sz  %util
sda             18.00    248.00    45.00  71.43   31.56    13.78   82.00    920.00    47.00  36.43   13.44    11.22    0.00      0.00     0.00   0.00    0.00     0.00   38.00   21.95    2.50  94.80


2026년 06월 29일 01시 19분 23초
avg-cpu:  %user   %nice %system %iowait  %steal   %idle
           1.89    0.00    1.01   30.23    0.00   66.88

Device            r/s     rkB/s   rrqm/s  %rrqm r_await rareq-sz     w/s     wkB/s   wrqm/s  %wrqm w_await wareq-sz     d/s     dkB/s   drqm/s  %drqm d_await dareq-sz     f/s f_await  aqu-sz  %util
sda             24.00    520.00   112.00  82.35   44.04    21.67   61.00    780.00    32.00  34.41   30.26    12.79    0.00      0.00     0.00   0.00    0.00     0.00   22.00   43.91    3.87  96.40


2026년 06월 29일 01시 19분 24초
avg-cpu:  %user   %nice %system %iowait  %steal   %idle
           1.52    0.00    1.39   30.63    0.00   66.46

Device            r/s     rkB/s   rrqm/s  %rrqm r_await rareq-sz     w/s     wkB/s   wrqm/s  %wrqm w_await wareq-sz     d/s     dkB/s   drqm/s  %drqm d_await dareq-sz     f/s f_await  aqu-sz  %util
sda             46.00    792.00   152.00  76.77   28.37    17.22   63.00    752.00    28.00  30.77   24.21    11.94    0.00      0.00     0.00   0.00    0.00     0.00   25.00   33.80    3.67  72.80


2026년 06월 29일 01시 19분 25초
avg-cpu:  %user   %nice %system %iowait  %steal   %idle
           1.91    0.00    1.02   26.91    0.00   70.15

Device            r/s     rkB/s   rrqm/s  %rrqm r_await rareq-sz     w/s     wkB/s   wrqm/s  %wrqm w_await wareq-sz     d/s     dkB/s   drqm/s  %drqm d_await dareq-sz     f/s f_await  aqu-sz  %util
sda             30.00    496.00    87.00  74.36   29.43    16.53   70.00    860.00    39.00  35.78   25.00    12.29    0.00      0.00     0.00   0.00    0.00     0.00   29.00   32.97    3.59  83.20


2026년 06월 29일 01시 19분 26초
avg-cpu:  %user   %nice %system %iowait  %steal   %idle
           2.52    0.00    1.13   30.57    0.00   65.79

Device            r/s     rkB/s   rrqm/s  %rrqm r_await rareq-sz     w/s     wkB/s   wrqm/s  %wrqm w_await wareq-sz     d/s     dkB/s   drqm/s  %drqm d_await dareq-sz     f/s f_await  aqu-sz  %util
sda             29.00    404.00    75.00  72.12   41.79    13.93   59.00    780.00    35.00  37.23   33.90    13.22    0.00      0.00     0.00   0.00    0.00     0.00   25.00   35.68    4.10  91.20


2026년 06월 29일 01시 19분 27초
avg-cpu:  %user   %nice %system %iowait  %steal   %idle
           1.26    0.00    1.01   36.24    0.00   61.49

Device            r/s     rkB/s   rrqm/s  %rrqm r_await rareq-sz     w/s     wkB/s   wrqm/s  %wrqm w_await wareq-sz     d/s     dkB/s   drqm/s  %drqm d_await dareq-sz     f/s f_await  aqu-sz  %util
sda             36.00    512.00   105.00  74.47   45.58    14.22   57.00    960.00    27.00  32.14   33.70    16.84    0.00      0.00     0.00   0.00    0.00     0.00   18.00   46.72    4.40  85.20


2026년 06월 29일 01시 19분 28초
avg-cpu:  %user   %nice %system %iowait  %steal   %idle
           1.39    0.00    1.26   42.60    0.00   54.74

Device            r/s     rkB/s   rrqm/s  %rrqm r_await rareq-sz     w/s     wkB/s   wrqm/s  %wrqm w_await wareq-sz     d/s     dkB/s   drqm/s  %drqm d_await dareq-sz     f/s f_await  aqu-sz  %util
sda             47.00   1064.00   217.00  82.20   46.66    22.64   77.00    904.00    28.00  26.67   35.62    11.74    0.00      0.00     0.00   0.00    0.00     0.00   22.00   43.23    5.89  97.20


2026년 06월 29일 01시 19분 29초
avg-cpu:  %user   %nice %system %iowait  %steal   %idle
           3.31    0.00    2.42   43.31    0.00   50.96

Device            r/s     rkB/s   rrqm/s  %rrqm r_await rareq-sz     w/s     wkB/s   wrqm/s  %wrqm w_await wareq-sz     d/s     dkB/s   drqm/s  %drqm d_await dareq-sz     f/s f_await  aqu-sz  %util
sda             45.00    776.00   144.00  76.19   63.13    17.24   78.00    916.00    45.00  36.59   59.14    11.74    0.00      0.00     0.00   0.00    0.00     0.00   16.00   59.88    8.41  95.60


2026년 06월 29일 01시 19분 30초
avg-cpu:  %user   %nice %system %iowait  %steal   %idle
           1.78    0.00    1.65   51.02    0.00   45.56

Device            r/s     rkB/s   rrqm/s  %rrqm r_await rareq-sz     w/s     wkB/s   wrqm/s  %wrqm w_await wareq-sz     d/s     dkB/s   drqm/s  %drqm d_await dareq-sz     f/s f_await  aqu-sz  %util
sda             62.00   1080.00   213.00  77.45   59.89    17.42   70.00   1048.00    34.00  32.69   29.64    14.97    0.00      0.00     0.00   0.00    0.00     0.00   19.00   43.37    6.61  87.60


2026년 06월 29일 01시 19분 31초
avg-cpu:  %user   %nice %system %iowait  %steal   %idle
           1.76    0.00    1.76   31.45    0.00   65.03

Device            r/s     rkB/s   rrqm/s  %rrqm r_await rareq-sz     w/s     wkB/s   wrqm/s  %wrqm w_await wareq-sz     d/s     dkB/s   drqm/s  %drqm d_await dareq-sz     f/s f_await  aqu-sz  %util
sda             27.72    495.05    89.11  76.27   50.14    17.86   61.39    796.04    41.58  40.38   27.81    12.97    0.00      0.00     0.00   0.00    0.00     0.00   20.79   49.48    4.13  86.34


2026년 06월 29일 01시 19분 32초
avg-cpu:  %user   %nice %system %iowait  %steal   %idle
           3.05    0.00    1.40   22.87    0.00   72.68

Device            r/s     rkB/s   rrqm/s  %rrqm r_await rareq-sz     w/s     wkB/s   wrqm/s  %wrqm w_await wareq-sz     d/s     dkB/s   drqm/s  %drqm d_await dareq-sz     f/s f_await  aqu-sz  %util
sda             17.00    400.00    76.00  81.72   39.71    23.53   87.00    984.00    43.00  33.08   17.82    11.31    0.00      0.00     0.00   0.00    0.00     0.00   36.00   26.11    3.17  99.60


2026년 06월 29일 01시 19분 33초
avg-cpu:  %user   %nice %system %iowait  %steal   %idle
           2.91    0.00    2.03   26.46    0.00   68.61

Device            r/s     rkB/s   rrqm/s  %rrqm r_await rareq-sz     w/s     wkB/s   wrqm/s  %wrqm w_await wareq-sz     d/s     dkB/s   drqm/s  %drqm d_await dareq-sz     f/s f_await  aqu-sz  %util
sda             27.00    516.00   111.00  80.43   43.30    19.11   72.00    848.00    43.00  37.39   18.97    11.78    0.00      0.00     0.00   0.00    0.00     0.00   31.00   30.84    3.49  97.20


2026년 06월 29일 01시 19분 34초
avg-cpu:  %user   %nice %system %iowait  %steal   %idle
           1.77    0.00    1.64   22.07    0.00   74.53

Device            r/s     rkB/s   rrqm/s  %rrqm r_await rareq-sz     w/s     wkB/s   wrqm/s  %wrqm w_await wareq-sz     d/s     dkB/s   drqm/s  %drqm d_await dareq-sz     f/s f_await  aqu-sz  %util
sda             16.00    256.00    39.00  70.91   32.88    16.00   72.00    844.00    44.00  37.93   21.53    11.72    0.00      0.00     0.00   0.00    0.00     0.00   35.00   27.29    3.03  96.80


2026년 06월 29일 01시 19분 35초
avg-cpu:  %user   %nice %system %iowait  %steal   %idle
           2.16    0.00    0.89   30.96    0.00   65.99

Device            r/s     rkB/s   rrqm/s  %rrqm r_await rareq-sz     w/s     wkB/s   wrqm/s  %wrqm w_await wareq-sz     d/s     dkB/s   drqm/s  %drqm d_await dareq-sz     f/s f_await  aqu-sz  %util
sda             21.00    456.00    93.00  81.58   39.71    21.71   90.00    992.00    41.00  31.30   23.83    11.02    0.00      0.00     0.00   0.00    0.00     0.00   35.00   27.54    3.94  95.60


2026년 06월 29일 01시 19분 36초
avg-cpu:  %user   %nice %system %iowait  %steal   %idle
           1.78    0.00    1.91   26.81    0.00   69.50

Device            r/s     rkB/s   rrqm/s  %rrqm r_await rareq-sz     w/s     wkB/s   wrqm/s  %wrqm w_await wareq-sz     d/s     dkB/s   drqm/s  %drqm d_await dareq-sz     f/s f_await  aqu-sz  %util
sda             22.00    312.00    67.00  75.28   40.86    14.18   67.00    856.00    37.00  35.58   23.22    12.78    0.00      0.00     0.00   0.00    0.00     0.00   29.00   30.31    3.33  94.00


2026년 06월 29일 01시 19분 37초
avg-cpu:  %user   %nice %system %iowait  %steal   %idle
           3.17    0.00    1.65   22.81    0.00   72.37

Device            r/s     rkB/s   rrqm/s  %rrqm r_await rareq-sz     w/s     wkB/s   wrqm/s  %wrqm w_await wareq-sz     d/s     dkB/s   drqm/s  %drqm d_await dareq-sz     f/s f_await  aqu-sz  %util
sda             20.00    312.00    47.00  70.15   31.85    15.60   89.00    972.00    52.00  36.88   18.03    10.92    0.00      0.00     0.00   0.00    0.00     0.00   34.00   27.18    3.17  89.20


2026년 06월 29일 01시 19분 38초
avg-cpu:  %user   %nice %system %iowait  %steal   %idle
           1.91    0.00    1.27   23.03    0.00   73.79

Device            r/s     rkB/s   rrqm/s  %rrqm r_await rareq-sz     w/s     wkB/s   wrqm/s  %wrqm w_await wareq-sz     d/s     dkB/s   drqm/s  %drqm d_await dareq-sz     f/s f_await  aqu-sz  %util
sda             18.00    300.00    57.00  76.00   47.61    16.67   80.00    940.00    52.00  39.39   17.59    11.75    0.00      0.00     0.00   0.00    0.00     0.00   32.00   29.94    3.22  94.80


2026년 06월 29일 01시 19분 39초
avg-cpu:  %user   %nice %system %iowait  %steal   %idle
           4.45    0.00    2.54   18.17    0.00   74.84

Device            r/s     rkB/s   rrqm/s  %rrqm r_await rareq-sz     w/s     wkB/s   wrqm/s  %wrqm w_await wareq-sz     d/s     dkB/s   drqm/s  %drqm d_await dareq-sz     f/s f_await  aqu-sz  %util
sda              3.00     80.00    24.00  88.89   29.00    26.67   98.00   1112.00    81.00  45.25   17.04    11.35    0.00      0.00     0.00   0.00    0.00     0.00   45.00   21.11    2.71 100.00


2026년 06월 29일 01시 19분 40초
avg-cpu:  %user   %nice %system %iowait  %steal   %idle
           2.78    0.00    2.78   17.68    0.00   76.77

Device            r/s     rkB/s   rrqm/s  %rrqm r_await rareq-sz     w/s     wkB/s   wrqm/s  %wrqm w_await wareq-sz     d/s     dkB/s   drqm/s  %drqm d_await dareq-sz     f/s f_await  aqu-sz  %util
sda              3.00     48.00     2.00  40.00   54.00    16.00   87.00    976.00    52.00  37.41   16.15    11.22    0.00      0.00     0.00   0.00    0.00     0.00   36.00   27.11    2.54  99.20


2026년 06월 29일 01시 19분 41초
avg-cpu:  %user   %nice %system %iowait  %steal   %idle
           3.16    0.00    2.78   19.37    0.00   74.68

Device            r/s     rkB/s   rrqm/s  %rrqm r_await rareq-sz     w/s     wkB/s   wrqm/s  %wrqm w_await wareq-sz     d/s     dkB/s   drqm/s  %drqm d_await dareq-sz     f/s f_await  aqu-sz  %util
sda              6.00    140.00    29.00  82.86   28.83    23.33   93.00   1076.00    71.00  43.29   16.40    11.57    0.00      0.00     0.00   0.00    0.00     0.00   44.00   21.91    2.66  99.60


2026년 06월 29일 01시 19분 42초
avg-cpu:  %user   %nice %system %iowait  %steal   %idle
           1.89    0.00    1.52   28.79    0.00   67.80

Device            r/s     rkB/s   rrqm/s  %rrqm r_await rareq-sz     w/s     wkB/s   wrqm/s  %wrqm w_await wareq-sz     d/s     dkB/s   drqm/s  %drqm d_await dareq-sz     f/s f_await  aqu-sz  %util
sda             21.00    456.00    93.00  81.58   50.62    21.71   62.00    800.00    40.00  39.22   24.89    12.90    0.00      0.00     0.00   0.00    0.00     0.00   24.00   39.00    3.54  87.20


2026년 06월 29일 01시 19분 43초
avg-cpu:  %user   %nice %system %iowait  %steal   %idle
           4.18    0.00    2.41   16.98    0.00   76.43

Device            r/s     rkB/s   rrqm/s  %rrqm r_await rareq-sz     w/s     wkB/s   wrqm/s  %wrqm w_await wareq-sz     d/s     dkB/s   drqm/s  %drqm d_await dareq-sz     f/s f_await  aqu-sz  %util
sda              4.00     44.00     7.00  63.64   44.50    11.00   97.00   1056.00    58.00  37.42   13.68    10.89    0.00      0.00     0.00   0.00    0.00     0.00   47.00   20.38    2.46  98.40


2026년 06월 29일 01시 19분 44초
avg-cpu:  %user   %nice %system %iowait  %steal   %idle
           4.42    0.00    2.40   15.80    0.00   77.37

Device            r/s     rkB/s   rrqm/s  %rrqm r_await rareq-sz     w/s     wkB/s   wrqm/s  %wrqm w_await wareq-sz     d/s     dkB/s   drqm/s  %drqm d_await dareq-sz     f/s f_await  aqu-sz  %util
sda              2.00     32.00     6.00  75.00   38.50    16.00   88.00    796.00    61.00  40.94   14.12     9.05    0.00      0.00     0.00   0.00    0.00     0.00   40.00   24.18    2.29  91.60


2026년 06월 29일 01시 19분 45초
avg-cpu:  %user   %nice %system %iowait  %steal   %idle
           2.02    0.00    2.02   16.06    0.00   79.90

Device            r/s     rkB/s   rrqm/s  %rrqm r_await rareq-sz     w/s     wkB/s   wrqm/s  %wrqm w_await wareq-sz     d/s     dkB/s   drqm/s  %drqm d_await dareq-sz     f/s f_await  aqu-sz  %util
sda              4.00     80.00    16.00  80.00   23.00    20.00   80.00    768.00    63.00  44.06   16.65     9.60    0.00      0.00     0.00   0.00    0.00     0.00   38.00   24.82    2.37 101.20


2026년 06월 29일 01시 19분 46초
avg-cpu:  %user   %nice %system %iowait  %steal   %idle
           2.78    0.00    1.89   16.29    0.00   79.04

Device            r/s     rkB/s   rrqm/s  %rrqm r_await rareq-sz     w/s     wkB/s   wrqm/s  %wrqm w_await wareq-sz     d/s     dkB/s   drqm/s  %drqm d_await dareq-sz     f/s f_await  aqu-sz  %util
sda              3.00     36.00     6.00  66.67   41.33    12.00   79.00    736.00    53.00  40.15   17.19     9.32    0.00      0.00     0.00   0.00    0.00     0.00   35.00   27.49    2.44  95.20


2026년 06월 29일 01시 19분 47초
avg-cpu:  %user   %nice %system %iowait  %steal   %idle
           3.81    0.00    2.03   17.15    0.00   77.00

Device            r/s     rkB/s   rrqm/s  %rrqm r_await rareq-sz     w/s     wkB/s   wrqm/s  %wrqm w_await wareq-sz     d/s     dkB/s   drqm/s  %drqm d_await dareq-sz     f/s f_await  aqu-sz  %util
sda              3.00     52.00    10.00  76.92   47.67    17.33   77.00    732.00    52.00  40.31   18.17     9.51    0.00      0.00     0.00   0.00    0.00     0.00   35.00   27.51    2.51 100.40


2026년 06월 29일 01시 19분 48초
avg-cpu:  %user   %nice %system %iowait  %steal   %idle
           3.68    0.00    2.15   16.22    0.00   77.95

Device            r/s     rkB/s   rrqm/s  %rrqm r_await rareq-sz     w/s     wkB/s   wrqm/s  %wrqm w_await wareq-sz     d/s     dkB/s   drqm/s  %drqm d_await dareq-sz     f/s f_await  aqu-sz  %util
sda              4.00     40.00    10.00  71.43   37.50    10.00   88.00    792.00    58.00  39.73   14.43     9.00    0.00      0.00     0.00   0.00    0.00     0.00   41.00   23.05    2.37 101.20


2026년 06월 29일 01시 19분 49초
avg-cpu:  %user   %nice %system %iowait  %steal   %idle
           4.44    0.00    2.92   16.98    0.00   75.67

Device            r/s     rkB/s   rrqm/s  %rrqm r_await rareq-sz     w/s     wkB/s   wrqm/s  %wrqm w_await wareq-sz     d/s     dkB/s   drqm/s  %drqm d_await dareq-sz     f/s f_await  aqu-sz  %util
sda              6.00     76.00     9.00  60.00   39.17    12.67   80.00    756.00    59.00  42.45   16.76     9.45    0.00      0.00     0.00   0.00    0.00     0.00   38.00   25.21    2.53  98.00


2026년 06월 29일 01시 19분 50초
avg-cpu:  %user   %nice %system %iowait  %steal   %idle
           3.77    0.00    3.14   15.08    0.00   78.02

Device            r/s     rkB/s   rrqm/s  %rrqm r_await rareq-sz     w/s     wkB/s   wrqm/s  %wrqm w_await wareq-sz     d/s     dkB/s   drqm/s  %drqm d_await dareq-sz     f/s f_await  aqu-sz  %util
sda              1.00      8.00     1.00  50.00   19.00     8.00   94.00    800.00    59.00  38.56   14.06     8.51    0.00      0.00     0.00   0.00    0.00     0.00   43.00   22.21    2.30  96.80


2026년 06월 29일 01시 19분 51초
avg-cpu:  %user   %nice %system %iowait  %steal   %idle
           4.70    0.00    2.66   15.86    0.00   76.78

Device            r/s     rkB/s   rrqm/s  %rrqm r_await rareq-sz     w/s     wkB/s   wrqm/s  %wrqm w_await wareq-sz     d/s     dkB/s   drqm/s  %drqm d_await dareq-sz     f/s f_await  aqu-sz  %util
sda              3.00     52.00    10.00  76.92   24.33    17.33   90.00    856.00    69.00  43.40   15.07     9.51    0.00      0.00     0.00   0.00    0.00     0.00   43.00   22.28    2.39  98.40


2026년 06월 29일 01시 19분 52초
avg-cpu:  %user   %nice %system %iowait  %steal   %idle
           2.79    0.00    1.65   19.29    0.00   76.27

Device            r/s     rkB/s   rrqm/s  %rrqm r_await rareq-sz     w/s     wkB/s   wrqm/s  %wrqm w_await wareq-sz     d/s     dkB/s   drqm/s  %drqm d_await dareq-sz     f/s f_await  aqu-sz  %util
sda              4.00     52.00     9.00  69.23   48.00    13.00   97.00    752.00    44.00  31.21   12.97     7.75    0.00      0.00     0.00   0.00    0.00     0.00   34.00   23.09    2.24  77.60


2026년 06월 29일 01시 19분 53초
avg-cpu:  %user   %nice %system %iowait  %steal   %idle
           4.53    0.00    2.14   16.88    0.00   76.45

Device            r/s     rkB/s   rrqm/s  %rrqm r_await rareq-sz     w/s     wkB/s   wrqm/s  %wrqm w_await wareq-sz     d/s     dkB/s   drqm/s  %drqm d_await dareq-sz     f/s f_await  aqu-sz  %util
sda              3.00     48.00     9.00  75.00   29.33    16.00   84.00    756.00    50.00  37.31   20.13     9.00    0.00      0.00     0.00   0.00    0.00     0.00   39.00   27.62    2.86 110.40


2026년 06월 29일 01시 19분 54초
avg-cpu:  %user   %nice %system %iowait  %steal   %idle
           3.40    0.00    2.52   17.63    0.00   76.45

Device            r/s     rkB/s   rrqm/s  %rrqm r_await rareq-sz     w/s     wkB/s   wrqm/s  %wrqm w_await wareq-sz     d/s     dkB/s   drqm/s  %drqm d_await dareq-sz     f/s f_await  aqu-sz  %util
sda              0.00      0.00     0.00   0.00    0.00     0.00   89.00    832.00    67.00  42.95   17.34     9.35    0.00      0.00     0.00   0.00    0.00     0.00   44.00   23.36    2.57 105.60


2026년 06월 29일 01시 19분 55초
avg-cpu:  %user   %nice %system %iowait  %steal   %idle
           4.29    0.00    2.90   16.67    0.00   76.14

Device            r/s     rkB/s   rrqm/s  %rrqm r_await rareq-sz     w/s     wkB/s   wrqm/s  %wrqm w_await wareq-sz     d/s     dkB/s   drqm/s  %drqm d_await dareq-sz     f/s f_await  aqu-sz  %util
sda              1.00     16.00     3.00  75.00   40.00    16.00   88.00    828.00    68.00  43.59   15.95     9.41    0.00      0.00     0.00   0.00    0.00     0.00   42.00   22.83    2.40  98.00


2026년 06월 29일 01시 19분 56초
avg-cpu:  %user   %nice %system %iowait  %steal   %idle
           2.54    0.00    1.53   18.70    0.00   77.23

Device            r/s     rkB/s   rrqm/s  %rrqm r_await rareq-sz     w/s     wkB/s   wrqm/s  %wrqm w_await wareq-sz     d/s     dkB/s   drqm/s  %drqm d_await dareq-sz     f/s f_await  aqu-sz  %util
sda              0.00      0.00     0.00   0.00    0.00     0.00   80.00    748.00    61.00  43.26   19.46     9.35    0.00      0.00     0.00   0.00    0.00     0.00   35.00   27.71    2.53  96.80


2026년 06월 29일 01시 19분 57초
avg-cpu:  %user   %nice %system %iowait  %steal   %idle
           3.16    0.00    2.02   16.04    0.00   78.79

Device            r/s     rkB/s   rrqm/s  %rrqm r_await rareq-sz     w/s     wkB/s   wrqm/s  %wrqm w_await wareq-sz     d/s     dkB/s   drqm/s  %drqm d_await dareq-sz     f/s f_await  aqu-sz  %util
sda              1.00     16.00    10.00  90.91   46.00    16.00   83.00    796.00    69.00  45.39   16.14     9.59    0.00      0.00     0.00   0.00    0.00     0.00   40.00   23.88    2.34  95.20


2026년 06월 29일 01시 19분 58초
avg-cpu:  %user   %nice %system %iowait  %steal   %idle
           3.30    0.00    2.29   17.79    0.00   76.62

Device            r/s     rkB/s   rrqm/s  %rrqm r_await rareq-sz     w/s     wkB/s   wrqm/s  %wrqm w_await wareq-sz     d/s     dkB/s   drqm/s  %drqm d_await dareq-sz     f/s f_await  aqu-sz  %util
sda              5.00    104.00    14.00  73.68   27.80    20.80   94.00    868.00    76.00  44.71   15.81     9.23    0.00      0.00     0.00   0.00    0.00     0.00   50.00   19.96    2.62 102.40


2026년 06월 29일 01시 19분 59초
avg-cpu:  %user   %nice %system %iowait  %steal   %idle
           7.20    0.00    3.41   14.77    0.00   74.62

Device            r/s     rkB/s   rrqm/s  %rrqm r_await rareq-sz     w/s     wkB/s   wrqm/s  %wrqm w_await wareq-sz     d/s     dkB/s   drqm/s  %drqm d_await dareq-sz     f/s f_await  aqu-sz  %util
sda              0.00      0.00     0.00   0.00    0.00     0.00   90.00    868.00    73.00  44.79   14.30     9.64    0.00      0.00     0.00   0.00    0.00     0.00   45.00   20.84    2.23  92.40


2026년 06월 29일 01시 20분 00초
avg-cpu:  %user   %nice %system %iowait  %steal   %idle
           3.43    0.00    2.03   15.74    0.00   78.81

Device            r/s     rkB/s   rrqm/s  %rrqm r_await rareq-sz     w/s     wkB/s   wrqm/s  %wrqm w_await wareq-sz     d/s     dkB/s   drqm/s  %drqm d_await dareq-sz     f/s f_await  aqu-sz  %util
sda              2.00     16.00     2.00  50.00   23.00     8.00   73.00    660.00    42.00  36.52   18.45     9.04    0.00      0.00     0.00   0.00    0.00     0.00   35.00   28.11    2.38  97.60


2026년 06월 29일 01시 20분 01초
avg-cpu:  %user   %nice %system %iowait  %steal   %idle
           4.05    0.00    2.53   16.06    0.00   77.37

Device            r/s     rkB/s   rrqm/s  %rrqm r_await rareq-sz     w/s     wkB/s   wrqm/s  %wrqm w_await wareq-sz     d/s     dkB/s   drqm/s  %drqm d_await dareq-sz     f/s f_await  aqu-sz  %util
sda              0.00      0.00     0.00   0.00    0.00     0.00   84.00    800.00    65.00  43.62   16.63     9.52    0.00      0.00     0.00   0.00    0.00     0.00   40.00   24.00    2.36  98.40


2026년 06월 29일 01시 20분 02초
avg-cpu:  %user   %nice %system %iowait  %steal   %idle
           4.05    0.00    1.90   23.01    0.00   71.05

Device            r/s     rkB/s   rrqm/s  %rrqm r_await rareq-sz     w/s     wkB/s   wrqm/s  %wrqm w_await wareq-sz     d/s     dkB/s   drqm/s  %drqm d_await dareq-sz     f/s f_await  aqu-sz  %util
sda             15.00    204.00    36.00  70.59   48.00    13.60   67.00    652.00    43.00  39.09   24.13     9.73    0.00      0.00     0.00   0.00    0.00     0.00   29.00   30.90    3.23  99.20


2026년 06월 29일 01시 20분 03초
avg-cpu:  %user   %nice %system %iowait  %steal   %idle
           4.68    0.00    2.78   15.57    0.00   76.96

Device            r/s     rkB/s   rrqm/s  %rrqm r_await rareq-sz     w/s     wkB/s   wrqm/s  %wrqm w_await wareq-sz     d/s     dkB/s   drqm/s  %drqm d_await dareq-sz     f/s f_await  aqu-sz  %util
sda              1.00     16.00     3.00  75.00   21.00    16.00   94.00    820.00    58.00  38.16   14.69     8.72    0.00      0.00     0.00   0.00    0.00     0.00   46.00   21.37    2.38  97.60


2026년 06월 29일 01시 20분 04초
avg-cpu:  %user   %nice %system %iowait  %steal   %idle
           3.18    0.00    1.78   15.63    0.00   79.42

Device            r/s     rkB/s   rrqm/s  %rrqm r_await rareq-sz     w/s     wkB/s   wrqm/s  %wrqm w_await wareq-sz     d/s     dkB/s   drqm/s  %drqm d_await dareq-sz     f/s f_await  aqu-sz  %util
sda              0.00      0.00     0.00   0.00    0.00     0.00   91.00    792.00    52.00  36.36   14.81     8.70    0.00      0.00     0.00   0.00    0.00     0.00   46.00   21.50    2.34 102.00


2026년 06월 29일 01시 20분 05초
avg-cpu:  %user   %nice %system %iowait  %steal   %idle
           3.56    0.00    1.65   16.39    0.00   78.40

Device            r/s     rkB/s   rrqm/s  %rrqm r_await rareq-sz     w/s     wkB/s   wrqm/s  %wrqm w_await wareq-sz     d/s     dkB/s   drqm/s  %drqm d_await dareq-sz     f/s f_await  aqu-sz  %util
sda              0.00      0.00     0.00   0.00    0.00     0.00   85.00    780.00    57.00  40.14   15.46     9.18    0.00      0.00     0.00   0.00    0.00     0.00   38.00   24.47    2.24  94.80


2026년 06월 29일 01시 20분 06초
avg-cpu:  %user   %nice %system %iowait  %steal   %idle
           2.65    0.00    1.77   18.06    0.00   77.53

Device            r/s     rkB/s   rrqm/s  %rrqm r_await rareq-sz     w/s     wkB/s   wrqm/s  %wrqm w_await wareq-sz     d/s     dkB/s   drqm/s  %drqm d_await dareq-sz     f/s f_await  aqu-sz  %util
sda              0.00      0.00     0.00   0.00    0.00     0.00   90.00    740.00    46.00  33.82   22.79     8.22    0.00      0.00     0.00   0.00    0.00     0.00   34.00   29.59    3.06  96.80


2026년 06월 29일 01시 20분 07초
avg-cpu:  %user   %nice %system %iowait  %steal   %idle
           4.85    0.00    2.30   16.48    0.00   76.37

Device            r/s     rkB/s   rrqm/s  %rrqm r_await rareq-sz     w/s     wkB/s   wrqm/s  %wrqm w_await wareq-sz     d/s     dkB/s   drqm/s  %drqm d_await dareq-sz     f/s f_await  aqu-sz  %util
sda              2.00     20.00     3.00  60.00   63.50    10.00   88.00    820.00    63.00  41.72   16.07     9.32    0.00      0.00     0.00   0.00    0.00     0.00   41.00   22.90    2.48  98.00


2026년 06월 29일 01시 20분 08초
avg-cpu:  %user   %nice %system %iowait  %steal   %idle
           3.06    0.00    2.55   14.29    0.00   80.10

Device            r/s     rkB/s   rrqm/s  %rrqm r_await rareq-sz     w/s     wkB/s   wrqm/s  %wrqm w_await wareq-sz     d/s     dkB/s   drqm/s  %drqm d_await dareq-sz     f/s f_await  aqu-sz  %util
sda              0.00      0.00     0.00   0.00    0.00     0.00   80.00    744.00    53.00  39.85   15.65     9.30    0.00      0.00     0.00   0.00    0.00     0.00   35.00   27.09    2.20  90.80


2026년 06월 29일 01시 20분 09초
avg-cpu:  %user   %nice %system %iowait  %steal   %idle
           7.99    0.00    2.41   15.86    0.00   73.73

Device            r/s     rkB/s   rrqm/s  %rrqm r_await rareq-sz     w/s     wkB/s   wrqm/s  %wrqm w_await wareq-sz     d/s     dkB/s   drqm/s  %drqm d_await dareq-sz     f/s f_await  aqu-sz  %util
sda              1.00      4.00     0.00   0.00   22.00     4.00   75.00    788.00    70.00  48.28   18.59    10.51    0.00      0.00     0.00   0.00    0.00     0.00   33.00   29.42    2.39  90.80


2026년 06월 29일 01시 20분 10초
avg-cpu:  %user   %nice %system %iowait  %steal   %idle
           3.27    0.00    2.64   13.73    0.00   80.35

Device            r/s     rkB/s   rrqm/s  %rrqm r_await rareq-sz     w/s     wkB/s   wrqm/s  %wrqm w_await wareq-sz     d/s     dkB/s   drqm/s  %drqm d_await dareq-sz     f/s f_await  aqu-sz  %util
sda              0.00      0.00     0.00   0.00    0.00     0.00   80.00    740.00    54.00  40.30   15.90     9.25    0.00      0.00     0.00   0.00    0.00     0.00   42.00   22.81    2.23  96.80


2026년 06월 29일 01시 20분 11초
avg-cpu:  %user   %nice %system %iowait  %steal   %idle
           3.93    0.00    2.03   15.34    0.00   78.71

Device            r/s     rkB/s   rrqm/s  %rrqm r_await rareq-sz     w/s     wkB/s   wrqm/s  %wrqm w_await wareq-sz     d/s     dkB/s   drqm/s  %drqm d_await dareq-sz     f/s f_await  aqu-sz  %util
sda              0.00      0.00     0.00   0.00    0.00     0.00   83.00    820.00    78.00  48.45   15.66     9.88    0.00      0.00     0.00   0.00    0.00     0.00   40.00   24.40    2.28 100.00


2026년 06월 29일 01시 20분 12초
avg-cpu:  %user   %nice %system %iowait  %steal   %idle
           3.91    0.00    2.65   15.53    0.00   77.90

Device            r/s     rkB/s   rrqm/s  %rrqm r_await rareq-sz     w/s     wkB/s   wrqm/s  %wrqm w_await wareq-sz     d/s     dkB/s   drqm/s  %drqm d_await dareq-sz     f/s f_await  aqu-sz  %util
sda              0.00      0.00     0.00   0.00    0.00     0.00   86.00    816.00    65.00  43.05   15.28     9.49    0.00      0.00     0.00   0.00    0.00     0.00   43.00   22.35    2.27  95.20


2026년 06월 29일 01시 20분 13초
avg-cpu:  %user   %nice %system %iowait  %steal   %idle
           2.65    0.00    2.15   17.55    0.00   77.65

Device            r/s     rkB/s   rrqm/s  %rrqm r_await rareq-sz     w/s     wkB/s   wrqm/s  %wrqm w_await wareq-sz     d/s     dkB/s   drqm/s  %drqm d_await dareq-sz     f/s f_await  aqu-sz  %util
sda              0.00      0.00     4.00 100.00    0.00     0.00   81.00    716.00    50.00  38.17   17.80     8.84    0.00      0.00     0.00   0.00    0.00     0.00   37.00   26.62    2.43  99.60


2026년 06월 29일 01시 20분 14초
avg-cpu:  %user   %nice %system %iowait  %steal   %idle
           4.57    0.00    2.54   15.76    0.00   77.13

Device            r/s     rkB/s   rrqm/s  %rrqm r_await rareq-sz     w/s     wkB/s   wrqm/s  %wrqm w_await wareq-sz     d/s     dkB/s   drqm/s  %drqm d_await dareq-sz     f/s f_await  aqu-sz  %util
sda              2.00     24.00     0.00   0.00   20.50    12.00   84.00    780.00    58.00  40.85   16.42     9.29    0.00      0.00     0.00   0.00    0.00     0.00   38.00   25.53    2.39  98.80


2026년 06월 29일 01시 20분 15초
avg-cpu:  %user   %nice %system %iowait  %steal   %idle
           4.04    0.00    2.27   15.91    0.00   77.78

Device            r/s     rkB/s   rrqm/s  %rrqm r_await rareq-sz     w/s     wkB/s   wrqm/s  %wrqm w_await wareq-sz     d/s     dkB/s   drqm/s  %drqm d_await dareq-sz     f/s f_await  aqu-sz  %util
sda              0.00      0.00     0.00   0.00    0.00     0.00   82.00    780.00    59.00  41.84   16.34     9.51    0.00      0.00     0.00   0.00    0.00     0.00   40.00   24.20    2.31  96.80


2026년 06월 29일 01시 20분 16초
avg-cpu:  %user   %nice %system %iowait  %steal   %idle
           3.31    0.00    1.65   14.38    0.00   80.66

Device            r/s     rkB/s   rrqm/s  %rrqm r_await rareq-sz     w/s     wkB/s   wrqm/s  %wrqm w_await wareq-sz     d/s     dkB/s   drqm/s  %drqm d_await dareq-sz     f/s f_await  aqu-sz  %util
sda              0.00      0.00     0.00   0.00    0.00     0.00   96.00    860.00    72.00  42.86   12.80     8.96    0.00      0.00     0.00   0.00    0.00     0.00   48.00   20.12    2.19  97.60


2026년 06월 29일 01시 20분 17초
avg-cpu:  %user   %nice %system %iowait  %steal   %idle
           4.05    0.00    2.03   17.85    0.00   76.08

Device            r/s     rkB/s   rrqm/s  %rrqm r_await rareq-sz     w/s     wkB/s   wrqm/s  %wrqm w_await wareq-sz     d/s     dkB/s   drqm/s  %drqm d_await dareq-sz     f/s f_await  aqu-sz  %util
sda              0.00      0.00     0.00   0.00    0.00     0.00   81.00    824.00    74.00  47.74   19.70    10.17    0.00      0.00     0.00   0.00    0.00     0.00   34.00   27.47    2.53  90.80


2026년 06월 29일 01시 20분 18초
avg-cpu:  %user   %nice %system %iowait  %steal   %idle
           3.68    0.00    2.03   14.72    0.00   79.57

Device            r/s     rkB/s   rrqm/s  %rrqm r_await rareq-sz     w/s     wkB/s   wrqm/s  %wrqm w_await wareq-sz     d/s     dkB/s   drqm/s  %drqm d_await dareq-sz     f/s f_await  aqu-sz  %util
sda              0.00      0.00     0.00   0.00    0.00     0.00   93.00    812.00    65.00  41.14   13.65     8.73    0.00      0.00     0.00   0.00    0.00     0.00   46.00   21.59    2.26 100.80


2026년 06월 29일 01시 20분 19초
avg-cpu:  %user   %nice %system %iowait  %steal   %idle
           5.07    0.00    3.04   15.21    0.00   76.68

Device            r/s     rkB/s   rrqm/s  %rrqm r_await rareq-sz     w/s     wkB/s   wrqm/s  %wrqm w_await wareq-sz     d/s     dkB/s   drqm/s  %drqm d_await dareq-sz     f/s f_await  aqu-sz  %util
sda              0.00      0.00     0.00   0.00    0.00     0.00   88.00    796.00    60.00  40.54   16.33     9.05    0.00      0.00     0.00   0.00    0.00     0.00   43.00   22.74    2.42 100.00


2026년 06월 29일 01시 20분 20초
avg-cpu:  %user   %nice %system %iowait  %steal   %idle
           2.28    0.00    1.40   15.61    0.00   80.71

Device            r/s     rkB/s   rrqm/s  %rrqm r_await rareq-sz     w/s     wkB/s   wrqm/s  %wrqm w_await wareq-sz     d/s     dkB/s   drqm/s  %drqm d_await dareq-sz     f/s f_await  aqu-sz  %util
sda              0.00      0.00     0.00   0.00    0.00     0.00   80.00    740.00    56.00  41.18   17.01     9.25    0.00      0.00     0.00   0.00    0.00     0.00   38.00   25.61    2.33 100.00


2026년 06월 29일 01시 20분 21초
avg-cpu:  %user   %nice %system %iowait  %steal   %idle
           5.84    0.00    2.79   14.85    0.00   76.52

Device            r/s     rkB/s   rrqm/s  %rrqm r_await rareq-sz     w/s     wkB/s   wrqm/s  %wrqm w_await wareq-sz     d/s     dkB/s   drqm/s  %drqm d_await dareq-sz     f/s f_await  aqu-sz  %util
sda              0.00      0.00     0.00   0.00    0.00     0.00   87.00    848.00    71.00  44.94   14.39     9.75    0.00      0.00     0.00   0.00    0.00     0.00   41.00   22.68    2.18  96.40


2026년 06월 29일 01시 20분 22초
avg-cpu:  %user   %nice %system %iowait  %steal   %idle
           2.04    0.00    1.27   15.80    0.00   80.89

Device            r/s     rkB/s   rrqm/s  %rrqm r_await rareq-sz     w/s     wkB/s   wrqm/s  %wrqm w_await wareq-sz     d/s     dkB/s   drqm/s  %drqm d_await dareq-sz     f/s f_await  aqu-sz  %util
sda              0.00      0.00     0.00   0.00    0.00     0.00   75.00    712.00    53.00  41.41   17.85     9.49    0.00      0.00     0.00   0.00    0.00     0.00   35.00   28.66    2.34 102.00


2026년 06월 29일 01시 20분 23초
avg-cpu:  %user   %nice %system %iowait  %steal   %idle
           3.66    0.00    2.27   17.80    0.00   76.26

Device            r/s     rkB/s   rrqm/s  %rrqm r_await rareq-sz     w/s     wkB/s   wrqm/s  %wrqm w_await wareq-sz     d/s     dkB/s   drqm/s  %drqm d_await dareq-sz     f/s f_await  aqu-sz  %util
sda              0.00      0.00     0.00   0.00    0.00     0.00  104.00    844.00    55.00  34.59   12.76     8.12    0.00      0.00     0.00   0.00    0.00     0.00   38.00   19.84    2.08  72.00


2026년 06월 29일 01시 20분 24초
avg-cpu:  %user   %nice %system %iowait  %steal   %idle
           3.04    0.00    2.15   18.38    0.00   76.43

Device            r/s     rkB/s   rrqm/s  %rrqm r_await rareq-sz     w/s     wkB/s   wrqm/s  %wrqm w_await wareq-sz     d/s     dkB/s   drqm/s  %drqm d_await dareq-sz     f/s f_await  aqu-sz  %util
sda              0.00      0.00     0.00   0.00    0.00     0.00   86.00    728.00    47.00  35.34   20.62     8.47    0.00      0.00     0.00   0.00    0.00     0.00   44.00   26.48    2.94 118.40


2026년 06월 29일 01시 20분 25초
avg-cpu:  %user   %nice %system %iowait  %steal   %idle
           2.79    0.00    1.78   14.34    0.00   81.09

Device            r/s     rkB/s   rrqm/s  %rrqm r_await rareq-sz     w/s     wkB/s   wrqm/s  %wrqm w_await wareq-sz     d/s     dkB/s   drqm/s  %drqm d_await dareq-sz     f/s f_await  aqu-sz  %util
sda              0.00      0.00     0.00   0.00    0.00     0.00   75.00    724.00    54.00  41.86   16.40     9.65    0.00      0.00     0.00   0.00    0.00     0.00   34.00   28.88    2.21 100.80


2026년 06월 29일 01시 20분 26초
avg-cpu:  %user   %nice %system %iowait  %steal   %idle
           4.06    0.00    2.03   14.58    0.00   79.34

Device            r/s     rkB/s   rrqm/s  %rrqm r_await rareq-sz     w/s     wkB/s   wrqm/s  %wrqm w_await wareq-sz     d/s     dkB/s   drqm/s  %drqm d_await dareq-sz     f/s f_await  aqu-sz  %util
sda              0.00      0.00     0.00   0.00    0.00     0.00   89.00    828.00    66.00  42.58   13.92     9.30    0.00      0.00     0.00   0.00    0.00     0.00   41.00   23.44    2.20  97.60


2026년 06월 29일 01시 20분 27초
avg-cpu:  %user   %nice %system %iowait  %steal   %idle
           4.56    0.00    2.28   15.21    0.00   77.95

Device            r/s     rkB/s   rrqm/s  %rrqm r_await rareq-sz     w/s     wkB/s   wrqm/s  %wrqm w_await wareq-sz     d/s     dkB/s   drqm/s  %drqm d_await dareq-sz     f/s f_await  aqu-sz  %util
sda              0.00      0.00     0.00   0.00    0.00     0.00   83.00    764.00    52.00  38.52   16.41     9.20    0.00      0.00     0.00   0.00    0.00     0.00   41.00   23.66    2.33  92.80


2026년 06월 29일 01시 20분 28초
avg-cpu:  %user   %nice %system %iowait  %steal   %idle
           2.41    0.00    1.40   14.74    0.00   81.45

Device            r/s     rkB/s   rrqm/s  %rrqm r_await rareq-sz     w/s     wkB/s   wrqm/s  %wrqm w_await wareq-sz     d/s     dkB/s   drqm/s  %drqm d_await dareq-sz     f/s f_await  aqu-sz  %util
sda              0.00      0.00     0.00   0.00    0.00     0.00   83.00    736.00    51.00  38.06   14.88     8.87    0.00      0.00     0.00   0.00    0.00     0.00   39.00   24.72    2.20  97.20


2026년 06월 29일 01시 20분 29초
avg-cpu:  %user   %nice %system %iowait  %steal   %idle
           5.35    0.00    3.06   16.05    0.00   75.54

Device            r/s     rkB/s   rrqm/s  %rrqm r_await rareq-sz     w/s     wkB/s   wrqm/s  %wrqm w_await wareq-sz     d/s     dkB/s   drqm/s  %drqm d_await dareq-sz     f/s f_await  aqu-sz  %util
sda              0.00      0.00     0.00   0.00    0.00     0.00   85.00    808.00    62.00  42.18   15.38     9.51    0.00      0.00     0.00   0.00    0.00     0.00   43.00   22.58    2.28  88.80


2026년 06월 29일 01시 20분 30초
avg-cpu:  %user   %nice %system %iowait  %steal   %idle
           4.94    0.00    2.53   16.35    0.00   76.17

Device            r/s     rkB/s   rrqm/s  %rrqm r_await rareq-sz     w/s     wkB/s   wrqm/s  %wrqm w_await wareq-sz     d/s     dkB/s   drqm/s  %drqm d_await dareq-sz     f/s f_await  aqu-sz  %util
sda              1.00     32.00     7.00  87.50  112.00    32.00   79.00    780.00    60.00  43.17   16.89     9.87    0.00      0.00     0.00   0.00    0.00     0.00   35.00   27.49    2.41 104.80


2026년 06월 29일 01시 20분 31초
avg-cpu:  %user   %nice %system %iowait  %steal   %idle
           5.06    0.00    2.78   13.92    0.00   78.23

Device            r/s     rkB/s   rrqm/s  %rrqm r_await rareq-sz     w/s     wkB/s   wrqm/s  %wrqm w_await wareq-sz     d/s     dkB/s   drqm/s  %drqm d_await dareq-sz     f/s f_await  aqu-sz  %util
sda              0.00      0.00     0.00   0.00    0.00     0.00   94.00    848.00    65.00  40.88   13.52     9.02    0.00      0.00     0.00   0.00    0.00     0.00   43.00   22.09    2.22 100.00


2026년 06월 29일 01시 20분 32초
avg-cpu:  %user   %nice %system %iowait  %steal   %idle
           3.64    0.00    2.51   15.18    0.00   78.67

Device            r/s     rkB/s   rrqm/s  %rrqm r_await rareq-sz     w/s     wkB/s   wrqm/s  %wrqm w_await wareq-sz     d/s     dkB/s   drqm/s  %drqm d_await dareq-sz     f/s f_await  aqu-sz  %util
sda              0.00      0.00     0.00   0.00    0.00     0.00   82.00   1804.00    61.00  42.66   15.93    22.00    0.00      0.00     0.00   0.00    0.00     0.00   38.00   25.18    2.26  94.40


2026년 06월 29일 01시 20분 33초
avg-cpu:  %user   %nice %system %iowait  %steal   %idle
           3.66    0.00    1.77   16.77    0.00   77.81

Device            r/s     rkB/s   rrqm/s  %rrqm r_await rareq-sz     w/s     wkB/s   wrqm/s  %wrqm w_await wareq-sz     d/s     dkB/s   drqm/s  %drqm d_await dareq-sz     f/s f_await  aqu-sz  %util
sda              1.00     16.00     3.00  75.00   31.00    16.00   85.00    764.00    60.00  41.38   15.21     8.99    0.00      0.00     0.00   0.00    0.00     0.00   42.00   23.64    2.32  98.00


2026년 06월 29일 01시 20분 34초
avg-cpu:  %user   %nice %system %iowait  %steal   %idle
           4.31    0.00    2.53   16.35    0.00   76.81

Device            r/s     rkB/s   rrqm/s  %rrqm r_await rareq-sz     w/s     wkB/s   wrqm/s  %wrqm w_await wareq-sz     d/s     dkB/s   drqm/s  %drqm d_await dareq-sz     f/s f_await  aqu-sz  %util
sda              0.00      0.00     0.00   0.00    0.00     0.00   88.00    820.00    70.00  44.30   15.43     9.32    0.00      0.00     0.00   0.00    0.00     0.00   42.00   23.21    2.33 101.20


2026년 06월 29일 01시 20분 35초
avg-cpu:  %user   %nice %system %iowait  %steal   %idle
           3.44    0.00    1.79   14.54    0.00   80.23

Device            r/s     rkB/s   rrqm/s  %rrqm r_await rareq-sz     w/s     wkB/s   wrqm/s  %wrqm w_await wareq-sz     d/s     dkB/s   drqm/s  %drqm d_await dareq-sz     f/s f_await  aqu-sz  %util
sda              0.00      0.00     0.00   0.00    0.00     0.00   82.00    744.00    48.00  36.92   15.62     9.07    0.00      0.00     0.00   0.00    0.00     0.00   40.00   23.98    2.24  96.80


2026년 06월 29일 01시 20분 36초
avg-cpu:  %user   %nice %system %iowait  %steal   %idle
           4.31    0.00    2.54   15.61    0.00   77.54

Device            r/s     rkB/s   rrqm/s  %rrqm r_await rareq-sz     w/s     wkB/s   wrqm/s  %wrqm w_await wareq-sz     d/s     dkB/s   drqm/s  %drqm d_await dareq-sz     f/s f_await  aqu-sz  %util
sda              0.00      0.00     0.00   0.00    0.00     0.00   98.00    852.00    59.00  37.58   13.90     8.69    0.00      0.00     0.00   0.00    0.00     0.00   47.00   20.53    2.33 102.40


2026년 06월 29일 01시 20분 37초
avg-cpu:  %user   %nice %system %iowait  %steal   %idle
           3.32    0.00    1.28   16.62    0.00   78.77

Device            r/s     rkB/s   rrqm/s  %rrqm r_await rareq-sz     w/s     wkB/s   wrqm/s  %wrqm w_await wareq-sz     d/s     dkB/s   drqm/s  %drqm d_await dareq-sz     f/s f_await  aqu-sz  %util
sda              0.00      0.00     0.00   0.00    0.00     0.00   82.00    736.00    52.00  38.81   16.84     8.98    0.00      0.00     0.00   0.00    0.00     0.00   43.00   22.42    2.35  92.80


2026년 06월 29일 01시 20분 38초
avg-cpu:  %user   %nice %system %iowait  %steal   %idle
           3.93    0.00    2.66   18.15    0.00   75.25

Device            r/s     rkB/s   rrqm/s  %rrqm r_await rareq-sz     w/s     wkB/s   wrqm/s  %wrqm w_await wareq-sz     d/s     dkB/s   drqm/s  %drqm d_await dareq-sz     f/s f_await  aqu-sz  %util
sda              0.00      0.00     0.00   0.00    0.00     0.00   91.00    804.00    64.00  41.29   17.47     8.84    0.00      0.00     0.00   0.00    0.00     0.00   44.00   20.86    2.51  98.80


2026년 06월 29일 01시 20분 39초
avg-cpu:  %user   %nice %system %iowait  %steal   %idle
           5.70    0.00    3.29   15.70    0.00   75.32

Device            r/s     rkB/s   rrqm/s  %rrqm r_await rareq-sz     w/s     wkB/s   wrqm/s  %wrqm w_await wareq-sz     d/s     dkB/s   drqm/s  %drqm d_await dareq-sz     f/s f_await  aqu-sz  %util
sda              0.00      0.00     0.00   0.00    0.00     0.00   85.00    852.00    77.00  47.53   17.06    10.02    0.00      0.00     0.00   0.00    0.00     0.00   43.00   23.44    2.46 104.00


2026년 06월 29일 01시 20분 40초
avg-cpu:  %user   %nice %system %iowait  %steal   %idle
           3.05    0.00    2.80   14.49    0.00   79.67

Device            r/s     rkB/s   rrqm/s  %rrqm r_await rareq-sz     w/s     wkB/s   wrqm/s  %wrqm w_await wareq-sz     d/s     dkB/s   drqm/s  %drqm d_await dareq-sz     f/s f_await  aqu-sz  %util
sda              0.00      0.00     0.00   0.00    0.00     0.00   93.00    840.00    71.00  43.29   13.73     9.03    0.00      0.00     0.00   0.00    0.00     0.00   51.00   18.94    2.24  97.60


2026년 06월 29일 01시 20분 41초
avg-cpu:  %user   %nice %system %iowait  %steal   %idle
           4.29    0.00    3.28   15.13    0.00   77.30

Device            r/s     rkB/s   rrqm/s  %rrqm r_await rareq-sz     w/s     wkB/s   wrqm/s  %wrqm w_await wareq-sz     d/s     dkB/s   drqm/s  %drqm d_await dareq-sz     f/s f_await  aqu-sz  %util
sda              0.00      0.00     0.00   0.00    0.00     0.00   91.00    864.00    80.00  46.78   14.35     9.49    0.00      0.00     0.00   0.00    0.00     0.00   44.00   22.18    2.28  99.20


2026년 06월 29일 01시 20분 42초
avg-cpu:  %user   %nice %system %iowait  %steal   %idle
           3.81    0.00    1.52   14.72    0.00   79.95

Device            r/s     rkB/s   rrqm/s  %rrqm r_await rareq-sz     w/s     wkB/s   wrqm/s  %wrqm w_await wareq-sz     d/s     dkB/s   drqm/s  %drqm d_await dareq-sz     f/s f_await  aqu-sz  %util
sda              0.00      0.00     0.00   0.00    0.00     0.00   89.00    788.00    54.00  37.76   14.06     8.85    0.00      0.00     0.00   0.00    0.00     0.00   42.00   23.00    2.22  95.60


2026년 06월 29일 01시 20분 43초
avg-cpu:  %user   %nice %system %iowait  %steal   %idle
           2.41    0.00    2.03   15.86    0.00   79.70

Device            r/s     rkB/s   rrqm/s  %rrqm r_await rareq-sz     w/s     wkB/s   wrqm/s  %wrqm w_await wareq-sz     d/s     dkB/s   drqm/s  %drqm d_await dareq-sz     f/s f_await  aqu-sz  %util
sda              1.00     16.00     3.00  75.00   31.00    16.00   82.00    708.00    44.00  34.92   15.87     8.63    0.00      0.00     0.00   0.00    0.00     0.00   40.00   24.32    2.31  96.40


2026년 06월 29일 01시 20분 44초
avg-cpu:  %user   %nice %system %iowait  %steal   %idle
           3.30    0.00    2.03   18.12    0.00   76.55

Device            r/s     rkB/s   rrqm/s  %rrqm r_await rareq-sz     w/s     wkB/s   wrqm/s  %wrqm w_await wareq-sz     d/s     dkB/s   drqm/s  %drqm d_await dareq-sz     f/s f_await  aqu-sz  %util
sda              0.00      0.00     0.00   0.00    0.00     0.00   87.00    980.00    50.00  36.50   17.60    11.26    0.00      0.00     0.00   0.00    0.00     0.00   37.00   25.68    2.48  98.00


2026년 06월 29일 01시 20분 45초
avg-cpu:  %user   %nice %system %iowait  %steal   %idle
           4.30    0.00    3.29   14.79    0.00   77.62

Device            r/s     rkB/s   rrqm/s  %rrqm r_await rareq-sz     w/s     wkB/s   wrqm/s  %wrqm w_await wareq-sz     d/s     dkB/s   drqm/s  %drqm d_await dareq-sz     f/s f_await  aqu-sz  %util
sda              0.00      0.00     0.00   0.00    0.00     0.00  102.00   1128.00    75.00  42.37   13.05    11.06    0.00      0.00     0.00   0.00    0.00     0.00   49.00   19.78    2.30 100.40


2026년 06월 29일 01시 20분 46초
avg-cpu:  %user   %nice %system %iowait  %steal   %idle
           4.42    0.00    3.41   15.30    0.00   76.86

Device            r/s     rkB/s   rrqm/s  %rrqm r_await rareq-sz     w/s     wkB/s   wrqm/s  %wrqm w_await wareq-sz     d/s     dkB/s   drqm/s  %drqm d_await dareq-sz     f/s f_await  aqu-sz  %util
sda              0.00      0.00     0.00   0.00    0.00     0.00   97.00   1140.00    65.00  40.12   13.77    11.75    0.00      0.00     0.00   0.00    0.00     0.00   48.00   20.29    2.31  98.80


2026년 06월 29일 01시 20분 47초
avg-cpu:  %user   %nice %system %iowait  %steal   %idle
           3.42    0.00    2.03   15.59    0.00   78.96

Device            r/s     rkB/s   rrqm/s  %rrqm r_await rareq-sz     w/s     wkB/s   wrqm/s  %wrqm w_await wareq-sz     d/s     dkB/s   drqm/s  %drqm d_await dareq-sz     f/s f_await  aqu-sz  %util
sda              0.00      0.00     0.00   0.00    0.00     0.00   88.00    996.00    55.00  38.46   16.32    11.32    0.00      0.00     0.00   0.00    0.00     0.00   39.00   24.72    2.40 102.00


2026년 06월 29일 01시 20분 48초
avg-cpu:  %user   %nice %system %iowait  %steal   %idle
           3.17    0.00    1.52   14.58    0.00   80.74

Device            r/s     rkB/s   rrqm/s  %rrqm r_await rareq-sz     w/s     wkB/s   wrqm/s  %wrqm w_await wareq-sz     d/s     dkB/s   drqm/s  %drqm d_await dareq-sz     f/s f_await  aqu-sz  %util
sda              0.00      0.00     0.00   0.00    0.00     0.00   91.00   1028.00    60.00  39.74   14.05    11.30    0.00      0.00     0.00   0.00    0.00     0.00   42.00   23.07    2.25  94.80


2026년 06월 29일 01시 20분 49초
avg-cpu:  %user   %nice %system %iowait  %steal   %idle
           5.32    0.00    3.17   13.94    0.00   77.57

Device            r/s     rkB/s   rrqm/s  %rrqm r_await rareq-sz     w/s     wkB/s   wrqm/s  %wrqm w_await wareq-sz     d/s     dkB/s   drqm/s  %drqm d_await dareq-sz     f/s f_await  aqu-sz  %util
sda              0.00      0.00     0.00   0.00    0.00     0.00  100.00    908.00    79.00  44.13   13.02     9.08    0.00      0.00     0.00   0.00    0.00     0.00   48.00   20.17    2.27  97.20


2026년 06월 29일 01시 20분 50초
avg-cpu:  %user   %nice %system %iowait  %steal   %idle
           2.67    0.00    2.03   18.55    0.00   76.75

Device            r/s     rkB/s   rrqm/s  %rrqm r_await rareq-sz     w/s     wkB/s   wrqm/s  %wrqm w_await wareq-sz     d/s     dkB/s   drqm/s  %drqm d_await dareq-sz     f/s f_await  aqu-sz  %util
sda              2.00     12.00     1.00  33.33   64.50     6.00   88.00    712.00    45.00  33.83   16.44     8.09    0.00      0.00     0.00   0.00    0.00     0.00   42.00   22.83    2.53 100.00


2026년 06월 29일 01시 20분 51초
avg-cpu:  %user   %nice %system %iowait  %steal   %idle
           4.92    0.00    3.66   15.89    0.00   75.54

Device            r/s     rkB/s   rrqm/s  %rrqm r_await rareq-sz     w/s     wkB/s   wrqm/s  %wrqm w_await wareq-sz     d/s     dkB/s   drqm/s  %drqm d_await dareq-sz     f/s f_await  aqu-sz  %util
sda              0.00      0.00     0.00   0.00    0.00     0.00   88.00    824.00    64.00  42.11   17.34     9.36    0.00      0.00     0.00   0.00    0.00     0.00   40.00   24.25    2.50  97.20


2026년 06월 29일 01시 20분 52초
avg-cpu:  %user   %nice %system %iowait  %steal   %idle
           4.45    0.00    3.18   16.65    0.00   75.73

Device            r/s     rkB/s   rrqm/s  %rrqm r_await rareq-sz     w/s     wkB/s   wrqm/s  %wrqm w_await wareq-sz     d/s     dkB/s   drqm/s  %drqm d_await dareq-sz     f/s f_await  aqu-sz  %util
sda              0.00      0.00     0.00   0.00    0.00     0.00   90.00    800.00    59.00  39.60   15.77     8.89    0.00      0.00     0.00   0.00    0.00     0.00   45.00   21.18    2.37  97.60


2026년 06월 29일 01시 20분 53초
avg-cpu:  %user   %nice %system %iowait  %steal   %idle
           2.91    0.00    1.39   17.32    0.00   78.38

Device            r/s     rkB/s   rrqm/s  %rrqm r_await rareq-sz     w/s     wkB/s   wrqm/s  %wrqm w_await wareq-sz     d/s     dkB/s   drqm/s  %drqm d_await dareq-sz     f/s f_await  aqu-sz  %util
sda              0.00      0.00     0.00   0.00    0.00     0.00   72.00    744.00    48.00  40.00   19.94    10.33    0.00      0.00     0.00   0.00    0.00     0.00   32.00   30.34    2.41  99.20


2026년 06월 29일 01시 20분 54초
avg-cpu:  %user   %nice %system %iowait  %steal   %idle
           2.77    0.00    2.52   15.01    0.00   79.70

Device            r/s     rkB/s   rrqm/s  %rrqm r_await rareq-sz     w/s     wkB/s   wrqm/s  %wrqm w_await wareq-sz     d/s     dkB/s   drqm/s  %drqm d_await dareq-sz     f/s f_await  aqu-sz  %util
sda              0.00      0.00     0.00   0.00    0.00     0.00   84.00    708.00    44.00  34.38   16.46     8.43    0.00      0.00     0.00   0.00    0.00     0.00   28.00   33.79    2.33  89.60


2026년 06월 29일 01시 20분 55초
avg-cpu:  %user   %nice %system %iowait  %steal   %idle
           3.40    0.00    3.02   18.24    0.00   75.35

Device            r/s     rkB/s   rrqm/s  %rrqm r_await rareq-sz     w/s     wkB/s   wrqm/s  %wrqm w_await wareq-sz     d/s     dkB/s   drqm/s  %drqm d_await dareq-sz     f/s f_await  aqu-sz  %util
sda              0.00      0.00     0.00   0.00    0.00     0.00   93.00    816.00    52.00  35.86   18.39     8.77    0.00      0.00     0.00   0.00    0.00     0.00   45.00   22.18    2.71 102.80


2026년 06월 29일 01시 20분 56초
avg-cpu:  %user   %nice %system %iowait  %steal   %idle
           2.79    0.00    2.54   15.61    0.00   79.06

Device            r/s     rkB/s   rrqm/s  %rrqm r_await rareq-sz     w/s     wkB/s   wrqm/s  %wrqm w_await wareq-sz     d/s     dkB/s   drqm/s  %drqm d_await dareq-sz     f/s f_await  aqu-sz  %util
sda              0.00      0.00     0.00   0.00    0.00     0.00   94.00    876.00    75.00  44.38   14.53     9.32    0.00      0.00     0.00   0.00    0.00     0.00   46.00   21.37    2.35  96.00


2026년 06월 29일 01시 20분 57초
avg-cpu:  %user   %nice %system %iowait  %steal   %idle
           3.30    0.00    1.90   18.25    0.00   76.55

Device            r/s     rkB/s   rrqm/s  %rrqm r_await rareq-sz     w/s     wkB/s   wrqm/s  %wrqm w_await wareq-sz     d/s     dkB/s   drqm/s  %drqm d_await dareq-sz     f/s f_await  aqu-sz  %util
sda              2.00      8.00     0.00   0.00   37.00     4.00   92.00    780.00    52.00  36.11   15.87     8.48    0.00      0.00     0.00   0.00    0.00     0.00   43.00   21.95    2.48  99.20


2026년 06월 29일 01시 20분 58초
avg-cpu:  %user   %nice %system %iowait  %steal   %idle
           3.42    0.00    2.53   17.85    0.00   76.20

Device            r/s     rkB/s   rrqm/s  %rrqm r_await rareq-sz     w/s     wkB/s   wrqm/s  %wrqm w_await wareq-sz     d/s     dkB/s   drqm/s  %drqm d_await dareq-sz     f/s f_await  aqu-sz  %util
sda              0.00      0.00     0.00   0.00    0.00     0.00   85.00    808.00    62.00  42.18   19.96     9.51    0.00      0.00     0.00   0.00    0.00     0.00   41.00   23.76    2.67  99.60


2026년 06월 29일 01시 20분 59초
avg-cpu:  %user   %nice %system %iowait  %steal   %idle
           4.97    0.00    3.18   17.20    0.00   74.65

Device            r/s     rkB/s   rrqm/s  %rrqm r_await rareq-sz     w/s     wkB/s   wrqm/s  %wrqm w_await wareq-sz     d/s     dkB/s   drqm/s  %drqm d_await dareq-sz     f/s f_await  aqu-sz  %util
sda              0.00      0.00     0.00   0.00    0.00     0.00   92.00    884.00    80.00  46.51   16.26     9.61    0.00      0.00     0.00   0.00    0.00     0.00   43.00   22.12    2.45  98.00


2026년 06월 29일 01시 21분 00초
avg-cpu:  %user   %nice %system %iowait  %steal   %idle
           5.08    0.00    3.30   14.47    0.00   77.16

Device            r/s     rkB/s   rrqm/s  %rrqm r_await rareq-sz     w/s     wkB/s   wrqm/s  %wrqm w_await wareq-sz     d/s     dkB/s   drqm/s  %drqm d_await dareq-sz     f/s f_await  aqu-sz  %util
sda              0.00      0.00     0.00   0.00    0.00     0.00   92.00    880.00    74.00  44.58   13.61     9.57    0.00      0.00     0.00   0.00    0.00     0.00   43.00   22.47    2.22 100.80


2026년 06월 29일 01시 21분 01초
avg-cpu:  %user   %nice %system %iowait  %steal   %idle
           4.44    0.00    3.17   16.37    0.00   76.02

Device            r/s     rkB/s   rrqm/s  %rrqm r_await rareq-sz     w/s     wkB/s   wrqm/s  %wrqm w_await wareq-sz     d/s     dkB/s   drqm/s  %drqm d_await dareq-sz     f/s f_await  aqu-sz  %util
sda              0.00      0.00     0.00   0.00    0.00     0.00   94.00    912.00    76.00  44.71   14.49     9.70    0.00      0.00     0.00   0.00    0.00     0.00   47.00   20.83    2.34  96.00


2026년 06월 29일 01시 21분 02초
avg-cpu:  %user   %nice %system %iowait  %steal   %idle
           4.31    0.00    2.53   15.21    0.00   77.95

Device            r/s     rkB/s   rrqm/s  %rrqm r_await rareq-sz     w/s     wkB/s   wrqm/s  %wrqm w_await wareq-sz     d/s     dkB/s   drqm/s  %drqm d_await dareq-sz     f/s f_await  aqu-sz  %util
sda              0.00      0.00     0.00   0.00    0.00     0.00   93.00    832.00    64.00  40.76   14.27     8.95    0.00      0.00     0.00   0.00    0.00     0.00   44.00   21.86    2.29 100.00


2026년 06월 29일 01시 21분 03초
avg-cpu:  %user   %nice %system %iowait  %steal   %idle
           3.43    0.00    2.41   14.59    0.00   79.57

Device            r/s     rkB/s   rrqm/s  %rrqm r_await rareq-sz     w/s     wkB/s   wrqm/s  %wrqm w_await wareq-sz     d/s     dkB/s   drqm/s  %drqm d_await dareq-sz     f/s f_await  aqu-sz  %util
sda              0.00      0.00     0.00   0.00    0.00     0.00   88.00    796.00    54.00  38.03   13.47     9.05    0.00      0.00     0.00   0.00    0.00     0.00   44.00   21.30    2.12  97.60


2026년 06월 29일 01시 21분 04초
avg-cpu:  %user   %nice %system %iowait  %steal   %idle
           2.42    0.00    1.27   16.82    0.00   79.49

Device            r/s     rkB/s   rrqm/s  %rrqm r_await rareq-sz     w/s     wkB/s   wrqm/s  %wrqm w_await wareq-sz     d/s     dkB/s   drqm/s  %drqm d_await dareq-sz     f/s f_await  aqu-sz  %util
sda              0.00      0.00     0.00   0.00    0.00     0.00   79.00    700.00    47.00  37.30   18.80     8.86    0.00      0.00     0.00   0.00    0.00     0.00   37.00   27.03    2.48 102.40


2026년 06월 29일 01시 21분 05초
avg-cpu:  %user   %nice %system %iowait  %steal   %idle
           4.27    0.00    3.51   13.55    0.00   78.67

Device            r/s     rkB/s   rrqm/s  %rrqm r_await rareq-sz     w/s     wkB/s   wrqm/s  %wrqm w_await wareq-sz     d/s     dkB/s   drqm/s  %drqm d_await dareq-sz     f/s f_await  aqu-sz  %util
sda              1.00      4.00     0.00   0.00   34.00     4.00   94.00    920.00    81.00  46.29   12.04     9.79    0.00      0.00     0.00   0.00    0.00     0.00   50.00   18.60    2.10  96.80


2026년 06월 29일 01시 21분 06초
avg-cpu:  %user   %nice %system %iowait  %steal   %idle
           2.81    0.00    1.53   17.47    0.00   78.19

Device            r/s     rkB/s   rrqm/s  %rrqm r_await rareq-sz     w/s     wkB/s   wrqm/s  %wrqm w_await wareq-sz     d/s     dkB/s   drqm/s  %drqm d_await dareq-sz     f/s f_await  aqu-sz  %util
sda              1.00      4.00     0.00   0.00   30.00     4.00   93.00    800.00    63.00  40.38   30.56     8.60    0.00      0.00     0.00   0.00    0.00     0.00   34.00   28.06    3.83  96.40


2026년 06월 29일 01시 21분 07초
avg-cpu:  %user   %nice %system %iowait  %steal   %idle
           2.90    0.00    2.64   19.40    0.00   75.06

Device            r/s     rkB/s   rrqm/s  %rrqm r_await rareq-sz     w/s     wkB/s   wrqm/s  %wrqm w_await wareq-sz     d/s     dkB/s   drqm/s  %drqm d_await dareq-sz     f/s f_await  aqu-sz  %util
sda              0.00      0.00     0.00   0.00    0.00     0.00   90.00    852.00    75.00  45.45   16.31     9.47    0.00      0.00     0.00   0.00    0.00     0.00   45.00   21.69    2.45  98.00


2026년 06월 29일 01시 21분 08초
avg-cpu:  %user   %nice %system %iowait  %steal   %idle
           3.05    0.00    2.03   16.14    0.00   78.78

Device            r/s     rkB/s   rrqm/s  %rrqm r_await rareq-sz     w/s     wkB/s   wrqm/s  %wrqm w_await wareq-sz     d/s     dkB/s   drqm/s  %drqm d_await dareq-sz     f/s f_await  aqu-sz  %util
sda              0.00      0.00     0.00   0.00    0.00     0.00   84.00    784.00    65.00  43.62   16.48     9.33    0.00      0.00     0.00   0.00    0.00     0.00   37.00   26.51    2.37  91.60


2026년 06월 29일 01시 21분 09초
avg-cpu:  %user   %nice %system %iowait  %steal   %idle
           6.07    0.00    3.92   14.03    0.00   75.98

Device            r/s     rkB/s   rrqm/s  %rrqm r_await rareq-sz     w/s     wkB/s   wrqm/s  %wrqm w_await wareq-sz     d/s     dkB/s   drqm/s  %drqm d_await dareq-sz     f/s f_await  aqu-sz  %util
sda              0.00      0.00     0.00   0.00    0.00     0.00   92.00    884.00    73.00  44.24   14.30     9.61    0.00      0.00     0.00   0.00    0.00     0.00   44.00   21.43    2.26 104.40


2026년 06월 29일 01시 21분 10초
avg-cpu:  %user   %nice %system %iowait  %steal   %idle
           3.02    0.00    1.89   16.88    0.00   78.21

Device            r/s     rkB/s   rrqm/s  %rrqm r_await rareq-sz     w/s     wkB/s   wrqm/s  %wrqm w_await wareq-sz     d/s     dkB/s   drqm/s  %drqm d_await dareq-sz     f/s f_await  aqu-sz  %util
sda              0.00      0.00     0.00   0.00    0.00     0.00   89.00    788.00    62.00  41.06   16.26     8.85    0.00      0.00     0.00   0.00    0.00     0.00   40.00   24.68    2.43 101.60


2026년 06월 29일 01시 21분 11초
avg-cpu:  %user   %nice %system %iowait  %steal   %idle
           2.66    0.00    1.65   17.24    0.00   78.45

Device            r/s     rkB/s   rrqm/s  %rrqm r_await rareq-sz     w/s     wkB/s   wrqm/s  %wrqm w_await wareq-sz     d/s     dkB/s   drqm/s  %drqm d_await dareq-sz     f/s f_await  aqu-sz  %util
sda              0.00      0.00     0.00   0.00    0.00     0.00   97.00    784.00    61.00  38.61   14.98     8.08    0.00      0.00     0.00   0.00    0.00     0.00   49.00   19.51    2.41  97.20


2026년 06월 29일 01시 21분 12초
avg-cpu:  %user   %nice %system %iowait  %steal   %idle
           1.02    0.00    0.51   19.21    0.00   79.26

Device            r/s     rkB/s   rrqm/s  %rrqm r_await rareq-sz     w/s     wkB/s   wrqm/s  %wrqm w_await wareq-sz     d/s     dkB/s   drqm/s  %drqm d_await dareq-sz     f/s f_await  aqu-sz  %util
sda              0.00      0.00     0.00   0.00    0.00     0.00   83.00    620.00    35.00  29.66   18.13     7.47    0.00      0.00     0.00   0.00    0.00     0.00   40.00   24.25    2.48  95.20


2026년 06월 29일 01시 21분 13초
avg-cpu:  %user   %nice %system %iowait  %steal   %idle
           0.63    0.00    0.88   10.33    0.00   88.16

Device            r/s     rkB/s   rrqm/s  %rrqm r_await rareq-sz     w/s     wkB/s   wrqm/s  %wrqm w_await wareq-sz     d/s     dkB/s   drqm/s  %drqm d_await dareq-sz     f/s f_await  aqu-sz  %util
sda              0.00      0.00     0.00   0.00    0.00     0.00   67.00    512.00    22.00  24.72   12.84     7.64    0.00      0.00     0.00   0.00    0.00     0.00   35.00   18.34    1.50  62.00


2026년 06월 29일 01시 21분 14초
avg-cpu:  %user   %nice %system %iowait  %steal   %idle
           0.50    0.00    0.38    3.14    0.00   95.97

Device            r/s     rkB/s   rrqm/s  %rrqm r_await rareq-sz     w/s     wkB/s   wrqm/s  %wrqm w_await wareq-sz     d/s     dkB/s   drqm/s  %drqm d_await dareq-sz     f/s f_await  aqu-sz  %util
sda              0.00      0.00     0.00   0.00    0.00     0.00   31.00    332.00    12.00  27.91    8.35    10.71    0.00      0.00     0.00   0.00    0.00     0.00    9.00   24.44    0.48  24.40


2026년 06월 29일 01시 21분 15초
avg-cpu:  %user   %nice %system %iowait  %steal   %idle
           0.63    0.00    0.38    4.42    0.00   94.56

Device            r/s     rkB/s   rrqm/s  %rrqm r_await rareq-sz     w/s     wkB/s   wrqm/s  %wrqm w_await wareq-sz     d/s     dkB/s   drqm/s  %drqm d_await dareq-sz     f/s f_await  aqu-sz  %util
sda              0.00      0.00     0.00   0.00    0.00     0.00   30.00    352.00    19.00  38.78   13.27    11.73    0.00      0.00     0.00   0.00    0.00     0.00    9.00   28.33    0.65  28.40


2026년 06월 29일 01시 21분 16초
avg-cpu:  %user   %nice %system %iowait  %steal   %idle
           0.38    0.00    0.75    9.65    0.00   89.22

Device            r/s     rkB/s   rrqm/s  %rrqm r_await rareq-sz     w/s     wkB/s   wrqm/s  %wrqm w_await wareq-sz     d/s     dkB/s   drqm/s  %drqm d_await dareq-sz     f/s f_await  aqu-sz  %util
sda              0.00      0.00     0.00   0.00    0.00     0.00   53.00   1176.00    23.00  30.26   15.00    22.19    0.00      0.00     0.00   0.00    0.00     0.00   24.00   24.79    1.39  64.80


2026년 06월 29일 01시 21분 17초
avg-cpu:  %user   %nice %system %iowait  %steal   %idle
           0.50    0.00    0.50   15.58    0.00   83.42

Device            r/s     rkB/s   rrqm/s  %rrqm r_await rareq-sz     w/s     wkB/s   wrqm/s  %wrqm w_await wareq-sz     d/s     dkB/s   drqm/s  %drqm d_await dareq-sz     f/s f_await  aqu-sz  %util
sda              0.00      0.00     0.00   0.00    0.00     0.00   84.00   1852.00    32.00  27.59   14.99    22.05    0.00      0.00     0.00   0.00    0.00     0.00   38.00   24.55    2.19  97.20


2026년 06월 29일 01시 21분 18초
avg-cpu:  %user   %nice %system %iowait  %steal   %idle
           0.25    0.00    0.25   15.37    0.00   84.13

Device            r/s     rkB/s   rrqm/s  %rrqm r_await rareq-sz     w/s     wkB/s   wrqm/s  %wrqm w_await wareq-sz     d/s     dkB/s   drqm/s  %drqm d_await dareq-sz     f/s f_await  aqu-sz  %util
sda              0.00      0.00     0.00   0.00    0.00     0.00   82.00   1744.00    32.00  28.07   14.95    21.27    0.00      0.00     0.00   0.00    0.00     0.00   39.00   24.38    2.18  99.20


2026년 06월 29일 01시 21분 19초
avg-cpu:  %user   %nice %system %iowait  %steal   %idle
           0.76    0.00    1.01   14.74    0.00   83.50

Device            r/s     rkB/s   rrqm/s  %rrqm r_await rareq-sz     w/s     wkB/s   wrqm/s  %wrqm w_await wareq-sz     d/s     dkB/s   drqm/s  %drqm d_await dareq-sz     f/s f_await  aqu-sz  %util
sda              0.00      0.00     0.00   0.00    0.00     0.00   82.00   1420.00    35.00  29.91   16.39    17.32    0.00      0.00     0.00   0.00    0.00     0.00   34.00   29.35    2.34  99.20


2026년 06월 29일 01시 21분 20초
avg-cpu:  %user   %nice %system %iowait  %steal   %idle
           1.01    0.00    0.38   13.13    0.00   85.48

Device            r/s     rkB/s   rrqm/s  %rrqm r_await rareq-sz     w/s     wkB/s   wrqm/s  %wrqm w_await wareq-sz     d/s     dkB/s   drqm/s  %drqm d_await dareq-sz     f/s f_await  aqu-sz  %util
sda              0.00      0.00     0.00   0.00    0.00     0.00   80.00   1996.00    38.00  32.20   13.32    24.95    0.00      0.00     0.00   0.00    0.00     0.00   36.00   26.11    2.00  95.20


2026년 06월 29일 01시 21분 21초
avg-cpu:  %user   %nice %system %iowait  %steal   %idle
           1.01    0.00    0.88   14.38    0.00   83.73

Device            r/s     rkB/s   rrqm/s  %rrqm r_await rareq-sz     w/s     wkB/s   wrqm/s  %wrqm w_await wareq-sz     d/s     dkB/s   drqm/s  %drqm d_await dareq-sz     f/s f_await  aqu-sz  %util
sda              0.00      0.00     0.00   0.00    0.00     0.00   80.00   1772.00    29.00  26.61   14.60    22.15    0.00      0.00     0.00   0.00    0.00     0.00   36.00   26.44    2.12  95.60


2026년 06월 29일 01시 21분 22초
avg-cpu:  %user   %nice %system %iowait  %steal   %idle
           1.01    0.00    0.75   14.82    0.00   83.42

Device            r/s     rkB/s   rrqm/s  %rrqm r_await rareq-sz     w/s     wkB/s   wrqm/s  %wrqm w_await wareq-sz     d/s     dkB/s   drqm/s  %drqm d_await dareq-sz     f/s f_await  aqu-sz  %util
sda              0.00      0.00     0.00   0.00    0.00     0.00   75.00   1596.00    36.00  32.43   15.75    21.28    0.00      0.00     0.00   0.00    0.00     0.00   36.00   27.42    2.17  98.40


2026년 06월 29일 01시 21분 23초
avg-cpu:  %user   %nice %system %iowait  %steal   %idle
           0.13    0.00    0.51   18.69    0.00   80.68

Device            r/s     rkB/s   rrqm/s  %rrqm r_await rareq-sz     w/s     wkB/s   wrqm/s  %wrqm w_await wareq-sz     d/s     dkB/s   drqm/s  %drqm d_await dareq-sz     f/s f_await  aqu-sz  %util
sda              0.00      0.00     0.00   0.00    0.00     0.00   90.00   1548.00    30.00  25.00   16.91    17.20    0.00      0.00     0.00   0.00    0.00     0.00   40.00   23.95    2.48  98.40


2026년 06월 29일 01시 21분 24초
avg-cpu:  %user   %nice %system %iowait  %steal   %idle
           0.25    0.00    0.25   13.37    0.00   86.13

Device            r/s     rkB/s   rrqm/s  %rrqm r_await rareq-sz     w/s     wkB/s   wrqm/s  %wrqm w_await wareq-sz     d/s     dkB/s   drqm/s  %drqm d_await dareq-sz     f/s f_await  aqu-sz  %util
sda              0.00      0.00     0.00   0.00    0.00     0.00   84.00   1792.00    32.00  27.59   13.49    21.33    0.00      0.00     0.00   0.00    0.00     0.00   38.00   24.71    2.07 100.40


2026년 06월 29일 01시 21분 25초
avg-cpu:  %user   %nice %system %iowait  %steal   %idle
           0.38    0.00    0.38   15.70    0.00   83.54

Device            r/s     rkB/s   rrqm/s  %rrqm r_await rareq-sz     w/s     wkB/s   wrqm/s  %wrqm w_await wareq-sz     d/s     dkB/s   drqm/s  %drqm d_await dareq-sz     f/s f_await  aqu-sz  %util
sda              0.00      0.00     0.00   0.00    0.00     0.00   84.00   1272.00    18.00  17.65   27.37    15.14    0.00      0.00     0.00   0.00    0.00     0.00   26.00   36.58    3.25  95.60


2026년 06월 29일 01시 21분 26초
avg-cpu:  %user   %nice %system %iowait  %steal   %idle
           0.25    0.00    0.38   14.59    0.00   84.78

Device            r/s     rkB/s   rrqm/s  %rrqm r_await rareq-sz     w/s     wkB/s   wrqm/s  %wrqm w_await wareq-sz     d/s     dkB/s   drqm/s  %drqm d_await dareq-sz     f/s f_await  aqu-sz  %util
sda              0.00      0.00     0.00   0.00    0.00     0.00   79.00   1632.00    34.00  30.09   15.56    20.66    0.00      0.00     0.00   0.00    0.00     0.00   38.00   26.24    2.23 100.80


2026년 06월 29일 01시 21분 27초
avg-cpu:  %user   %nice %system %iowait  %steal   %idle
           0.50    0.00    0.50   17.11    0.00   81.89

Device            r/s     rkB/s   rrqm/s  %rrqm r_await rareq-sz     w/s     wkB/s   wrqm/s  %wrqm w_await wareq-sz     d/s     dkB/s   drqm/s  %drqm d_await dareq-sz     f/s f_await  aqu-sz  %util
sda              0.00      0.00     0.00   0.00    0.00     0.00   93.00   1816.00    38.00  29.01   15.15    19.53    0.00      0.00     0.00   0.00    0.00     0.00   44.00   21.84    2.37 100.40


2026년 06월 29일 01시 21분 28초
avg-cpu:  %user   %nice %system %iowait  %steal   %idle
           0.63    0.00    0.63   15.29    0.00   83.46

Device            r/s     rkB/s   rrqm/s  %rrqm r_await rareq-sz     w/s     wkB/s   wrqm/s  %wrqm w_await wareq-sz     d/s     dkB/s   drqm/s  %drqm d_await dareq-sz     f/s f_await  aqu-sz  %util
sda              0.00      0.00     0.00   0.00    0.00     0.00   95.00   1864.00    31.00  24.60   12.60    19.62    0.00      0.00     0.00   0.00    0.00     0.00   43.00   21.07    2.10  94.80


2026년 06월 29일 01시 21분 29초
avg-cpu:  %user   %nice %system %iowait  %steal   %idle
           0.38    0.00    0.50   13.84    0.00   85.28

Device            r/s     rkB/s   rrqm/s  %rrqm r_await rareq-sz     w/s     wkB/s   wrqm/s  %wrqm w_await wareq-sz     d/s     dkB/s   drqm/s  %drqm d_await dareq-sz     f/s f_await  aqu-sz  %util
sda              0.00      0.00     0.00   0.00    0.00     0.00   85.00   1980.00    25.00  22.73   13.73    23.29    0.00      0.00     0.00   0.00    0.00     0.00   40.00   24.55    2.15 102.00


2026년 06월 29일 01시 21분 30초
avg-cpu:  %user   %nice %system %iowait  %steal   %idle
           3.64    0.00    1.51   12.94    0.00   81.91

Device            r/s     rkB/s   rrqm/s  %rrqm r_await rareq-sz     w/s     wkB/s   wrqm/s  %wrqm w_await wareq-sz     d/s     dkB/s   drqm/s  %drqm d_await dareq-sz     f/s f_await  aqu-sz  %util
sda              0.00      0.00     0.00   0.00    0.00     0.00   83.00   2048.00    57.00  40.71   13.36    24.67    0.00      0.00     0.00   0.00    0.00     0.00   38.00   25.21    2.07 100.40


2026년 06월 29일 01시 21분 31초
avg-cpu:  %user   %nice %system %iowait  %steal   %idle
           0.25    0.00    0.25   15.76    0.00   83.73

Device            r/s     rkB/s   rrqm/s  %rrqm r_await rareq-sz     w/s     wkB/s   wrqm/s  %wrqm w_await wareq-sz     d/s     dkB/s   drqm/s  %drqm d_await dareq-sz     f/s f_await  aqu-sz  %util
sda              0.00      0.00     0.00   0.00    0.00     0.00   78.00   1464.00    25.00  24.27   16.42    18.77    0.00      0.00     0.00   0.00    0.00     0.00   35.00   27.57    2.25 100.00


2026년 06월 29일 01시 21분 32초
avg-cpu:  %user   %nice %system %iowait  %steal   %idle
           1.13    0.00    0.25   15.38    0.00   83.23

Device            r/s     rkB/s   rrqm/s  %rrqm r_await rareq-sz     w/s     wkB/s   wrqm/s  %wrqm w_await wareq-sz     d/s     dkB/s   drqm/s  %drqm d_await dareq-sz     f/s f_await  aqu-sz  %util
sda              0.00      0.00     0.00   0.00    0.00     0.00   82.00   1528.00    37.00  31.09   15.44    18.63    0.00      0.00     0.00   0.00    0.00     0.00   37.00   25.97    2.23  97.60


2026년 06월 29일 01시 21분 33초
avg-cpu:  %user   %nice %system %iowait  %steal   %idle
           0.50    0.00    0.38   13.44    0.00   85.68

Device            r/s     rkB/s   rrqm/s  %rrqm r_await rareq-sz     w/s     wkB/s   wrqm/s  %wrqm w_await wareq-sz     d/s     dkB/s   drqm/s  %drqm d_await dareq-sz     f/s f_await  aqu-sz  %util
sda              0.00      0.00     0.00   0.00    0.00     0.00   79.00   1948.00    19.00  19.39   13.63    24.66    0.00      0.00     0.00   0.00    0.00     0.00   38.00   25.74    2.05  96.80


2026년 06월 29일 01시 21분 34초
avg-cpu:  %user   %nice %system %iowait  %steal   %idle
           0.13    0.00    0.50   14.23    0.00   85.14

Device            r/s     rkB/s   rrqm/s  %rrqm r_await rareq-sz     w/s     wkB/s   wrqm/s  %wrqm w_await wareq-sz     d/s     dkB/s   drqm/s  %drqm d_await dareq-sz     f/s f_await  aqu-sz  %util
sda              0.00      0.00     0.00   0.00    0.00     0.00   94.06   1948.51    30.69  24.60   13.08    20.72    0.00      0.00     0.00   0.00    0.00     0.00   43.56   21.70    2.18 101.78


2026년 06월 29일 01시 21분 35초
avg-cpu:  %user   %nice %system %iowait  %steal   %idle
           0.50    0.00    0.50   14.57    0.00   84.42

Device            r/s     rkB/s   rrqm/s  %rrqm r_await rareq-sz     w/s     wkB/s   wrqm/s  %wrqm w_await wareq-sz     d/s     dkB/s   drqm/s  %drqm d_await dareq-sz     f/s f_await  aqu-sz  %util
sda              0.00      0.00     0.00   0.00    0.00     0.00   91.00   1936.00    32.00  26.02   13.13    21.27    0.00      0.00     0.00   0.00    0.00     0.00   36.00   26.36    2.14  99.60


2026년 06월 29일 01시 21분 36초
avg-cpu:  %user   %nice %system %iowait  %steal   %idle
           0.38    0.00    0.63   12.67    0.00   86.32

Device            r/s     rkB/s   rrqm/s  %rrqm r_await rareq-sz     w/s     wkB/s   wrqm/s  %wrqm w_await wareq-sz     d/s     dkB/s   drqm/s  %drqm d_await dareq-sz     f/s f_await  aqu-sz  %util
sda              0.00      0.00     0.00   0.00    0.00     0.00   86.00   1972.00    32.00  27.12   11.95    22.93    0.00      0.00     0.00   0.00    0.00     0.00   34.00   27.71    1.97  99.20


2026년 06월 29일 01시 21분 37초
avg-cpu:  %user   %nice %system %iowait  %steal   %idle
           0.50    0.00    1.00   15.02    0.00   83.48

Device            r/s     rkB/s   rrqm/s  %rrqm r_await rareq-sz     w/s     wkB/s   wrqm/s  %wrqm w_await wareq-sz     d/s     dkB/s   drqm/s  %drqm d_await dareq-sz     f/s f_await  aqu-sz  %util
sda              0.00      0.00     0.00   0.00    0.00     0.00   98.00   2112.00    29.00  22.83   12.29    21.55    0.00      0.00     0.00   0.00    0.00     0.00   43.00   21.63    2.13  98.00


2026년 06월 29일 01시 21분 38초
avg-cpu:  %user   %nice %system %iowait  %steal   %idle
           0.88    0.00    0.50   14.41    0.00   84.21

Device            r/s     rkB/s   rrqm/s  %rrqm r_await rareq-sz     w/s     wkB/s   wrqm/s  %wrqm w_await wareq-sz     d/s     dkB/s   drqm/s  %drqm d_await dareq-sz     f/s f_await  aqu-sz  %util
sda              0.00      0.00     0.00   0.00    0.00     0.00   91.00   1760.00    36.00  28.35   13.21    19.34    0.00      0.00     0.00   0.00    0.00     0.00   44.00   22.11    2.17  98.40


2026년 06월 29일 01시 21분 39초
avg-cpu:  %user   %nice %system %iowait  %steal   %idle
           0.38    0.00    1.00   14.64    0.00   83.98

Device            r/s     rkB/s   rrqm/s  %rrqm r_await rareq-sz     w/s     wkB/s   wrqm/s  %wrqm w_await wareq-sz     d/s     dkB/s   drqm/s  %drqm d_await dareq-sz     f/s f_await  aqu-sz  %util
sda              0.00      0.00     0.00   0.00    0.00     0.00   82.00   1692.00    31.00  27.43   14.44    20.63    0.00      0.00     0.00   0.00    0.00     0.00   35.00   27.71    2.15  98.40


2026년 06월 29일 01시 21분 40초
avg-cpu:  %user   %nice %system %iowait  %steal   %idle
           1.64    0.00    0.88    6.05    0.00   91.42

Device            r/s     rkB/s   rrqm/s  %rrqm r_await rareq-sz     w/s     wkB/s   wrqm/s  %wrqm w_await wareq-sz     d/s     dkB/s   drqm/s  %drqm d_await dareq-sz     f/s f_await  aqu-sz  %util
sda              0.00      0.00     0.00   0.00    0.00     0.00   44.00    796.00    24.00  35.29   12.36    18.09    0.00      0.00     0.00   0.00    0.00     0.00   25.00   17.04    0.97  48.00


2026년 06월 29일 01시 21분 41초
avg-cpu:  %user   %nice %system %iowait  %steal   %idle
           0.50    0.00    0.25    0.00    0.00   99.25

Device            r/s     rkB/s   rrqm/s  %rrqm r_await rareq-sz     w/s     wkB/s   wrqm/s  %wrqm w_await wareq-sz     d/s     dkB/s   drqm/s  %drqm d_await dareq-sz     f/s f_await  aqu-sz  %util


2026년 06월 29일 01시 21분 42초
avg-cpu:  %user   %nice %system %iowait  %steal   %idle
           0.76    0.00    0.63    0.00    0.00   98.61

Device            r/s     rkB/s   rrqm/s  %rrqm r_await rareq-sz     w/s     wkB/s   wrqm/s  %wrqm w_await wareq-sz     d/s     dkB/s   drqm/s  %drqm d_await dareq-sz     f/s f_await  aqu-sz  %util


2026년 06월 29일 01시 21분 43초
avg-cpu:  %user   %nice %system %iowait  %steal   %idle
           0.50    0.00    0.00    0.00    0.00   99.50

Device            r/s     rkB/s   rrqm/s  %rrqm r_await rareq-sz     w/s     wkB/s   wrqm/s  %wrqm w_await wareq-sz     d/s     dkB/s   drqm/s  %drqm d_await dareq-sz     f/s f_await  aqu-sz  %util


2026년 06월 29일 01시 21분 44초
avg-cpu:  %user   %nice %system %iowait  %steal   %idle
           0.25    0.00    0.13    0.00    0.00   99.62

Device            r/s     rkB/s   rrqm/s  %rrqm r_await rareq-sz     w/s     wkB/s   wrqm/s  %wrqm w_await wareq-sz     d/s     dkB/s   drqm/s  %drqm d_await dareq-sz     f/s f_await  aqu-sz  %util
sda              0.00      0.00     0.00   0.00    0.00     0.00    1.00      8.00     1.00  50.00   27.00     8.00    0.00      0.00     0.00   0.00    0.00     0.00    0.00    0.00    0.03   2.80


2026년 06월 29일 01시 21분 45초
avg-cpu:  %user   %nice %system %iowait  %steal   %idle
           1.01    0.00    0.38    0.00    0.00   98.61

Device            r/s     rkB/s   rrqm/s  %rrqm r_await rareq-sz     w/s     wkB/s   wrqm/s  %wrqm w_await wareq-sz     d/s     dkB/s   drqm/s  %drqm d_await dareq-sz     f/s f_await  aqu-sz  %util


2026년 06월 29일 01시 21분 46초
avg-cpu:  %user   %nice %system %iowait  %steal   %idle
           0.25    0.00    0.63    0.38    0.00   98.75

Device            r/s     rkB/s   rrqm/s  %rrqm r_await rareq-sz     w/s     wkB/s   wrqm/s  %wrqm w_await wareq-sz     d/s     dkB/s   drqm/s  %drqm d_await dareq-sz     f/s f_await  aqu-sz  %util
sda              0.00      0.00     0.00   0.00    0.00     0.00    2.00     60.00     0.00   0.00   12.00    30.00    0.00      0.00     0.00   0.00    0.00     0.00    2.00   11.50    0.05   2.40


2026년 06월 29일 01시 21분 47초
avg-cpu:  %user   %nice %system %iowait  %steal   %idle
           0.13    0.00    0.13    0.00    0.00   99.75

Device            r/s     rkB/s   rrqm/s  %rrqm r_await rareq-sz     w/s     wkB/s   wrqm/s  %wrqm w_await wareq-sz     d/s     dkB/s   drqm/s  %drqm d_await dareq-sz     f/s f_await  aqu-sz  %util


2026년 06월 29일 01시 21분 48초
avg-cpu:  %user   %nice %system %iowait  %steal   %idle
           0.25    0.00    0.13    0.00    0.00   99.62

Device            r/s     rkB/s   rrqm/s  %rrqm r_await rareq-sz     w/s     wkB/s   wrqm/s  %wrqm w_await wareq-sz     d/s     dkB/s   drqm/s  %drqm d_await dareq-sz     f/s f_await  aqu-sz  %util


2026년 06월 29일 01시 21분 49초
avg-cpu:  %user   %nice %system %iowait  %steal   %idle
           0.25    0.00    0.63    0.00    0.00   99.12

Device            r/s     rkB/s   rrqm/s  %rrqm r_await rareq-sz     w/s     wkB/s   wrqm/s  %wrqm w_await wareq-sz     d/s     dkB/s   drqm/s  %drqm d_await dareq-sz     f/s f_await  aqu-sz  %util
sda              0.00      0.00     0.00   0.00    0.00     0.00    2.00     32.00     2.00  50.00    1.00    16.00    0.00      0.00     0.00   0.00    0.00     0.00    0.00    0.00    0.00   0.40


2026년 06월 29일 01시 21분 50초
avg-cpu:  %user   %nice %system %iowait  %steal   %idle
           2.01    0.00    0.63    0.00    0.00   97.36

Device            r/s     rkB/s   rrqm/s  %rrqm r_await rareq-sz     w/s     wkB/s   wrqm/s  %wrqm w_await wareq-sz     d/s     dkB/s   drqm/s  %drqm d_await dareq-sz     f/s f_await  aqu-sz  %util
sda              0.00      0.00     0.00   0.00    0.00     0.00    1.00      4.00    10.00  90.91    1.00     4.00    0.00      0.00     0.00   0.00    0.00     0.00    0.00    0.00    0.00   0.80


2026년 06월 29일 01시 21분 51초
avg-cpu:  %user   %nice %system %iowait  %steal   %idle
           0.50    0.00    0.13    1.38    0.00   97.99

Device            r/s     rkB/s   rrqm/s  %rrqm r_await rareq-sz     w/s     wkB/s   wrqm/s  %wrqm w_await wareq-sz     d/s     dkB/s   drqm/s  %drqm d_await dareq-sz     f/s f_await  aqu-sz  %util
sda              0.00      0.00     0.00   0.00    0.00     0.00    2.00     48.00     0.00   0.00   34.00    24.00    0.00      0.00     0.00   0.00    0.00     0.00    2.00   10.50    0.09   6.80


2026년 06월 29일 01시 21분 52초
avg-cpu:  %user   %nice %system %iowait  %steal   %idle
           2.27    0.00    0.63    0.00    0.00   97.10

Device            r/s     rkB/s   rrqm/s  %rrqm r_await rareq-sz     w/s     wkB/s   wrqm/s  %wrqm w_await wareq-sz     d/s     dkB/s   drqm/s  %drqm d_await dareq-sz     f/s f_await  aqu-sz  %util


2026년 06월 29일 01시 21분 53초
avg-cpu:  %user   %nice %system %iowait  %steal   %idle
           0.25    0.00    0.38    0.00    0.00   99.37

Device            r/s     rkB/s   rrqm/s  %rrqm r_await rareq-sz     w/s     wkB/s   wrqm/s  %wrqm w_await wareq-sz     d/s     dkB/s   drqm/s  %drqm d_await dareq-sz     f/s f_await  aqu-sz  %util


2026년 06월 29일 01시 21분 54초
avg-cpu:  %user   %nice %system %iowait  %steal   %idle
           0.50    0.00    0.38    0.00    0.00   99.12

Device            r/s     rkB/s   rrqm/s  %rrqm r_await rareq-sz     w/s     wkB/s   wrqm/s  %wrqm w_await wareq-sz     d/s     dkB/s   drqm/s  %drqm d_await dareq-sz     f/s f_await  aqu-sz  %util
sda              0.00      0.00     0.00   0.00    0.00     0.00    2.00      8.00     0.00   0.00   24.50     4.00    0.00      0.00     0.00   0.00    0.00     0.00    0.00    0.00    0.05   2.80


2026년 06월 29일 01시 21분 55초
avg-cpu:  %user   %nice %system %iowait  %steal   %idle
           0.00    0.00    0.38    0.00    0.00   99.62

Device            r/s     rkB/s   rrqm/s  %rrqm r_await rareq-sz     w/s     wkB/s   wrqm/s  %wrqm w_await wareq-sz     d/s     dkB/s   drqm/s  %drqm d_await dareq-sz     f/s f_await  aqu-sz  %util


2026년 06월 29일 01시 21분 56초
avg-cpu:  %user   %nice %system %iowait  %steal   %idle
           0.50    0.00    0.25    0.63    0.00   98.62

Device            r/s     rkB/s   rrqm/s  %rrqm r_await rareq-sz     w/s     wkB/s   wrqm/s  %wrqm w_await wareq-sz     d/s     dkB/s   drqm/s  %drqm d_await dareq-sz     f/s f_await  aqu-sz  %util
sda              0.00      0.00     0.00   0.00    0.00     0.00   15.00    116.00     5.00  25.00    4.47     7.73    0.00      0.00     0.00   0.00    0.00     0.00    2.00   12.00    0.09   4.40


2026년 06월 29일 01시 21분 57초
avg-cpu:  %user   %nice %system %iowait  %steal   %idle
           0.25    0.00    0.13    0.00    0.00   99.62

Device            r/s     rkB/s   rrqm/s  %rrqm r_await rareq-sz     w/s     wkB/s   wrqm/s  %wrqm w_await wareq-sz     d/s     dkB/s   drqm/s  %drqm d_await dareq-sz     f/s f_await  aqu-sz  %util


2026년 06월 29일 01시 21분 58초
avg-cpu:  %user   %nice %system %iowait  %steal   %idle
           0.50    0.00    0.38    0.00    0.00   99.12

Device            r/s     rkB/s   rrqm/s  %rrqm r_await rareq-sz     w/s     wkB/s   wrqm/s  %wrqm w_await wareq-sz     d/s     dkB/s   drqm/s  %drqm d_await dareq-sz     f/s f_await  aqu-sz  %util


2026년 06월 29일 01시 21분 59초
avg-cpu:  %user   %nice %system %iowait  %steal   %idle
           0.50    0.00    0.25    0.00    0.00   99.25

Device            r/s     rkB/s   rrqm/s  %rrqm r_await rareq-sz     w/s     wkB/s   wrqm/s  %wrqm w_await wareq-sz     d/s     dkB/s   drqm/s  %drqm d_await dareq-sz     f/s f_await  aqu-sz  %util


2026년 06월 29일 01시 22분 00초
avg-cpu:  %user   %nice %system %iowait  %steal   %idle
           2.40    0.00    1.01    0.00    0.00   96.59

Device            r/s     rkB/s   rrqm/s  %rrqm r_await rareq-sz     w/s     wkB/s   wrqm/s  %wrqm w_await wareq-sz     d/s     dkB/s   drqm/s  %drqm d_await dareq-sz     f/s f_await  aqu-sz  %util
sda              0.00      0.00     0.00   0.00    0.00     0.00    1.00      4.00    12.00  92.31   62.00     4.00    0.00      0.00     0.00   0.00    0.00     0.00    0.00    0.00    0.06   6.80


2026년 06월 29일 01시 22분 01초
avg-cpu:  %user   %nice %system %iowait  %steal   %idle
           0.25    0.00    0.38    0.88    0.00   98.49

Device            r/s     rkB/s   rrqm/s  %rrqm r_await rareq-sz     w/s     wkB/s   wrqm/s  %wrqm w_await wareq-sz     d/s     dkB/s   drqm/s  %drqm d_await dareq-sz     f/s f_await  aqu-sz  %util
sda              0.00      0.00     0.00   0.00    0.00     0.00    2.00     56.00     0.00   0.00   23.50    28.00    0.00      0.00     0.00   0.00    0.00     0.00    2.00   10.00    0.07   4.80


2026년 06월 29일 01시 22분 02초
avg-cpu:  %user   %nice %system %iowait  %steal   %idle
           1.13    0.00    0.50    0.00    0.00   98.36

Device            r/s     rkB/s   rrqm/s  %rrqm r_await rareq-sz     w/s     wkB/s   wrqm/s  %wrqm w_await wareq-sz     d/s     dkB/s   drqm/s  %drqm d_await dareq-sz     f/s f_await  aqu-sz  %util
sda              0.00      0.00     0.00   0.00    0.00     0.00    1.00      8.00     1.00  50.00    1.00     8.00    0.00      0.00     0.00   0.00    0.00     0.00    0.00    0.00    0.00   0.40


2026년 06월 29일 01시 22분 03초
avg-cpu:  %user   %nice %system %iowait  %steal   %idle
           0.13    0.00    0.25    0.00    0.00   99.62

Device            r/s     rkB/s   rrqm/s  %rrqm r_await rareq-sz     w/s     wkB/s   wrqm/s  %wrqm w_await wareq-sz     d/s     dkB/s   drqm/s  %drqm d_await dareq-sz     f/s f_await  aqu-sz  %util


2026년 06월 29일 01시 22분 04초
avg-cpu:  %user   %nice %system %iowait  %steal   %idle
           0.13    0.00    0.25    0.00    0.00   99.62

Device            r/s     rkB/s   rrqm/s  %rrqm r_await rareq-sz     w/s     wkB/s   wrqm/s  %wrqm w_await wareq-sz     d/s     dkB/s   drqm/s  %drqm d_await dareq-sz     f/s f_await  aqu-sz  %util


2026년 06월 29일 01시 22분 05초
avg-cpu:  %user   %nice %system %iowait  %steal   %idle
           0.38    0.00    0.25    0.00    0.00   99.37

Device            r/s     rkB/s   rrqm/s  %rrqm r_await rareq-sz     w/s     wkB/s   wrqm/s  %wrqm w_await wareq-sz     d/s     dkB/s   drqm/s  %drqm d_await dareq-sz     f/s f_await  aqu-sz  %util


2026년 06월 29일 01시 22분 06초
avg-cpu:  %user   %nice %system %iowait  %steal   %idle
           0.38    0.00    0.25    0.38    0.00   98.99

Device            r/s     rkB/s   rrqm/s  %rrqm r_await rareq-sz     w/s     wkB/s   wrqm/s  %wrqm w_await wareq-sz     d/s     dkB/s   drqm/s  %drqm d_await dareq-sz     f/s f_await  aqu-sz  %util
sda              0.00      0.00     0.00   0.00    0.00     0.00   20.00    124.00     0.00   0.00    3.15     6.20    0.00      0.00     0.00   0.00    0.00     0.00    2.00   12.00    0.09   3.60


2026년 06월 29일 01시 22분 07초
avg-cpu:  %user   %nice %system %iowait  %steal   %idle
           0.00    0.00    0.13    0.00    0.00   99.87

Device            r/s     rkB/s   rrqm/s  %rrqm r_await rareq-sz     w/s     wkB/s   wrqm/s  %wrqm w_await wareq-sz     d/s     dkB/s   drqm/s  %drqm d_await dareq-sz     f/s f_await  aqu-sz  %util


2026년 06월 29일 01시 22분 08초
avg-cpu:  %user   %nice %system %iowait  %steal   %idle
           0.50    0.00    0.63    0.00    0.00   98.87

Device            r/s     rkB/s   rrqm/s  %rrqm r_await rareq-sz     w/s     wkB/s   wrqm/s  %wrqm w_await wareq-sz     d/s     dkB/s   drqm/s  %drqm d_await dareq-sz     f/s f_await  aqu-sz  %util
sda              0.00      0.00     0.00   0.00    0.00     0.00    1.00      4.00     0.00   0.00   36.00     4.00    0.00      0.00     0.00   0.00    0.00     0.00    0.00    0.00    0.04   4.00


2026년 06월 29일 01시 22분 09초
avg-cpu:  %user   %nice %system %iowait  %steal   %idle
           0.75    0.00    0.75    0.00    0.00   98.50

Device            r/s     rkB/s   rrqm/s  %rrqm r_await rareq-sz     w/s     wkB/s   wrqm/s  %wrqm w_await wareq-sz     d/s     dkB/s   drqm/s  %drqm d_await dareq-sz     f/s f_await  aqu-sz  %util


2026년 06월 29일 01시 22분 10초
avg-cpu:  %user   %nice %system %iowait  %steal   %idle
           1.64    0.00    1.01    0.00    0.00   97.36

Device            r/s     rkB/s   rrqm/s  %rrqm r_await rareq-sz     w/s     wkB/s   wrqm/s  %wrqm w_await wareq-sz     d/s     dkB/s   drqm/s  %drqm d_await dareq-sz     f/s f_await  aqu-sz  %util


2026년 06월 29일 01시 22분 11초
avg-cpu:  %user   %nice %system %iowait  %steal   %idle
           0.25    0.00    0.38    0.25    0.00   99.12

Device            r/s     rkB/s   rrqm/s  %rrqm r_await rareq-sz     w/s     wkB/s   wrqm/s  %wrqm w_await wareq-sz     d/s     dkB/s   drqm/s  %drqm d_await dareq-sz     f/s f_await  aqu-sz  %util
sda              0.00      0.00     0.00   0.00    0.00     0.00    2.00     36.00     0.00   0.00   12.50    18.00    0.00      0.00     0.00   0.00    0.00     0.00    2.00   11.50    0.05   2.40


2026년 06월 29일 01시 22분 12초
avg-cpu:  %user   %nice %system %iowait  %steal   %idle
           1.13    0.00    0.50    0.00    0.00   98.37

Device            r/s     rkB/s   rrqm/s  %rrqm r_await rareq-sz     w/s     wkB/s   wrqm/s  %wrqm w_await wareq-sz     d/s     dkB/s   drqm/s  %drqm d_await dareq-sz     f/s f_await  aqu-sz  %util


2026년 06월 29일 01시 22분 13초
avg-cpu:  %user   %nice %system %iowait  %steal   %idle
           0.25    0.00    0.13    0.00    0.00   99.62

Device            r/s     rkB/s   rrqm/s  %rrqm r_await rareq-sz     w/s     wkB/s   wrqm/s  %wrqm w_await wareq-sz     d/s     dkB/s   drqm/s  %drqm d_await dareq-sz     f/s f_await  aqu-sz  %util


2026년 06월 29일 01시 22분 14초
avg-cpu:  %user   %nice %system %iowait  %steal   %idle
           0.13    0.00    0.13    0.00    0.00   99.75

Device            r/s     rkB/s   rrqm/s  %rrqm r_await rareq-sz     w/s     wkB/s   wrqm/s  %wrqm w_await wareq-sz     d/s     dkB/s   drqm/s  %drqm d_await dareq-sz     f/s f_await  aqu-sz  %util
sda              0.00      0.00     0.00   0.00    0.00     0.00    1.00      8.00     1.00  50.00   26.00     8.00    0.00      0.00     0.00   0.00    0.00     0.00    0.00    0.00    0.03   2.80


2026년 06월 29일 01시 22분 15초
avg-cpu:  %user   %nice %system %iowait  %steal   %idle
           0.88    0.00    0.50    0.00    0.00   98.61

Device            r/s     rkB/s   rrqm/s  %rrqm r_await rareq-sz     w/s     wkB/s   wrqm/s  %wrqm w_await wareq-sz     d/s     dkB/s   drqm/s  %drqm d_await dareq-sz     f/s f_await  aqu-sz  %util


2026년 06월 29일 01시 22분 16초
avg-cpu:  %user   %nice %system %iowait  %steal   %idle
           0.75    0.00    0.13    0.63    0.00   98.50

Device            r/s     rkB/s   rrqm/s  %rrqm r_await rareq-sz     w/s     wkB/s   wrqm/s  %wrqm w_await wareq-sz     d/s     dkB/s   drqm/s  %drqm d_await dareq-sz     f/s f_await  aqu-sz  %util
sda              0.00      0.00     0.00   0.00    0.00     0.00    2.00     52.00     0.00   0.00   19.00    26.00    0.00      0.00     0.00   0.00    0.00     0.00    2.00   13.50    0.07   3.60


2026년 06월 29일 01시 22분 17초
avg-cpu:  %user   %nice %system %iowait  %steal   %idle
           0.25    0.00    0.38    0.00    0.00   99.37

Device            r/s     rkB/s   rrqm/s  %rrqm r_await rareq-sz     w/s     wkB/s   wrqm/s  %wrqm w_await wareq-sz     d/s     dkB/s   drqm/s  %drqm d_await dareq-sz     f/s f_await  aqu-sz  %util


2026년 06월 29일 01시 22분 18초
avg-cpu:  %user   %nice %system %iowait  %steal   %idle
           0.38    0.00    0.50    0.00    0.00   99.12

Device            r/s     rkB/s   rrqm/s  %rrqm r_await rareq-sz     w/s     wkB/s   wrqm/s  %wrqm w_await wareq-sz     d/s     dkB/s   drqm/s  %drqm d_await dareq-sz     f/s f_await  aqu-sz  %util


2026년 06월 29일 01시 22분 19초
avg-cpu:  %user   %nice %system %iowait  %steal   %idle
           0.13    0.00    0.38    0.00    0.00   99.50

Device            r/s     rkB/s   rrqm/s  %rrqm r_await rareq-sz     w/s     wkB/s   wrqm/s  %wrqm w_await wareq-sz     d/s     dkB/s   drqm/s  %drqm d_await dareq-sz     f/s f_await  aqu-sz  %util


2026년 06월 29일 01시 22분 20초
avg-cpu:  %user   %nice %system %iowait  %steal   %idle
           1.88    0.00    0.88    0.00    0.00   97.24

Device            r/s     rkB/s   rrqm/s  %rrqm r_await rareq-sz     w/s     wkB/s   wrqm/s  %wrqm w_await wareq-sz     d/s     dkB/s   drqm/s  %drqm d_await dareq-sz     f/s f_await  aqu-sz  %util
sda              0.00      0.00     0.00   0.00    0.00     0.00    4.00     28.00    12.00  75.00    3.75     7.00    0.00      0.00     0.00   0.00    0.00     0.00    0.00    0.00    0.01   2.00


2026년 06월 29일 01시 22분 21초
avg-cpu:  %user   %nice %system %iowait  %steal   %idle
           0.50    0.00    0.50    0.75    0.00   98.25

Device            r/s     rkB/s   rrqm/s  %rrqm r_await rareq-sz     w/s     wkB/s   wrqm/s  %wrqm w_await wareq-sz     d/s     dkB/s   drqm/s  %drqm d_await dareq-sz     f/s f_await  aqu-sz  %util
sda              0.00      0.00     0.00   0.00    0.00     0.00    3.00     52.00     0.00   0.00   20.00    17.33    0.00      0.00     0.00   0.00    0.00     0.00    2.00   29.00    0.12   6.00


2026년 06월 29일 01시 22분 22초
avg-cpu:  %user   %nice %system %iowait  %steal   %idle
           0.88    0.00    0.38    0.00    0.00   98.74

Device            r/s     rkB/s   rrqm/s  %rrqm r_await rareq-sz     w/s     wkB/s   wrqm/s  %wrqm w_await wareq-sz     d/s     dkB/s   drqm/s  %drqm d_await dareq-sz     f/s f_await  aqu-sz  %util


2026년 06월 29일 01시 22분 23초
avg-cpu:  %user   %nice %system %iowait  %steal   %idle
           0.25    0.00    0.50    0.00    0.00   99.25

Device            r/s     rkB/s   rrqm/s  %rrqm r_await rareq-sz     w/s     wkB/s   wrqm/s  %wrqm w_await wareq-sz     d/s     dkB/s   drqm/s  %drqm d_await dareq-sz     f/s f_await  aqu-sz  %util


2026년 06월 29일 01시 22분 24초
avg-cpu:  %user   %nice %system %iowait  %steal   %idle
           0.00    0.00    0.25    0.00    0.00   99.75

Device            r/s     rkB/s   rrqm/s  %rrqm r_await rareq-sz     w/s     wkB/s   wrqm/s  %wrqm w_await wareq-sz     d/s     dkB/s   drqm/s  %drqm d_await dareq-sz     f/s f_await  aqu-sz  %util


2026년 06월 29일 01시 22분 25초
avg-cpu:  %user   %nice %system %iowait  %steal   %idle
           0.13    0.00    0.38    0.00    0.00   99.50

Device            r/s     rkB/s   rrqm/s  %rrqm r_await rareq-sz     w/s     wkB/s   wrqm/s  %wrqm w_await wareq-sz     d/s     dkB/s   drqm/s  %drqm d_await dareq-sz     f/s f_await  aqu-sz  %util
sda              0.00      0.00     0.00   0.00    0.00     0.00    1.00     16.00     9.00  90.00    1.00    16.00    0.00      0.00     0.00   0.00    0.00     0.00    0.00    0.00    0.00   0.80


2026년 06월 29일 01시 22분 26초
avg-cpu:  %user   %nice %system %iowait  %steal   %idle
           0.63    0.00    0.13    0.38    0.00   98.87

Device            r/s     rkB/s   rrqm/s  %rrqm r_await rareq-sz     w/s     wkB/s   wrqm/s  %wrqm w_await wareq-sz     d/s     dkB/s   drqm/s  %drqm d_await dareq-sz     f/s f_await  aqu-sz  %util
sda              0.00      0.00     0.00   0.00    0.00     0.00    3.00     52.00     1.00  25.00    9.00    17.33    0.00      0.00     0.00   0.00    0.00     0.00    2.00   12.50    0.05   3.20


2026년 06월 29일 01시 22분 27초
avg-cpu:  %user   %nice %system %iowait  %steal   %idle
           0.50    0.00    0.13    0.00    0.00   99.37

Device            r/s     rkB/s   rrqm/s  %rrqm r_await rareq-sz     w/s     wkB/s   wrqm/s  %wrqm w_await wareq-sz     d/s     dkB/s   drqm/s  %drqm d_await dareq-sz     f/s f_await  aqu-sz  %util


2026년 06월 29일 01시 22분 28초
avg-cpu:  %user   %nice %system %iowait  %steal   %idle
           0.13    0.00    0.13    0.00    0.00   99.75

Device            r/s     rkB/s   rrqm/s  %rrqm r_await rareq-sz     w/s     wkB/s   wrqm/s  %wrqm w_await wareq-sz     d/s     dkB/s   drqm/s  %drqm d_await dareq-sz     f/s f_await  aqu-sz  %util


2026년 06월 29일 01시 22분 29초
avg-cpu:  %user   %nice %system %iowait  %steal   %idle
           0.25    0.00    0.50    0.00    0.00   99.25

Device            r/s     rkB/s   rrqm/s  %rrqm r_await rareq-sz     w/s     wkB/s   wrqm/s  %wrqm w_await wareq-sz     d/s     dkB/s   drqm/s  %drqm d_await dareq-sz     f/s f_await  aqu-sz  %util


2026년 06월 29일 01시 22분 30초
avg-cpu:  %user   %nice %system %iowait  %steal   %idle
           2.87    0.00    1.62    0.00    0.00   95.51

Device            r/s     rkB/s   rrqm/s  %rrqm r_await rareq-sz     w/s     wkB/s   wrqm/s  %wrqm w_await wareq-sz     d/s     dkB/s   drqm/s  %drqm d_await dareq-sz     f/s f_await  aqu-sz  %util
sda              0.00      0.00     0.00   0.00    0.00     0.00    1.00      4.00    10.00  90.91    1.00     4.00    0.00      0.00     0.00   0.00    0.00     0.00    0.00    0.00    0.00   0.80


2026년 06월 29일 01시 22분 31초
avg-cpu:  %user   %nice %system %iowait  %steal   %idle
           0.38    0.00    0.25    0.25    0.00   99.12

Device            r/s     rkB/s   rrqm/s  %rrqm r_await rareq-sz     w/s     wkB/s   wrqm/s  %wrqm w_await wareq-sz     d/s     dkB/s   drqm/s  %drqm d_await dareq-sz     f/s f_await  aqu-sz  %util
sda              0.00      0.00     0.00   0.00    0.00     0.00   15.00    108.00     2.00  11.76    4.13     7.20    0.00      0.00     0.00   0.00    0.00     0.00    2.00   13.00    0.09   3.60


2026년 06월 29일 01시 22분 32초
avg-cpu:  %user   %nice %system %iowait  %steal   %idle
           1.00    0.00    0.63    0.00    0.00   98.37

Device            r/s     rkB/s   rrqm/s  %rrqm r_await rareq-sz     w/s     wkB/s   wrqm/s  %wrqm w_await wareq-sz     d/s     dkB/s   drqm/s  %drqm d_await dareq-sz     f/s f_await  aqu-sz  %util


2026년 06월 29일 01시 22분 33초
avg-cpu:  %user   %nice %system %iowait  %steal   %idle
           0.25    0.00    0.25    0.00    0.00   99.50

Device            r/s     rkB/s   rrqm/s  %rrqm r_await rareq-sz     w/s     wkB/s   wrqm/s  %wrqm w_await wareq-sz     d/s     dkB/s   drqm/s  %drqm d_await dareq-sz     f/s f_await  aqu-sz  %util


