Linux 5.15.0-157-generic (cgda) 	2026년 06월 29일 	_x86_64_	(8 CPU)

2026년 06월 29일 22시 36분 08초
avg-cpu:  %user   %nice %system %iowait  %steal   %idle
           0.10    0.00    0.09    0.08    0.00   99.73

Device            r/s     rkB/s   rrqm/s  %rrqm r_await rareq-sz     w/s     wkB/s   wrqm/s  %wrqm w_await wareq-sz     d/s     dkB/s   drqm/s  %drqm d_await dareq-sz     f/s f_await  aqu-sz  %util
sda              0.04      0.55     0.01  25.39   31.19    15.62    1.28     14.57     0.56  30.47    7.59    11.41    0.00      0.00     0.00   0.00    0.00     0.00    0.24   16.98    0.01   0.64


2026년 06월 29일 22시 36분 09초
avg-cpu:  %user   %nice %system %iowait  %steal   %idle
           0.63    0.00    0.13    0.00    0.00   99.24

Device            r/s     rkB/s   rrqm/s  %rrqm r_await rareq-sz     w/s     wkB/s   wrqm/s  %wrqm w_await wareq-sz     d/s     dkB/s   drqm/s  %drqm d_await dareq-sz     f/s f_await  aqu-sz  %util


2026년 06월 29일 22시 36분 10초
avg-cpu:  %user   %nice %system %iowait  %steal   %idle
          28.52    0.00    0.50   12.31    0.00   58.67

Device            r/s     rkB/s   rrqm/s  %rrqm r_await rareq-sz     w/s     wkB/s   wrqm/s  %wrqm w_await wareq-sz     d/s     dkB/s   drqm/s  %drqm d_await dareq-sz     f/s f_await  aqu-sz  %util
sda              1.00      4.00     0.00   0.00   19.00     4.00   70.00    908.00    56.00  44.44   13.19    12.97    0.00      0.00     0.00   0.00    0.00     0.00   35.00   21.57    1.70  78.00


2026년 06월 29일 22시 36분 11초
avg-cpu:  %user   %nice %system %iowait  %steal   %idle
          16.84    0.00    0.77   10.71    0.00   71.68

Device            r/s     rkB/s   rrqm/s  %rrqm r_await rareq-sz     w/s     wkB/s   wrqm/s  %wrqm w_await wareq-sz     d/s     dkB/s   drqm/s  %drqm d_await dareq-sz     f/s f_await  aqu-sz  %util
sda              0.00      0.00     0.00   0.00    0.00     0.00   77.00    740.00    57.00  42.54   13.48     9.61    0.00      0.00     0.00   0.00    0.00     0.00   45.00   20.76    1.97  94.80


2026년 06월 29일 22시 36분 12초
avg-cpu:  %user   %nice %system %iowait  %steal   %idle
          17.45    0.00    1.14   12.90    0.00   68.52

Device            r/s     rkB/s   rrqm/s  %rrqm r_await rareq-sz     w/s     wkB/s   wrqm/s  %wrqm w_await wareq-sz     d/s     dkB/s   drqm/s  %drqm d_await dareq-sz     f/s f_await  aqu-sz  %util
sda              1.00      4.00     0.00   0.00    0.00     4.00   81.00    764.00    60.00  42.55   13.17     9.43    0.00      0.00     0.00   0.00    0.00     0.00   47.00   19.64    1.99  94.40


2026년 06월 29일 22시 36분 13초
avg-cpu:  %user   %nice %system %iowait  %steal   %idle
          16.62    0.00    0.63   13.32    0.00   69.42

Device            r/s     rkB/s   rrqm/s  %rrqm r_await rareq-sz     w/s     wkB/s   wrqm/s  %wrqm w_await wareq-sz     d/s     dkB/s   drqm/s  %drqm d_await dareq-sz     f/s f_await  aqu-sz  %util
sda              0.00      0.00     0.00   0.00    0.00     0.00   77.00    868.00    56.00  42.11   14.04    11.27    0.00      0.00     0.00   0.00    0.00     0.00   44.00   21.48    2.02  93.60


2026년 06월 29일 22시 36분 14초
avg-cpu:  %user   %nice %system %iowait  %steal   %idle
          19.52    0.00    0.88   14.39    0.00   65.21

Device            r/s     rkB/s   rrqm/s  %rrqm r_await rareq-sz     w/s     wkB/s   wrqm/s  %wrqm w_await wareq-sz     d/s     dkB/s   drqm/s  %drqm d_await dareq-sz     f/s f_await  aqu-sz  %util
sda              1.00      4.00     0.00   0.00    0.00     4.00   82.00    988.00    65.00  44.22   15.15    12.05    0.00      0.00     0.00   0.00    0.00     0.00   47.00   20.26    2.19  95.60


2026년 06월 29일 22시 36분 15초
avg-cpu:  %user   %nice %system %iowait  %steal   %idle
          18.14    0.00    1.01   14.86    0.00   65.99

Device            r/s     rkB/s   rrqm/s  %rrqm r_await rareq-sz     w/s     wkB/s   wrqm/s  %wrqm w_await wareq-sz     d/s     dkB/s   drqm/s  %drqm d_await dareq-sz     f/s f_await  aqu-sz  %util
sda              0.00      0.00     0.00   0.00    0.00     0.00   87.00   1140.00    82.00  48.52   15.17    13.10    0.00      0.00     0.00   0.00    0.00     0.00   48.00   20.08    2.28  95.60


2026년 06월 29일 22시 36분 16초
avg-cpu:  %user   %nice %system %iowait  %steal   %idle
          22.40    0.00    1.63   14.64    0.00   61.33

Device            r/s     rkB/s   rrqm/s  %rrqm r_await rareq-sz     w/s     wkB/s   wrqm/s  %wrqm w_await wareq-sz     d/s     dkB/s   drqm/s  %drqm d_await dareq-sz     f/s f_await  aqu-sz  %util
sda              1.00      4.00     0.00   0.00   20.00     4.00   79.00   1116.00    80.00  50.31   16.59    14.13    0.00      0.00     0.00   0.00    0.00     0.00   43.00   22.07    2.28  94.80


2026년 06월 29일 22시 36분 17초
avg-cpu:  %user   %nice %system %iowait  %steal   %idle
          23.43    0.00    1.00   15.79    0.00   59.77

Device            r/s     rkB/s   rrqm/s  %rrqm r_await rareq-sz     w/s     wkB/s   wrqm/s  %wrqm w_await wareq-sz     d/s     dkB/s   drqm/s  %drqm d_await dareq-sz     f/s f_await  aqu-sz  %util
sda              1.00      4.00     0.00   0.00   34.00     4.00   77.00    952.00    64.00  45.39   17.29    12.36    0.00      0.00     0.00   0.00    0.00     0.00   42.00   22.10    2.29 100.00


2026년 06월 29일 22시 36분 18초
avg-cpu:  %user   %nice %system %iowait  %steal   %idle
          15.93    0.00    1.88   15.06    0.00   67.13

Device            r/s     rkB/s   rrqm/s  %rrqm r_await rareq-sz     w/s     wkB/s   wrqm/s  %wrqm w_await wareq-sz     d/s     dkB/s   drqm/s  %drqm d_await dareq-sz     f/s f_await  aqu-sz  %util
sda              1.00      4.00     0.00   0.00   14.00     4.00   83.00   4236.00    68.00  45.03   15.60    51.04    0.00      0.00     0.00   0.00    0.00     0.00   45.00   20.56    2.23  98.80


2026년 06월 29일 22시 36분 19초
avg-cpu:  %user   %nice %system %iowait  %steal   %idle
           8.87    0.00    1.29   16.45    0.00   73.39

Device            r/s     rkB/s   rrqm/s  %rrqm r_await rareq-sz     w/s     wkB/s   wrqm/s  %wrqm w_await wareq-sz     d/s     dkB/s   drqm/s  %drqm d_await dareq-sz     f/s f_await  aqu-sz  %util
sda              2.00      8.00     0.00   0.00   24.00     4.00   66.00   5832.00    50.00  43.10   19.59    88.36    0.00      0.00     0.00   0.00    0.00     0.00   36.00   26.64    2.30  92.00


2026년 06월 29일 22시 36분 20초
avg-cpu:  %user   %nice %system %iowait  %steal   %idle
          10.83    0.00    0.81   22.60    0.00   65.76

Device            r/s     rkB/s   rrqm/s  %rrqm r_await rareq-sz     w/s     wkB/s   wrqm/s  %wrqm w_await wareq-sz     d/s     dkB/s   drqm/s  %drqm d_await dareq-sz     f/s f_await  aqu-sz  %util
sda             22.00    188.00    27.00  55.10   41.05     8.55   79.00    852.00    41.00  34.17   54.66    10.78    0.00      0.00     0.00   0.00    0.00     0.00   17.00   42.29    5.94  88.80


2026년 06월 29일 22시 36분 21초
avg-cpu:  %user   %nice %system %iowait  %steal   %idle
           9.92    0.00    0.40   23.19    0.00   66.49

Device            r/s     rkB/s   rrqm/s  %rrqm r_await rareq-sz     w/s     wkB/s   wrqm/s  %wrqm w_await wareq-sz     d/s     dkB/s   drqm/s  %drqm d_await dareq-sz     f/s f_await  aqu-sz  %util
sda             25.00    180.00    19.00  43.18   28.96     7.20   67.00    724.00    22.00  24.72   21.49    10.81    0.00      0.00     0.00   0.00    0.00     0.00   29.00   32.62    3.11 106.40


2026년 06월 29일 22시 36분 22초
avg-cpu:  %user   %nice %system %iowait  %steal   %idle
          12.67    0.00    0.54   16.98    0.00   69.81

Device            r/s     rkB/s   rrqm/s  %rrqm r_await rareq-sz     w/s     wkB/s   wrqm/s  %wrqm w_await wareq-sz     d/s     dkB/s   drqm/s  %drqm d_await dareq-sz     f/s f_await  aqu-sz  %util
sda             26.00    244.00    34.00  56.67   18.46     9.38   58.00   1176.00    36.00  38.30   15.19    20.28    0.00      0.00     0.00   0.00    0.00     0.00   34.00   21.41    2.09  92.00


2026년 06월 29일 22시 36분 23초
avg-cpu:  %user   %nice %system %iowait  %steal   %idle
           8.06    0.00    0.94   14.11    0.00   76.88

Device            r/s     rkB/s   rrqm/s  %rrqm r_await rareq-sz     w/s     wkB/s   wrqm/s  %wrqm w_await wareq-sz     d/s     dkB/s   drqm/s  %drqm d_await dareq-sz     f/s f_await  aqu-sz  %util
sda              2.00     24.00     4.00  66.67   22.50    12.00   75.00   3040.00    53.00  41.41   14.59    40.53    0.00      0.00     0.00   0.00    0.00     0.00   40.00   22.52    2.04  94.40


2026년 06월 29일 22시 36분 24초
avg-cpu:  %user   %nice %system %iowait  %steal   %idle
           5.44    0.00    0.95   15.65    0.00   77.96

Device            r/s     rkB/s   rrqm/s  %rrqm r_await rareq-sz     w/s     wkB/s   wrqm/s  %wrqm w_await wareq-sz     d/s     dkB/s   drqm/s  %drqm d_await dareq-sz     f/s f_await  aqu-sz  %util
sda              1.00     16.00     3.00  75.00   34.00    16.00   78.00   2100.00    55.00  41.35   15.54    26.92    0.00      0.00     0.00   0.00    0.00     0.00   42.00   22.81    2.20  95.60


2026년 06월 29일 22시 36분 25초
avg-cpu:  %user   %nice %system %iowait  %steal   %idle
          23.45    0.00    0.92   13.70    0.00   61.92

Device            r/s     rkB/s   rrqm/s  %rrqm r_await rareq-sz     w/s     wkB/s   wrqm/s  %wrqm w_await wareq-sz     d/s     dkB/s   drqm/s  %drqm d_await dareq-sz     f/s f_await  aqu-sz  %util
sda              2.00     12.00     1.00  33.33   13.00     6.00   81.00   1284.00    62.00  43.36   15.60    15.85    0.00      0.00     0.00   0.00    0.00     0.00   41.00   22.90    2.23  95.60


2026년 06월 29일 22시 36분 26초
avg-cpu:  %user   %nice %system %iowait  %steal   %idle
          19.30    0.00    1.30   15.51    0.00   63.89

Device            r/s     rkB/s   rrqm/s  %rrqm r_await rareq-sz     w/s     wkB/s   wrqm/s  %wrqm w_await wareq-sz     d/s     dkB/s   drqm/s  %drqm d_await dareq-sz     f/s f_await  aqu-sz  %util
sda              2.00      8.00     0.00   0.00   36.00     4.00   84.00   1344.00    56.00  40.00   17.49    16.00    0.00      0.00     0.00   0.00    0.00     0.00   41.00   22.44    2.46  92.40


2026년 06월 29일 22시 36분 27초
avg-cpu:  %user   %nice %system %iowait  %steal   %idle
          12.63    0.00    0.52   13.93    0.00   72.92

Device            r/s     rkB/s   rrqm/s  %rrqm r_await rareq-sz     w/s     wkB/s   wrqm/s  %wrqm w_await wareq-sz     d/s     dkB/s   drqm/s  %drqm d_await dareq-sz     f/s f_await  aqu-sz  %util
sda              0.00      0.00     0.00   0.00    0.00     0.00   87.00   1292.00    47.00  35.07   13.82    14.85    0.00      0.00     0.00   0.00    0.00     0.00   40.00   24.18    2.17 100.80


2026년 06월 29일 22시 36분 28초
avg-cpu:  %user   %nice %system %iowait  %steal   %idle
           9.07    0.00    0.66   16.43    0.00   73.85

Device            r/s     rkB/s   rrqm/s  %rrqm r_await rareq-sz     w/s     wkB/s   wrqm/s  %wrqm w_await wareq-sz     d/s     dkB/s   drqm/s  %drqm d_await dareq-sz     f/s f_await  aqu-sz  %util
sda              2.00      8.00     0.00   0.00   28.50     4.00   88.00   1260.00    51.00  36.69   14.23    14.32    0.00      0.00     0.00   0.00    0.00     0.00   44.00   20.80    2.22  96.00


2026년 06월 29일 22시 36분 29초
avg-cpu:  %user   %nice %system %iowait  %steal   %idle
           7.56    0.00    0.27   17.90    0.00   74.27

Device            r/s     rkB/s   rrqm/s  %rrqm r_await rareq-sz     w/s     wkB/s   wrqm/s  %wrqm w_await wareq-sz     d/s     dkB/s   drqm/s  %drqm d_await dareq-sz     f/s f_await  aqu-sz  %util
sda              1.00      4.00     0.00   0.00   22.00     4.00   71.00   1028.00    43.00  37.72   19.42    14.48    0.00      0.00     0.00   0.00    0.00     0.00   36.00   26.42    2.35  93.60


2026년 06월 29일 22시 36분 30초
avg-cpu:  %user   %nice %system %iowait  %steal   %idle
           6.76    0.00    0.40   18.04    0.00   74.80

Device            r/s     rkB/s   rrqm/s  %rrqm r_await rareq-sz     w/s     wkB/s   wrqm/s  %wrqm w_await wareq-sz     d/s     dkB/s   drqm/s  %drqm d_await dareq-sz     f/s f_await  aqu-sz  %util
sda              2.00      8.00     0.00   0.00   54.00     4.00   84.00   1096.00    53.00  38.69   15.63    13.05    0.00      0.00     0.00   0.00    0.00     0.00   45.00   20.20    2.33 100.00


2026년 06월 29일 22시 36분 31초
avg-cpu:  %user   %nice %system %iowait  %steal   %idle
           8.71    0.00    0.53   16.75    0.00   74.01

Device            r/s     rkB/s   rrqm/s  %rrqm r_await rareq-sz     w/s     wkB/s   wrqm/s  %wrqm w_await wareq-sz     d/s     dkB/s   drqm/s  %drqm d_await dareq-sz     f/s f_await  aqu-sz  %util
sda              5.00     36.00     4.00  44.44   21.40     7.20   74.00   2112.00    49.00  39.84   16.66    28.54    0.00      0.00     0.00   0.00    0.00     0.00   39.00   23.97    2.27  95.60


2026년 06월 29일 22시 36분 32초
avg-cpu:  %user   %nice %system %iowait  %steal   %idle
           6.86    0.00    1.32   16.09    0.00   75.73

Device            r/s     rkB/s   rrqm/s  %rrqm r_await rareq-sz     w/s     wkB/s   wrqm/s  %wrqm w_await wareq-sz     d/s     dkB/s   drqm/s  %drqm d_await dareq-sz     f/s f_await  aqu-sz  %util
sda              2.00      8.00     0.00   0.00   54.50     4.00   80.00    988.00    45.00  36.00   15.93    12.35    0.00      0.00     0.00   0.00    0.00     0.00   42.00   21.95    2.31  91.20


2026년 06월 29일 22시 36분 33초
avg-cpu:  %user   %nice %system %iowait  %steal   %idle
           5.59    0.00    1.07   15.85    0.00   77.50

Device            r/s     rkB/s   rrqm/s  %rrqm r_await rareq-sz     w/s     wkB/s   wrqm/s  %wrqm w_await wareq-sz     d/s     dkB/s   drqm/s  %drqm d_await dareq-sz     f/s f_await  aqu-sz  %util
sda              1.00      4.00     0.00   0.00   25.00     4.00   93.00   1208.00    54.00  36.73   13.34    12.99    0.00      0.00     0.00   0.00    0.00     0.00   51.00   18.39    2.20  93.60


2026년 06월 29일 22시 36분 34초
avg-cpu:  %user   %nice %system %iowait  %steal   %idle
          11.60    0.00    0.40   16.13    0.00   71.87

Device            r/s     rkB/s   rrqm/s  %rrqm r_await rareq-sz     w/s     wkB/s   wrqm/s  %wrqm w_await wareq-sz     d/s     dkB/s   drqm/s  %drqm d_await dareq-sz     f/s f_await  aqu-sz  %util
sda              2.00      8.00     0.00   0.00   34.00     4.00   80.00   1084.00    54.00  40.30   16.04    13.55    0.00      0.00     0.00   0.00    0.00     0.00   43.00   20.84    2.25  98.80


2026년 06월 29일 22시 36분 35초
avg-cpu:  %user   %nice %system %iowait  %steal   %idle
           7.16    0.00    1.72   14.19    0.00   76.92

Device            r/s     rkB/s   rrqm/s  %rrqm r_await rareq-sz     w/s     wkB/s   wrqm/s  %wrqm w_await wareq-sz     d/s     dkB/s   drqm/s  %drqm d_await dareq-sz     f/s f_await  aqu-sz  %util
sda              0.00      0.00     0.00   0.00    0.00     0.00   79.00   1124.00    72.00  47.68   15.80    14.23    0.00      0.00     0.00   0.00    0.00     0.00   38.00   25.03    2.20  96.80


2026년 06월 29일 22시 36분 36초
avg-cpu:  %user   %nice %system %iowait  %steal   %idle
          11.04    0.00    1.97   13.40    0.00   73.59

Device            r/s     rkB/s   rrqm/s  %rrqm r_await rareq-sz     w/s     wkB/s   wrqm/s  %wrqm w_await wareq-sz     d/s     dkB/s   drqm/s  %drqm d_await dareq-sz     f/s f_await  aqu-sz  %util
sda              1.00      4.00     0.00   0.00   63.00     4.00   82.00   1148.00    62.00  43.06   14.22    14.00    0.00      0.00     0.00   0.00    0.00     0.00   42.00   23.14    2.20  99.20


2026년 06월 29일 22시 36분 37초
avg-cpu:  %user   %nice %system %iowait  %steal   %idle
           8.86    0.00    1.06   13.49    0.00   76.59

Device            r/s     rkB/s   rrqm/s  %rrqm r_await rareq-sz     w/s     wkB/s   wrqm/s  %wrqm w_await wareq-sz     d/s     dkB/s   drqm/s  %drqm d_await dareq-sz     f/s f_await  aqu-sz  %util
sda              3.00     12.00     0.00   0.00   19.33     4.00   75.00   3996.00    54.00  41.86   14.36    53.28    0.00      0.00     0.00   0.00    0.00     0.00   38.00   23.89    2.04  97.60


2026년 06월 29일 22시 36분 38초
avg-cpu:  %user   %nice %system %iowait  %steal   %idle
           9.29    0.00    1.05   14.79    0.00   74.87

Device            r/s     rkB/s   rrqm/s  %rrqm r_await rareq-sz     w/s     wkB/s   wrqm/s  %wrqm w_await wareq-sz     d/s     dkB/s   drqm/s  %drqm d_await dareq-sz     f/s f_await  aqu-sz  %util
sda              0.00      0.00     0.00   0.00    0.00     0.00   76.00   1140.00    50.00  39.68   15.42    15.00    0.00      0.00     0.00   0.00    0.00     0.00   40.00   23.48    2.11  96.40


2026년 06월 29일 22시 36분 39초
avg-cpu:  %user   %nice %system %iowait  %steal   %idle
           3.59    0.00    0.53   13.30    0.00   82.58

Device            r/s     rkB/s   rrqm/s  %rrqm r_await rareq-sz     w/s     wkB/s   wrqm/s  %wrqm w_await wareq-sz     d/s     dkB/s   drqm/s  %drqm d_await dareq-sz     f/s f_await  aqu-sz  %util
sda              1.00     16.00     3.00  75.00   24.00    16.00   77.00   1028.00    47.00  37.90   13.70    13.35    0.00      0.00     0.00   0.00    0.00     0.00   42.00   21.17    1.97  92.00


2026년 06월 29일 22시 36분 40초
avg-cpu:  %user   %nice %system %iowait  %steal   %idle
           6.46    0.00    0.66   17.13    0.00   75.76

Device            r/s     rkB/s   rrqm/s  %rrqm r_await rareq-sz     w/s     wkB/s   wrqm/s  %wrqm w_await wareq-sz     d/s     dkB/s   drqm/s  %drqm d_await dareq-sz     f/s f_await  aqu-sz  %util
sda              0.00      0.00     0.00   0.00    0.00     0.00   95.00   1140.00    55.00  36.67   25.84    12.00    0.00      0.00     0.00   0.00    0.00     0.00   37.00   25.68    3.41  96.40


2026년 06월 29일 22시 36분 41초
avg-cpu:  %user   %nice %system %iowait  %steal   %idle
           4.65    0.00    0.66   15.16    0.00   79.52

Device            r/s     rkB/s   rrqm/s  %rrqm r_await rareq-sz     w/s     wkB/s   wrqm/s  %wrqm w_await wareq-sz     d/s     dkB/s   drqm/s  %drqm d_await dareq-sz     f/s f_await  aqu-sz  %util
sda              1.00     16.00     3.00  75.00   44.00    16.00   87.00   1108.00    58.00  40.00   14.64    12.74    0.00      0.00     0.00   0.00    0.00     0.00   46.00   19.98    2.24  97.60


2026년 06월 29일 22시 36분 42초
avg-cpu:  %user   %nice %system %iowait  %steal   %idle
           4.78    0.00    0.80   14.34    0.00   80.08

Device            r/s     rkB/s   rrqm/s  %rrqm r_await rareq-sz     w/s     wkB/s   wrqm/s  %wrqm w_await wareq-sz     d/s     dkB/s   drqm/s  %drqm d_await dareq-sz     f/s f_await  aqu-sz  %util
sda              1.00      8.00     1.00  50.00    9.00     8.00   87.00   1104.00    56.00  39.16   13.66    12.69    0.00      0.00     0.00   0.00    0.00     0.00   48.00   19.58    2.14  93.60


2026년 06월 29일 22시 36분 43초
avg-cpu:  %user   %nice %system %iowait  %steal   %idle
           3.47    0.00    0.40   15.35    0.00   80.77

Device            r/s     rkB/s   rrqm/s  %rrqm r_await rareq-sz     w/s     wkB/s   wrqm/s  %wrqm w_await wareq-sz     d/s     dkB/s   drqm/s  %drqm d_await dareq-sz     f/s f_await  aqu-sz  %util
sda              1.00      4.00     0.00   0.00   24.00     4.00   81.00   1032.00    52.00  39.10   15.53    12.74    0.00      0.00     0.00   0.00    0.00     0.00   43.00   21.88    2.22  94.40


2026년 06월 29일 22시 36분 44초
avg-cpu:  %user   %nice %system %iowait  %steal   %idle
           9.74    0.00    0.79   18.55    0.00   70.92

Device            r/s     rkB/s   rrqm/s  %rrqm r_await rareq-sz     w/s     wkB/s   wrqm/s  %wrqm w_await wareq-sz     d/s     dkB/s   drqm/s  %drqm d_await dareq-sz     f/s f_await  aqu-sz  %util
sda              1.00      4.00     0.00   0.00   23.00     4.00   80.00   2140.00    58.00  42.03   18.99    26.75    0.00      0.00     0.00   0.00    0.00     0.00   41.00   22.41    2.46  90.00


2026년 06월 29일 22시 36분 45초
avg-cpu:  %user   %nice %system %iowait  %steal   %idle
           3.86    0.00    0.93   15.31    0.00   79.89

Device            r/s     rkB/s   rrqm/s  %rrqm r_await rareq-sz     w/s     wkB/s   wrqm/s  %wrqm w_await wareq-sz     d/s     dkB/s   drqm/s  %drqm d_await dareq-sz     f/s f_await  aqu-sz  %util
sda              2.00      8.00     0.00   0.00   29.50     4.00   80.00   1156.00    65.00  44.83   14.57    14.45    0.00      0.00     0.00   0.00    0.00     0.00   41.00   22.63    2.15  94.40


2026년 06월 29일 22시 36분 46초
avg-cpu:  %user   %nice %system %iowait  %steal   %idle
           7.48    0.00    2.10   13.65    0.00   76.77

Device            r/s     rkB/s   rrqm/s  %rrqm r_await rareq-sz     w/s     wkB/s   wrqm/s  %wrqm w_await wareq-sz     d/s     dkB/s   drqm/s  %drqm d_await dareq-sz     f/s f_await  aqu-sz  %util
sda              2.00      8.00     0.00   0.00   17.00     4.00   87.00   1232.00    70.00  44.59   12.76    14.16    0.00      0.00     0.00   0.00    0.00     0.00   49.00   19.06    2.08  97.20


2026년 06월 29일 22시 36분 47초
avg-cpu:  %user   %nice %system %iowait  %steal   %idle
           2.53    0.00    0.80   16.09    0.00   80.59

Device            r/s     rkB/s   rrqm/s  %rrqm r_await rareq-sz     w/s     wkB/s   wrqm/s  %wrqm w_await wareq-sz     d/s     dkB/s   drqm/s  %drqm d_await dareq-sz     f/s f_await  aqu-sz  %util
sda              3.00     12.00     0.00   0.00   26.33     4.00   87.00   1232.00    54.00  38.30   14.59    14.16    0.00      0.00     0.00   0.00    0.00     0.00   43.00   20.93    2.25  88.40


2026년 06월 29일 22시 36분 48초
avg-cpu:  %user   %nice %system %iowait  %steal   %idle
           3.19    0.00    0.93   15.29    0.00   80.59

Device            r/s     rkB/s   rrqm/s  %rrqm r_await rareq-sz     w/s     wkB/s   wrqm/s  %wrqm w_await wareq-sz     d/s     dkB/s   drqm/s  %drqm d_await dareq-sz     f/s f_await  aqu-sz  %util
sda              1.00      4.00     0.00   0.00   35.00     4.00   82.00   1108.00    54.00  39.71   14.91    13.51    0.00      0.00     0.00   0.00    0.00     0.00   44.00   21.41    2.20  92.40


2026년 06월 29일 22시 36분 49초
avg-cpu:  %user   %nice %system %iowait  %steal   %idle
           3.15    0.00    1.18   16.78    0.00   78.90

Device            r/s     rkB/s   rrqm/s  %rrqm r_await rareq-sz     w/s     wkB/s   wrqm/s  %wrqm w_await wareq-sz     d/s     dkB/s   drqm/s  %drqm d_await dareq-sz     f/s f_await  aqu-sz  %util
sda              1.00      4.00     0.00   0.00   24.00     4.00   79.00   1048.00    50.00  38.76   20.29    13.27    0.00      0.00     0.00   0.00    0.00     0.00   40.00   23.25    2.56  94.40


2026년 06월 29일 22시 36분 50초
avg-cpu:  %user   %nice %system %iowait  %steal   %idle
           5.98    0.00    2.42   17.81    0.00   73.79

Device            r/s     rkB/s   rrqm/s  %rrqm r_await rareq-sz     w/s     wkB/s   wrqm/s  %wrqm w_await wareq-sz     d/s     dkB/s   drqm/s  %drqm d_await dareq-sz     f/s f_await  aqu-sz  %util
sda              2.00      8.00     0.00   0.00   52.50     4.00   85.00   2428.00    62.00  42.18   17.34    28.56    0.00      0.00     0.00   0.00    0.00     0.00   36.00   25.42    2.50  96.00


2026년 06월 29일 22시 36분 51초
avg-cpu:  %user   %nice %system %iowait  %steal   %idle
           4.57    0.00    2.03   21.57    0.00   71.83

Device            r/s     rkB/s   rrqm/s  %rrqm r_await rareq-sz     w/s     wkB/s   wrqm/s  %wrqm w_await wareq-sz     d/s     dkB/s   drqm/s  %drqm d_await dareq-sz     f/s f_await  aqu-sz  %util
sda              0.00      0.00     0.00   0.00    0.00     0.00   94.00   2808.00    30.00  24.19   18.83    29.87    0.00      0.00     0.00   0.00    0.00     0.00   31.00   29.16    2.67  92.00


2026년 06월 29일 22시 36분 52초
avg-cpu:  %user   %nice %system %iowait  %steal   %idle
           4.15    0.00    2.64   19.87    0.00   73.33

Device            r/s     rkB/s   rrqm/s  %rrqm r_await rareq-sz     w/s     wkB/s   wrqm/s  %wrqm w_await wareq-sz     d/s     dkB/s   drqm/s  %drqm d_await dareq-sz     f/s f_await  aqu-sz  %util
sda              2.00      8.00     1.00  33.33   57.00     4.00   75.00   1680.00    24.00  24.24   22.81    22.40    0.00      0.00     0.00   0.00    0.00     0.00   30.00   34.97    2.87  87.20


2026년 06월 29일 22시 36분 53초
avg-cpu:  %user   %nice %system %iowait  %steal   %idle
           4.92    0.00    3.03   21.82    0.00   70.24

Device            r/s     rkB/s   rrqm/s  %rrqm r_await rareq-sz     w/s     wkB/s   wrqm/s  %wrqm w_await wareq-sz     d/s     dkB/s   drqm/s  %drqm d_await dareq-sz     f/s f_await  aqu-sz  %util
sda              3.00     16.00     0.00   0.00   54.67     5.33   91.00   1824.00    30.00  24.79   18.56    20.04    0.00      0.00     0.00   0.00    0.00     0.00   40.00   23.85    2.81  92.00


2026년 06월 29일 22시 36분 54초
avg-cpu:  %user   %nice %system %iowait  %steal   %idle
           9.26    0.00    3.63   17.52    0.00   69.59

Device            r/s     rkB/s   rrqm/s  %rrqm r_await rareq-sz     w/s     wkB/s   wrqm/s  %wrqm w_await wareq-sz     d/s     dkB/s   drqm/s  %drqm d_await dareq-sz     f/s f_await  aqu-sz  %util
sda              3.00     12.00     0.00   0.00   31.67     4.00   87.00   2028.00    45.00  34.09   16.56    23.31    0.00      0.00     0.00   0.00    0.00     0.00   36.00   27.36    2.52  99.60


2026년 06월 29일 22시 36분 55초
avg-cpu:  %user   %nice %system %iowait  %steal   %idle
           9.82    0.00    2.64   14.23    0.00   73.30

Device            r/s     rkB/s   rrqm/s  %rrqm r_await rareq-sz     w/s     wkB/s   wrqm/s  %wrqm w_await wareq-sz     d/s     dkB/s   drqm/s  %drqm d_await dareq-sz     f/s f_await  aqu-sz  %util
sda              2.00      8.00     0.00   0.00   33.50     4.00   79.00   1792.00    59.00  42.75   15.97    22.68    0.00      0.00     0.00   0.00    0.00     0.00   42.00   21.88    2.25  89.20


2026년 06월 29일 22시 36분 56초
avg-cpu:  %user   %nice %system %iowait  %steal   %idle
          10.24    0.00    3.92   14.03    0.00   71.81

Device            r/s     rkB/s   rrqm/s  %rrqm r_await rareq-sz     w/s     wkB/s   wrqm/s  %wrqm w_await wareq-sz     d/s     dkB/s   drqm/s  %drqm d_await dareq-sz     f/s f_await  aqu-sz  %util
sda              1.00     12.00     2.00  66.67   36.00    12.00   81.00   3032.00    71.00  46.71   16.63    37.43    0.00      0.00     0.00   0.00    0.00     0.00   41.00   23.46    2.35  98.00


2026년 06월 29일 22시 36분 57초
avg-cpu:  %user   %nice %system %iowait  %steal   %idle
          12.33    0.00    2.52   20.25    0.00   64.91

Device            r/s     rkB/s   rrqm/s  %rrqm r_await rareq-sz     w/s     wkB/s   wrqm/s  %wrqm w_await wareq-sz     d/s     dkB/s   drqm/s  %drqm d_await dareq-sz     f/s f_await  aqu-sz  %util
sda              0.00      0.00     0.00   0.00    0.00     0.00   85.00   2144.00    43.00  33.59   21.42    25.22    0.00      0.00     0.00   0.00    0.00     0.00   35.00   27.77    2.79  97.20


2026년 06월 29일 22시 36분 58초
avg-cpu:  %user   %nice %system %iowait  %steal   %idle
           6.70    0.00    1.90   17.32    0.00   74.08

Device            r/s     rkB/s   rrqm/s  %rrqm r_await rareq-sz     w/s     wkB/s   wrqm/s  %wrqm w_await wareq-sz     d/s     dkB/s   drqm/s  %drqm d_await dareq-sz     f/s f_await  aqu-sz  %util
sda              1.00     16.00     3.00  75.00   45.00    16.00   69.00   1772.00    28.00  28.87   19.72    25.68    0.00      0.00     0.00   0.00    0.00     0.00   28.00   33.29    2.34  90.40


2026년 06월 29일 22시 36분 59초
avg-cpu:  %user   %nice %system %iowait  %steal   %idle
           4.96    0.00    2.03   18.93    0.00   74.08

Device            r/s     rkB/s   rrqm/s  %rrqm r_await rareq-sz     w/s     wkB/s   wrqm/s  %wrqm w_await wareq-sz     d/s     dkB/s   drqm/s  %drqm d_await dareq-sz     f/s f_await  aqu-sz  %util
sda              3.00     12.00     0.00   0.00   84.67     4.00   77.00   1764.00    29.00  27.36   19.48    22.91    0.00      0.00     0.00   0.00    0.00     0.00   37.00   27.92    2.79  96.80


2026년 06월 29일 22시 37분 00초
avg-cpu:  %user   %nice %system %iowait  %steal   %idle
           4.94    0.00    2.28   17.11    0.00   75.67

Device            r/s     rkB/s   rrqm/s  %rrqm r_await rareq-sz     w/s     wkB/s   wrqm/s  %wrqm w_await wareq-sz     d/s     dkB/s   drqm/s  %drqm d_await dareq-sz     f/s f_await  aqu-sz  %util
sda              0.00      0.00     0.00   0.00    0.00     0.00   77.00   1900.00    26.00  25.24   19.47    24.68    0.00      0.00     0.00   0.00    0.00     0.00   34.00   28.29    2.46  90.40


2026년 06월 29일 22시 37분 01초
avg-cpu:  %user   %nice %system %iowait  %steal   %idle
           7.84    0.00    2.02   22.50    0.00   67.64

Device            r/s     rkB/s   rrqm/s  %rrqm r_await rareq-sz     w/s     wkB/s   wrqm/s  %wrqm w_await wareq-sz     d/s     dkB/s   drqm/s  %drqm d_await dareq-sz     f/s f_await  aqu-sz  %util
sda              2.00      8.00     0.00   0.00   91.00     4.00   69.00   1644.00    34.00  33.01   27.48    23.83    0.00      0.00     0.00   0.00    0.00     0.00   27.00   36.70    3.07  96.40


2026년 06월 29일 22시 37분 02초
avg-cpu:  %user   %nice %system %iowait  %steal   %idle
           6.84    0.00    2.03   20.91    0.00   70.22

Device            r/s     rkB/s   rrqm/s  %rrqm r_await rareq-sz     w/s     wkB/s   wrqm/s  %wrqm w_await wareq-sz     d/s     dkB/s   drqm/s  %drqm d_await dareq-sz     f/s f_await  aqu-sz  %util
sda              2.00      8.00     0.00   0.00   21.50     4.00   73.00   2388.00    41.00  35.96   24.79    32.71    0.00      0.00     0.00   0.00    0.00     0.00   32.00   29.28    2.79  89.60


2026년 06월 29일 22시 37분 03초
avg-cpu:  %user   %nice %system %iowait  %steal   %idle
           8.83    0.00    1.89   16.65    0.00   72.64

Device            r/s     rkB/s   rrqm/s  %rrqm r_await rareq-sz     w/s     wkB/s   wrqm/s  %wrqm w_await wareq-sz     d/s     dkB/s   drqm/s  %drqm d_await dareq-sz     f/s f_await  aqu-sz  %util
sda              2.00     16.00     2.00  50.00   21.00     8.00   82.00   3284.00    60.00  42.25   16.37    40.05    0.00      0.00     0.00   0.00    0.00     0.00   45.00   21.16    2.34  90.80


2026년 06월 29일 22시 37분 04초
avg-cpu:  %user   %nice %system %iowait  %steal   %idle
           7.64    0.00    2.29   13.89    0.00   76.18

Device            r/s     rkB/s   rrqm/s  %rrqm r_await rareq-sz     w/s     wkB/s   wrqm/s  %wrqm w_await wareq-sz     d/s     dkB/s   drqm/s  %drqm d_await dareq-sz     f/s f_await  aqu-sz  %util
sda              3.00     28.00     4.00  57.14   19.00     9.33   77.00   1848.00    52.00  40.31   15.49    24.00    0.00      0.00     0.00   0.00    0.00     0.00   44.00   21.41    2.19  93.20


2026년 06월 29일 22시 37분 05초
avg-cpu:  %user   %nice %system %iowait  %steal   %idle
           7.92    0.00    2.68   15.45    0.00   73.95

Device            r/s     rkB/s   rrqm/s  %rrqm r_await rareq-sz     w/s     wkB/s   wrqm/s  %wrqm w_await wareq-sz     d/s     dkB/s   drqm/s  %drqm d_await dareq-sz     f/s f_await  aqu-sz  %util
sda              2.00      8.00     0.00   0.00   67.00     4.00   65.00   2432.00    77.00  54.23   17.63    37.42    0.00      0.00     0.00   0.00    0.00     0.00   36.00   24.67    2.17  89.60


2026년 06월 29일 22시 37분 06초
avg-cpu:  %user   %nice %system %iowait  %steal   %idle
           8.70    0.00    3.28   14.00    0.00   74.02

Device            r/s     rkB/s   rrqm/s  %rrqm r_await rareq-sz     w/s     wkB/s   wrqm/s  %wrqm w_await wareq-sz     d/s     dkB/s   drqm/s  %drqm d_await dareq-sz     f/s f_await  aqu-sz  %util
sda              1.00      4.00     0.00   0.00   34.00     4.00   77.00   1376.00    70.00  47.62   15.97    17.87    0.00      0.00     0.00   0.00    0.00     0.00   40.00   22.88    2.18  96.00


2026년 06월 29일 22시 37분 07초
avg-cpu:  %user   %nice %system %iowait  %steal   %idle
           6.71    0.00    2.53   14.05    0.00   76.71

Device            r/s     rkB/s   rrqm/s  %rrqm r_await rareq-sz     w/s     wkB/s   wrqm/s  %wrqm w_await wareq-sz     d/s     dkB/s   drqm/s  %drqm d_await dareq-sz     f/s f_await  aqu-sz  %util
sda              1.00      4.00     0.00   0.00   29.00     4.00   72.00   1068.00    47.00  39.50   15.26    14.83    0.00      0.00     0.00   0.00    0.00     0.00   39.00   24.36    2.08  90.40


2026년 06월 29일 22시 37분 08초
avg-cpu:  %user   %nice %system %iowait  %steal   %idle
           7.36    0.00    2.03   15.48    0.00   75.13

Device            r/s     rkB/s   rrqm/s  %rrqm r_await rareq-sz     w/s     wkB/s   wrqm/s  %wrqm w_await wareq-sz     d/s     dkB/s   drqm/s  %drqm d_await dareq-sz     f/s f_await  aqu-sz  %util
sda              3.00     12.00     0.00   0.00   35.67     4.00   77.00   1344.00    51.00  39.84   15.35    17.45    0.00      0.00     0.00   0.00    0.00     0.00   40.00   21.95    2.17  96.40


2026년 06월 29일 22시 37분 09초
avg-cpu:  %user   %nice %system %iowait  %steal   %idle
           6.83    0.00    3.16   16.94    0.00   73.07

Device            r/s     rkB/s   rrqm/s  %rrqm r_await rareq-sz     w/s     wkB/s   wrqm/s  %wrqm w_await wareq-sz     d/s     dkB/s   drqm/s  %drqm d_await dareq-sz     f/s f_await  aqu-sz  %util
sda              1.00      4.00     0.00   0.00   87.00     4.00   67.00   1320.00    44.00  39.64   19.30    19.70    0.00      0.00     0.00   0.00    0.00     0.00   35.00   27.37    2.34  95.60


2026년 06월 29일 22시 37분 10초
avg-cpu:  %user   %nice %system %iowait  %steal   %idle
           6.27    0.00    1.79   15.98    0.00   75.96

Device            r/s     rkB/s   rrqm/s  %rrqm r_await rareq-sz     w/s     wkB/s   wrqm/s  %wrqm w_await wareq-sz     d/s     dkB/s   drqm/s  %drqm d_await dareq-sz     f/s f_await  aqu-sz  %util
sda              1.00      4.00     0.00   0.00   41.00     4.00   79.00   2300.00    40.00  33.61   17.06    29.11    0.00      0.00     0.00   0.00    0.00     0.00   42.00   22.40    2.33  93.20


2026년 06월 29일 22시 37분 11초
avg-cpu:  %user   %nice %system %iowait  %steal   %idle
           8.50    0.00    2.16   15.61    0.00   73.73

Device            r/s     rkB/s   rrqm/s  %rrqm r_await rareq-sz     w/s     wkB/s   wrqm/s  %wrqm w_await wareq-sz     d/s     dkB/s   drqm/s  %drqm d_await dareq-sz     f/s f_await  aqu-sz  %util
sda              3.00     12.00     0.00   0.00   21.33     4.00   75.00   1688.00    48.00  39.02   17.03    22.51    0.00      0.00     0.00   0.00    0.00     0.00   39.00   23.46    2.26  95.60


2026년 06월 29일 22시 37분 12초
avg-cpu:  %user   %nice %system %iowait  %steal   %idle
           6.57    0.00    2.27   20.58    0.00   70.58

Device            r/s     rkB/s   rrqm/s  %rrqm r_await rareq-sz     w/s     wkB/s   wrqm/s  %wrqm w_await wareq-sz     d/s     dkB/s   drqm/s  %drqm d_await dareq-sz     f/s f_await  aqu-sz  %util
sda              4.00     16.00     0.00   0.00   39.50     4.00   68.00   3132.00    42.00  38.18   27.19    46.06    0.00      0.00     0.00   0.00    0.00     0.00   33.00   27.88    2.93  99.60


2026년 06월 29일 22시 37분 13초
avg-cpu:  %user   %nice %system %iowait  %steal   %idle
           7.31    0.00    3.53   14.25    0.00   74.91

Device            r/s     rkB/s   rrqm/s  %rrqm r_await rareq-sz     w/s     wkB/s   wrqm/s  %wrqm w_await wareq-sz     d/s     dkB/s   drqm/s  %drqm d_await dareq-sz     f/s f_await  aqu-sz  %util
sda              6.00     24.00     0.00   0.00   33.33     4.00   81.00   2068.00    56.00  40.88   14.90    25.53    0.00      0.00     0.00   0.00    0.00     0.00   42.00   21.14    2.29  87.20


2026년 06월 29일 22시 37분 14초
avg-cpu:  %user   %nice %system %iowait  %steal   %idle
           6.81    0.00    3.53   14.25    0.00   75.41

Device            r/s     rkB/s   rrqm/s  %rrqm r_await rareq-sz     w/s     wkB/s   wrqm/s  %wrqm w_await wareq-sz     d/s     dkB/s   drqm/s  %drqm d_await dareq-sz     f/s f_await  aqu-sz  %util
sda              2.00      8.00     0.00   0.00   26.00     4.00   79.00   1844.00    55.00  41.04   15.76    23.34    0.00      0.00     0.00   0.00    0.00     0.00   38.00   25.08    2.25  96.80


2026년 06월 29일 22시 37분 15초
avg-cpu:  %user   %nice %system %iowait  %steal   %idle
           6.58    0.00    3.67   14.68    0.00   75.06

Device            r/s     rkB/s   rrqm/s  %rrqm r_await rareq-sz     w/s     wkB/s   wrqm/s  %wrqm w_await wareq-sz     d/s     dkB/s   drqm/s  %drqm d_await dareq-sz     f/s f_await  aqu-sz  %util
sda              0.00      0.00     0.00   0.00    0.00     0.00   96.00   1824.00    51.00  34.69   14.54    19.00    0.00      0.00     0.00   0.00    0.00     0.00   41.00   23.27    2.35  96.00


2026년 06월 29일 22시 37분 16초
avg-cpu:  %user   %nice %system %iowait  %steal   %idle
           8.73    0.00    3.80   14.05    0.00   73.42

Device            r/s     rkB/s   rrqm/s  %rrqm r_await rareq-sz     w/s     wkB/s   wrqm/s  %wrqm w_await wareq-sz     d/s     dkB/s   drqm/s  %drqm d_await dareq-sz     f/s f_await  aqu-sz  %util
sda              4.00     28.00     3.00  42.86   18.75     7.00   78.00   2632.00    49.00  38.58   14.68    33.74    0.00      0.00     0.00   0.00    0.00     0.00   37.00   23.81    2.10  96.80


2026년 06월 29일 22시 37분 17초
avg-cpu:  %user   %nice %system %iowait  %steal   %idle
           7.31    0.00    3.66   13.75    0.00   75.28

Device            r/s     rkB/s   rrqm/s  %rrqm r_await rareq-sz     w/s     wkB/s   wrqm/s  %wrqm w_await wareq-sz     d/s     dkB/s   drqm/s  %drqm d_await dareq-sz     f/s f_await  aqu-sz  %util
sda              2.00     24.00     4.00  66.67   20.00    12.00   88.00   1860.00    55.00  38.46   13.59    21.14    0.00      0.00     0.00   0.00    0.00     0.00   41.00   21.83    2.13  90.00


2026년 06월 29일 22시 37분 18초
avg-cpu:  %user   %nice %system %iowait  %steal   %idle
           7.17    0.00    4.15   14.97    0.00   73.71

Device            r/s     rkB/s   rrqm/s  %rrqm r_await rareq-sz     w/s     wkB/s   wrqm/s  %wrqm w_await wareq-sz     d/s     dkB/s   drqm/s  %drqm d_await dareq-sz     f/s f_await  aqu-sz  %util
sda              1.00      4.00     0.00   0.00   44.00     4.00   82.00   1400.00    55.00  40.15   14.68    17.07    0.00      0.00     0.00   0.00    0.00     0.00   43.00   21.60    2.18  94.40


2026년 06월 29일 22시 37분 19초
avg-cpu:  %user   %nice %system %iowait  %steal   %idle
           6.71    0.00    3.67   15.19    0.00   74.43

Device            r/s     rkB/s   rrqm/s  %rrqm r_await rareq-sz     w/s     wkB/s   wrqm/s  %wrqm w_await wareq-sz     d/s     dkB/s   drqm/s  %drqm d_await dareq-sz     f/s f_await  aqu-sz  %util
sda              2.00      8.00     0.00   0.00   48.00     4.00   71.00   2240.00    50.00  41.32   17.42    31.55    0.00      0.00     0.00   0.00    0.00     0.00   37.00   25.00    2.26  91.20


2026년 06월 29일 22시 37분 20초
avg-cpu:  %user   %nice %system %iowait  %steal   %idle
           7.42    0.00    3.52   15.47    0.00   73.58

Device            r/s     rkB/s   rrqm/s  %rrqm r_await rareq-sz     w/s     wkB/s   wrqm/s  %wrqm w_await wareq-sz     d/s     dkB/s   drqm/s  %drqm d_await dareq-sz     f/s f_await  aqu-sz  %util
sda              2.00      8.00     0.00   0.00   11.00     4.00   81.00   1832.00    62.00  43.36   16.74    22.62    0.00      0.00     0.00   0.00    0.00     0.00   36.00   26.19    2.32  96.40


2026년 06월 29일 22시 37분 21초
avg-cpu:  %user   %nice %system %iowait  %steal   %idle
           7.48    0.00    2.41   19.52    0.00   70.60

Device            r/s     rkB/s   rrqm/s  %rrqm r_await rareq-sz     w/s     wkB/s   wrqm/s  %wrqm w_await wareq-sz     d/s     dkB/s   drqm/s  %drqm d_await dareq-sz     f/s f_await  aqu-sz  %util
sda              1.00      4.00     0.00   0.00   22.00     4.00   76.00   1596.00    32.00  29.63   23.83    21.00    0.00      0.00     0.00   0.00    0.00     0.00   29.00   32.79    2.78  93.60


2026년 06월 29일 22시 37분 22초
avg-cpu:  %user   %nice %system %iowait  %steal   %idle
           5.96    0.00    3.04   15.84    0.00   75.16

Device            r/s     rkB/s   rrqm/s  %rrqm r_await rareq-sz     w/s     wkB/s   wrqm/s  %wrqm w_await wareq-sz     d/s     dkB/s   drqm/s  %drqm d_await dareq-sz     f/s f_await  aqu-sz  %util
sda              1.00      4.00     0.00   0.00    6.00     4.00   99.00   2744.00    50.00  33.56   35.51    27.72    0.00      0.00     0.00   0.00    0.00     0.00   30.00   32.37    4.49  90.00


2026년 06월 29일 22시 37분 23초
avg-cpu:  %user   %nice %system %iowait  %steal   %idle
           7.92    0.00    3.27   18.11    0.00   70.69

Device            r/s     rkB/s   rrqm/s  %rrqm r_await rareq-sz     w/s     wkB/s   wrqm/s  %wrqm w_await wareq-sz     d/s     dkB/s   drqm/s  %drqm d_await dareq-sz     f/s f_await  aqu-sz  %util
sda              2.00      8.00     0.00   0.00   54.00     4.00   69.00   1552.00    29.00  29.59   23.36    22.49    0.00      0.00     0.00   0.00    0.00     0.00   27.00   35.89    2.69  74.80


2026년 06월 29일 22시 37분 24초
avg-cpu:  %user   %nice %system %iowait  %steal   %idle
           6.35    0.00    1.91   20.08    0.00   71.66

Device            r/s     rkB/s   rrqm/s  %rrqm r_await rareq-sz     w/s     wkB/s   wrqm/s  %wrqm w_await wareq-sz     d/s     dkB/s   drqm/s  %drqm d_await dareq-sz     f/s f_await  aqu-sz  %util
sda              2.00      8.00     0.00   0.00   34.50     4.00   93.00   1844.00    36.00  27.91   18.39    19.83    0.00      0.00     0.00   0.00    0.00     0.00   38.00   24.76    2.72  95.60


2026년 06월 29일 22시 37분 25초
avg-cpu:  %user   %nice %system %iowait  %steal   %idle
          10.05    0.00    1.65   15.90    0.00   72.39

Device            r/s     rkB/s   rrqm/s  %rrqm r_await rareq-sz     w/s     wkB/s   wrqm/s  %wrqm w_await wareq-sz     d/s     dkB/s   drqm/s  %drqm d_await dareq-sz     f/s f_await  aqu-sz  %util
sda              2.00      8.00     0.00   0.00   27.50     4.00   83.00   3136.00    70.00  45.75   15.00    37.78    0.00      0.00     0.00   0.00    0.00     0.00   39.00   21.56    2.14  86.80


2026년 06월 29일 22시 37분 26초
avg-cpu:  %user   %nice %system %iowait  %steal   %idle
           8.30    0.00    3.52   14.84    0.00   73.33

Device            r/s     rkB/s   rrqm/s  %rrqm r_await rareq-sz     w/s     wkB/s   wrqm/s  %wrqm w_await wareq-sz     d/s     dkB/s   drqm/s  %drqm d_await dareq-sz     f/s f_await  aqu-sz  %util
sda              2.00     28.00     5.00  71.43   38.50    14.00   74.00   1692.00    62.00  45.59   18.53    22.86    0.00      0.00     0.00   0.00    0.00     0.00   36.00   26.69    2.41 100.80


2026년 06월 29일 22시 37분 27초
avg-cpu:  %user   %nice %system %iowait  %steal   %idle
           6.07    0.00    2.40   19.34    0.00   72.19

Device            r/s     rkB/s   rrqm/s  %rrqm r_await rareq-sz     w/s     wkB/s   wrqm/s  %wrqm w_await wareq-sz     d/s     dkB/s   drqm/s  %drqm d_await dareq-sz     f/s f_await  aqu-sz  %util
sda              2.00      8.00     0.00   0.00   75.50     4.00   86.00   1892.00    37.00  30.08   17.44    22.00    0.00      0.00     0.00   0.00    0.00     0.00   41.00   23.93    2.63  96.80


2026년 06월 29일 22시 37분 28초
avg-cpu:  %user   %nice %system %iowait  %steal   %idle
           6.58    0.00    2.41   17.97    0.00   73.04

Device            r/s     rkB/s   rrqm/s  %rrqm r_await rareq-sz     w/s     wkB/s   wrqm/s  %wrqm w_await wareq-sz     d/s     dkB/s   drqm/s  %drqm d_await dareq-sz     f/s f_await  aqu-sz  %util
sda              1.00     16.00     3.00  75.00   27.00    16.00   89.00   1832.00    58.00  39.46   17.47    20.58    0.00      0.00     0.00   0.00    0.00     0.00   46.00   21.76    2.58  96.80


2026년 06월 29일 22시 37분 29초
avg-cpu:  %user   %nice %system %iowait  %steal   %idle
           6.68    0.00    1.54   14.76    0.00   77.02

Device            r/s     rkB/s   rrqm/s  %rrqm r_await rareq-sz     w/s     wkB/s   wrqm/s  %wrqm w_await wareq-sz     d/s     dkB/s   drqm/s  %drqm d_await dareq-sz     f/s f_await  aqu-sz  %util
sda              2.00     12.00     1.00  33.33   35.50     6.00   75.00   2204.00    49.00  39.52   16.04    29.39    0.00      0.00     0.00   0.00    0.00     0.00   37.00   25.05    2.20  92.40


2026년 06월 29일 22시 37분 30초
avg-cpu:  %user   %nice %system %iowait  %steal   %idle
           7.30    0.00    2.64   15.47    0.00   74.59

Device            r/s     rkB/s   rrqm/s  %rrqm r_await rareq-sz     w/s     wkB/s   wrqm/s  %wrqm w_await wareq-sz     d/s     dkB/s   drqm/s  %drqm d_await dareq-sz     f/s f_await  aqu-sz  %util
sda              1.00      4.00     0.00   0.00   87.00     4.00   72.00   1328.00    54.00  42.86   18.00    18.44    0.00      0.00     0.00   0.00    0.00     0.00   37.00   25.46    2.33  95.60


2026년 06월 29일 22시 37분 31초
avg-cpu:  %user   %nice %system %iowait  %steal   %idle
           7.44    0.00    2.90   15.26    0.00   74.40

Device            r/s     rkB/s   rrqm/s  %rrqm r_await rareq-sz     w/s     wkB/s   wrqm/s  %wrqm w_await wareq-sz     d/s     dkB/s   drqm/s  %drqm d_await dareq-sz     f/s f_await  aqu-sz  %util
sda              2.00      8.00     0.00   0.00   19.50     4.00   80.00   1264.00    58.00  42.03   16.04    15.80    0.00      0.00     0.00   0.00    0.00     0.00   40.00   23.93    2.28  91.60


2026년 06월 29일 22시 37분 32초
avg-cpu:  %user   %nice %system %iowait  %steal   %idle
           5.96    0.00    3.05   17.51    0.00   73.48

Device            r/s     rkB/s   rrqm/s  %rrqm r_await rareq-sz     w/s     wkB/s   wrqm/s  %wrqm w_await wareq-sz     d/s     dkB/s   drqm/s  %drqm d_await dareq-sz     f/s f_await  aqu-sz  %util
sda              1.00      4.00     0.00   0.00   54.00     4.00   80.00   2332.00    50.00  38.46   20.75    29.15    0.00      0.00     0.00   0.00    0.00     0.00   30.00   30.13    2.62  91.20


2026년 06월 29일 22시 37분 33초
avg-cpu:  %user   %nice %system %iowait  %steal   %idle
           8.66    0.00    2.76   18.19    0.00   70.39

Device            r/s     rkB/s   rrqm/s  %rrqm r_await rareq-sz     w/s     wkB/s   wrqm/s  %wrqm w_await wareq-sz     d/s     dkB/s   drqm/s  %drqm d_await dareq-sz     f/s f_await  aqu-sz  %util
sda              3.00     16.00     1.00  25.00   50.00     5.33   83.00   2036.00    43.00  34.13   19.16    24.53    0.00      0.00     0.00   0.00    0.00     0.00   42.00   24.12    2.75 102.00


2026년 06월 29일 22시 37분 34초
avg-cpu:  %user   %nice %system %iowait  %steal   %idle
           7.10    0.00    2.92   15.34    0.00   74.65

Device            r/s     rkB/s   rrqm/s  %rrqm r_await rareq-sz     w/s     wkB/s   wrqm/s  %wrqm w_await wareq-sz     d/s     dkB/s   drqm/s  %drqm d_await dareq-sz     f/s f_await  aqu-sz  %util
sda              3.00     16.00     1.00  25.00   32.00     5.33   70.00   2664.00    46.00  39.66   16.64    38.06    0.00      0.00     0.00   0.00    0.00     0.00   36.00   25.33    2.17  84.80


2026년 06월 29일 22시 37분 35초
avg-cpu:  %user   %nice %system %iowait  %steal   %idle
           7.55    0.00    4.28   17.36    0.00   70.82

Device            r/s     rkB/s   rrqm/s  %rrqm r_await rareq-sz     w/s     wkB/s   wrqm/s  %wrqm w_await wareq-sz     d/s     dkB/s   drqm/s  %drqm d_await dareq-sz     f/s f_await  aqu-sz  %util
sda              3.00     12.00     0.00   0.00   46.67     4.00   91.00   2428.00    64.00  41.29   19.49    26.68    0.00      0.00     0.00   0.00    0.00     0.00   33.00   28.94    2.87  98.40


2026년 06월 29일 22시 37분 36초
avg-cpu:  %user   %nice %system %iowait  %steal   %idle
           8.68    0.00    4.53   18.11    0.00   68.68

Device            r/s     rkB/s   rrqm/s  %rrqm r_await rareq-sz     w/s     wkB/s   wrqm/s  %wrqm w_await wareq-sz     d/s     dkB/s   drqm/s  %drqm d_await dareq-sz     f/s f_await  aqu-sz  %util
sda              2.00      8.00     0.00   0.00   39.00     4.00   73.00   1700.00    52.00  41.60   20.42    23.29    0.00      0.00     0.00   0.00    0.00     0.00   27.00   32.59    2.45  89.60


2026년 06월 29일 22시 37분 37초
avg-cpu:  %user   %nice %system %iowait  %steal   %idle
           7.06    0.00    3.28   16.02    0.00   73.64

Device            r/s     rkB/s   rrqm/s  %rrqm r_await rareq-sz     w/s     wkB/s   wrqm/s  %wrqm w_await wareq-sz     d/s     dkB/s   drqm/s  %drqm d_await dareq-sz     f/s f_await  aqu-sz  %util
sda              2.00      8.00     0.00   0.00   44.00     4.00   93.00   1984.00    42.00  31.11   33.24    21.33    0.00      0.00     0.00   0.00    0.00     0.00   38.00   26.11    4.17  89.60


2026년 06월 29일 22시 37분 38초
avg-cpu:  %user   %nice %system %iowait  %steal   %idle
           6.28    0.00    3.27   19.60    0.00   70.85

Device            r/s     rkB/s   rrqm/s  %rrqm r_await rareq-sz     w/s     wkB/s   wrqm/s  %wrqm w_await wareq-sz     d/s     dkB/s   drqm/s  %drqm d_await dareq-sz     f/s f_await  aqu-sz  %util
sda              0.00      0.00     0.00   0.00    0.00     0.00  102.00   2036.00    33.00  24.44   16.68    19.96    0.00      0.00     0.00   0.00    0.00     0.00   41.00   23.85    2.68  98.00


2026년 06월 29일 22시 37분 39초
avg-cpu:  %user   %nice %system %iowait  %steal   %idle
           8.26    0.00    2.16   15.50    0.00   74.08

Device            r/s     rkB/s   rrqm/s  %rrqm r_await rareq-sz     w/s     wkB/s   wrqm/s  %wrqm w_await wareq-sz     d/s     dkB/s   drqm/s  %drqm d_await dareq-sz     f/s f_await  aqu-sz  %util
sda              2.00     24.00     4.00  66.67   42.00    12.00   76.00   2760.00    38.00  33.33   16.09    36.32    0.00      0.00     0.00   0.00    0.00     0.00   38.00   23.61    2.21  92.00


2026년 06월 29일 22시 37분 40초
avg-cpu:  %user   %nice %system %iowait  %steal   %idle
           6.83    0.00    2.65   18.08    0.00   72.44

Device            r/s     rkB/s   rrqm/s  %rrqm r_await rareq-sz     w/s     wkB/s   wrqm/s  %wrqm w_await wareq-sz     d/s     dkB/s   drqm/s  %drqm d_await dareq-sz     f/s f_await  aqu-sz  %util
sda              2.00      8.00     0.00   0.00   60.00     4.00   89.00   2260.00    32.00  26.45   17.89    25.39    0.00      0.00     0.00   0.00    0.00     0.00   34.00   27.91    2.66 100.80


2026년 06월 29일 22시 37분 41초
avg-cpu:  %user   %nice %system %iowait  %steal   %idle
           8.09    0.00    3.16   18.46    0.00   70.29

Device            r/s     rkB/s   rrqm/s  %rrqm r_await rareq-sz     w/s     wkB/s   wrqm/s  %wrqm w_await wareq-sz     d/s     dkB/s   drqm/s  %drqm d_await dareq-sz     f/s f_await  aqu-sz  %util
sda              2.00      8.00     0.00   0.00   42.00     4.00   85.00   2272.00    42.00  33.07   18.51    26.73    0.00      0.00     0.00   0.00    0.00     0.00   32.00   29.72    2.61  94.80


2026년 06월 29일 22시 37분 42초
avg-cpu:  %user   %nice %system %iowait  %steal   %idle
           9.72    0.00    2.53   15.28    0.00   72.47

Device            r/s     rkB/s   rrqm/s  %rrqm r_await rareq-sz     w/s     wkB/s   wrqm/s  %wrqm w_await wareq-sz     d/s     dkB/s   drqm/s  %drqm d_await dareq-sz     f/s f_await  aqu-sz  %util
sda              4.00     16.00     0.00   0.00   38.00     4.00   80.00   3292.00    45.00  36.00   13.75    41.15    0.00      0.00     0.00   0.00    0.00     0.00   38.00   24.24    2.17  92.00


2026년 06월 29일 22시 37분 43초
avg-cpu:  %user   %nice %system %iowait  %steal   %idle
           6.57    0.00    3.28   18.18    0.00   71.97

Device            r/s     rkB/s   rrqm/s  %rrqm r_await rareq-sz     w/s     wkB/s   wrqm/s  %wrqm w_await wareq-sz     d/s     dkB/s   drqm/s  %drqm d_await dareq-sz     f/s f_await  aqu-sz  %util
sda              0.00      0.00     0.00   0.00    0.00     0.00   91.00   1820.00    39.00  30.00   17.91    20.00    0.00      0.00     0.00   0.00    0.00     0.00   39.00   26.15    2.65 101.60


2026년 06월 29일 22시 37분 44초
avg-cpu:  %user   %nice %system %iowait  %steal   %idle
           8.31    0.00    2.64   17.25    0.00   71.79

Device            r/s     rkB/s   rrqm/s  %rrqm r_await rareq-sz     w/s     wkB/s   wrqm/s  %wrqm w_await wareq-sz     d/s     dkB/s   drqm/s  %drqm d_await dareq-sz     f/s f_await  aqu-sz  %util
sda              2.00      8.00     0.00   0.00   60.50     4.00   74.00   1572.00    35.00  32.11   18.07    21.24    0.00      0.00     0.00   0.00    0.00     0.00   34.00   28.32    2.42  90.40


2026년 06월 29일 22시 37분 45초
avg-cpu:  %user   %nice %system %iowait  %steal   %idle
          10.38    0.00    2.66   18.23    0.00   68.73

Device            r/s     rkB/s   rrqm/s  %rrqm r_await rareq-sz     w/s     wkB/s   wrqm/s  %wrqm w_await wareq-sz     d/s     dkB/s   drqm/s  %drqm d_await dareq-sz     f/s f_await  aqu-sz  %util
sda              2.00      8.00     0.00   0.00   33.00     4.00   77.00   1904.00    51.00  39.84   16.75    24.73    0.00      0.00     0.00   0.00    0.00     0.00   36.00   25.61    2.28  93.60


2026년 06월 29일 22시 37분 46초
avg-cpu:  %user   %nice %system %iowait  %steal   %idle
           9.10    0.00    3.29   17.83    0.00   69.79

Device            r/s     rkB/s   rrqm/s  %rrqm r_await rareq-sz     w/s     wkB/s   wrqm/s  %wrqm w_await wareq-sz     d/s     dkB/s   drqm/s  %drqm d_await dareq-sz     f/s f_await  aqu-sz  %util
sda              2.00      8.00     0.00   0.00   92.00     4.00   82.00   2272.00    90.00  52.33   16.11    27.71    0.00      0.00     0.00   0.00    0.00     0.00   52.00   18.19    2.45  96.40


2026년 06월 29일 22시 37분 47초
avg-cpu:  %user   %nice %system %iowait  %steal   %idle
           6.46    0.00    2.41   12.91    0.00   78.23

Device            r/s     rkB/s   rrqm/s  %rrqm r_await rareq-sz     w/s     wkB/s   wrqm/s  %wrqm w_await wareq-sz     d/s     dkB/s   drqm/s  %drqm d_await dareq-sz     f/s f_await  aqu-sz  %util
sda              0.00      0.00     0.00   0.00    0.00     0.00   89.00   1828.00   113.00  55.94   11.88    20.54    0.00      0.00     0.00   0.00    0.00     0.00   73.00   12.59    1.98  98.00


2026년 06월 29일 22시 37분 48초
avg-cpu:  %user   %nice %system %iowait  %steal   %idle
           6.98    0.00    3.05   17.77    0.00   72.21

Device            r/s     rkB/s   rrqm/s  %rrqm r_await rareq-sz     w/s     wkB/s   wrqm/s  %wrqm w_await wareq-sz     d/s     dkB/s   drqm/s  %drqm d_await dareq-sz     f/s f_await  aqu-sz  %util
sda              2.00      8.00     0.00   0.00   45.50     4.00   97.00   1928.00    31.00  24.22   15.48    19.88    0.00      0.00     0.00   0.00    0.00     0.00   39.00   25.23    2.58  96.80


2026년 06월 29일 22시 37분 49초
avg-cpu:  %user   %nice %system %iowait  %steal   %idle
           8.12    0.00    2.66   13.83    0.00   75.38

Device            r/s     rkB/s   rrqm/s  %rrqm r_await rareq-sz     w/s     wkB/s   wrqm/s  %wrqm w_await wareq-sz     d/s     dkB/s   drqm/s  %drqm d_await dareq-sz     f/s f_await  aqu-sz  %util
sda              2.00      8.00     0.00   0.00   37.50     4.00   81.00   1952.00    48.00  37.21   14.01    24.10    0.00      0.00     0.00   0.00    0.00     0.00   37.00   24.41    2.11  84.00


2026년 06월 29일 22시 37분 50초
avg-cpu:  %user   %nice %system %iowait  %steal   %idle
           6.99    0.00    3.18   15.12    0.00   74.71

Device            r/s     rkB/s   rrqm/s  %rrqm r_await rareq-sz     w/s     wkB/s   wrqm/s  %wrqm w_await wareq-sz     d/s     dkB/s   drqm/s  %drqm d_await dareq-sz     f/s f_await  aqu-sz  %util
sda              2.00      8.00     0.00   0.00   25.50     4.00   76.00   2088.00    42.00  35.59   16.53    27.47    0.00      0.00     0.00   0.00    0.00     0.00   38.00   25.87    2.29  98.40


2026년 06월 29일 22시 37분 51초
avg-cpu:  %user   %nice %system %iowait  %steal   %idle
           8.31    0.00    2.77   19.40    0.00   69.52

Device            r/s     rkB/s   rrqm/s  %rrqm r_await rareq-sz     w/s     wkB/s   wrqm/s  %wrqm w_await wareq-sz     d/s     dkB/s   drqm/s  %drqm d_await dareq-sz     f/s f_await  aqu-sz  %util
sda              2.00      8.00     0.00   0.00   48.00     4.00   59.00   2964.00    47.00  44.34   27.41    50.24    0.00      0.00     0.00   0.00    0.00     0.00   24.00   39.62    2.66  88.80


2026년 06월 29일 22시 37분 52초
avg-cpu:  %user   %nice %system %iowait  %steal   %idle
           9.08    0.00    2.14   20.93    0.00   67.84

Device            r/s     rkB/s   rrqm/s  %rrqm r_await rareq-sz     w/s     wkB/s   wrqm/s  %wrqm w_await wareq-sz     d/s     dkB/s   drqm/s  %drqm d_await dareq-sz     f/s f_await  aqu-sz  %util
sda              5.00     24.00     2.00  28.57   45.60     4.80   77.00   5708.00    41.00  34.75   23.45    74.13    0.00      0.00     0.00   0.00    0.00     0.00   32.00   29.97    2.99  94.00


2026년 06월 29일 22시 37분 53초
avg-cpu:  %user   %nice %system %iowait  %steal   %idle
           5.84    0.00    2.41   20.33    0.00   71.41

Device            r/s     rkB/s   rrqm/s  %rrqm r_await rareq-sz     w/s     wkB/s   wrqm/s  %wrqm w_await wareq-sz     d/s     dkB/s   drqm/s  %drqm d_await dareq-sz     f/s f_await  aqu-sz  %util
sda              1.00      8.00     0.00   0.00   55.00     8.00   90.00   2000.00    42.00  31.82   18.08    22.22    0.00      0.00     0.00   0.00    0.00     0.00   29.00   29.66    2.54  78.80


2026년 06월 29일 22시 37분 54초
avg-cpu:  %user   %nice %system %iowait  %steal   %idle
           6.93    0.00    3.65   19.65    0.00   69.77

Device            r/s     rkB/s   rrqm/s  %rrqm r_await rareq-sz     w/s     wkB/s   wrqm/s  %wrqm w_await wareq-sz     d/s     dkB/s   drqm/s  %drqm d_await dareq-sz     f/s f_await  aqu-sz  %util
sda              1.00     16.00     3.00  75.00   52.00    16.00   83.00   1696.00    25.00  23.15   37.67    20.43    0.00      0.00     0.00   0.00    0.00     0.00   30.00   34.17    4.20  98.00


2026년 06월 29일 22시 37분 55초
avg-cpu:  %user   %nice %system %iowait  %steal   %idle
           7.52    0.00    2.68   17.32    0.00   72.48

Device            r/s     rkB/s   rrqm/s  %rrqm r_await rareq-sz     w/s     wkB/s   wrqm/s  %wrqm w_await wareq-sz     d/s     dkB/s   drqm/s  %drqm d_await dareq-sz     f/s f_await  aqu-sz  %util
sda              0.00      0.00     0.00   0.00    0.00     0.00   91.00   1916.00    50.00  35.46   17.29    21.05    0.00      0.00     0.00   0.00    0.00     0.00   36.00   28.75    2.61  96.80


2026년 06월 29일 22시 37분 56초
avg-cpu:  %user   %nice %system %iowait  %steal   %idle
           9.00    0.00    3.30   16.22    0.00   71.48

Device            r/s     rkB/s   rrqm/s  %rrqm r_await rareq-sz     w/s     wkB/s   wrqm/s  %wrqm w_await wareq-sz     d/s     dkB/s   drqm/s  %drqm d_await dareq-sz     f/s f_await  aqu-sz  %util
sda              5.00     28.00     2.00  28.57   47.20     5.60   70.00   2472.00    56.00  44.44   16.33    35.31    0.00      0.00     0.00   0.00    0.00     0.00   34.00   27.26    2.31  89.60


2026년 06월 29일 22시 37분 57초
avg-cpu:  %user   %nice %system %iowait  %steal   %idle
           7.40    0.00    3.39   21.08    0.00   68.13

Device            r/s     rkB/s   rrqm/s  %rrqm r_await rareq-sz     w/s     wkB/s   wrqm/s  %wrqm w_await wareq-sz     d/s     dkB/s   drqm/s  %drqm d_await dareq-sz     f/s f_await  aqu-sz  %util
sda              4.00     28.00     3.00  42.86   52.00     7.00   91.00   2180.00    41.00  31.06   18.04    23.96    0.00      0.00     0.00   0.00    0.00     0.00   39.00   24.95    2.82  96.80


2026년 06월 29일 22시 37분 58초
avg-cpu:  %user   %nice %system %iowait  %steal   %idle
           7.86    0.00    2.92   19.01    0.00   70.22

Device            r/s     rkB/s   rrqm/s  %rrqm r_await rareq-sz     w/s     wkB/s   wrqm/s  %wrqm w_await wareq-sz     d/s     dkB/s   drqm/s  %drqm d_await dareq-sz     f/s f_await  aqu-sz  %util
sda              5.00     20.00     0.00   0.00   30.00     4.00   87.00   6272.00    48.00  35.56   20.02    72.09    0.00      0.00     0.00   0.00    0.00     0.00   43.00   22.09    2.84  92.40


2026년 06월 29일 22시 37분 59초
avg-cpu:  %user   %nice %system %iowait  %steal   %idle
           7.32    0.00    3.16   16.54    0.00   72.98

Device            r/s     rkB/s   rrqm/s  %rrqm r_await rareq-sz     w/s     wkB/s   wrqm/s  %wrqm w_await wareq-sz     d/s     dkB/s   drqm/s  %drqm d_await dareq-sz     f/s f_await  aqu-sz  %util
sda              3.00     12.00     0.00   0.00   10.00     4.00   87.00   2500.00    35.00  28.69   16.57    28.74    0.00      0.00     0.00   0.00    0.00     0.00   34.00   28.12    2.43  94.80


2026년 06월 29일 22시 38분 00초
avg-cpu:  %user   %nice %system %iowait  %steal   %idle
           5.96    0.00    3.17   17.24    0.00   73.64

Device            r/s     rkB/s   rrqm/s  %rrqm r_await rareq-sz     w/s     wkB/s   wrqm/s  %wrqm w_await wareq-sz     d/s     dkB/s   drqm/s  %drqm d_await dareq-sz     f/s f_await  aqu-sz  %util
sda              1.00      4.00     0.00   0.00    2.00     4.00   79.00   1812.00    32.00  28.83   19.72    22.94    0.00      0.00     0.00   0.00    0.00     0.00   28.00   33.54    2.50  92.80


2026년 06월 29일 22시 38분 01초
avg-cpu:  %user   %nice %system %iowait  %steal   %idle
           6.80    0.00    2.64   21.54    0.00   69.02

Device            r/s     rkB/s   rrqm/s  %rrqm r_await rareq-sz     w/s     wkB/s   wrqm/s  %wrqm w_await wareq-sz     d/s     dkB/s   drqm/s  %drqm d_await dareq-sz     f/s f_await  aqu-sz  %util
sda              0.00      0.00     0.00   0.00    0.00     0.00   88.00   1464.00    27.00  23.48   21.59    16.64    0.00      0.00     0.00   0.00    0.00     0.00   36.00   28.36    2.92  95.20


2026년 06월 29일 22시 38분 02초
avg-cpu:  %user   %nice %system %iowait  %steal   %idle
           6.58    0.00    3.16   18.99    0.00   71.27

Device            r/s     rkB/s   rrqm/s  %rrqm r_await rareq-sz     w/s     wkB/s   wrqm/s  %wrqm w_await wareq-sz     d/s     dkB/s   drqm/s  %drqm d_await dareq-sz     f/s f_await  aqu-sz  %util
sda              1.00      4.00     0.00   0.00   70.00     4.00   88.00   1888.00    36.00  29.03   19.11    21.45    0.00      0.00     0.00   0.00    0.00     0.00   33.00   28.15    2.68  94.40


2026년 06월 29일 22시 38분 03초
avg-cpu:  %user   %nice %system %iowait  %steal   %idle
           7.82    0.00    3.53   17.65    0.00   71.00

Device            r/s     rkB/s   rrqm/s  %rrqm r_await rareq-sz     w/s     wkB/s   wrqm/s  %wrqm w_await wareq-sz     d/s     dkB/s   drqm/s  %drqm d_await dareq-sz     f/s f_await  aqu-sz  %util
sda              3.00     12.00     0.00   0.00   75.67     4.00   82.00   1796.00    43.00  34.40   16.68    21.90    0.00      0.00     0.00   0.00    0.00     0.00   37.00   26.24    2.56  95.20


2026년 06월 29일 22시 38분 04초
avg-cpu:  %user   %nice %system %iowait  %steal   %idle
           7.07    0.00    2.65   21.72    0.00   68.56

Device            r/s     rkB/s   rrqm/s  %rrqm r_await rareq-sz     w/s     wkB/s   wrqm/s  %wrqm w_await wareq-sz     d/s     dkB/s   drqm/s  %drqm d_await dareq-sz     f/s f_await  aqu-sz  %util
sda              5.00     20.00     0.00   0.00   31.80     4.00   58.00   1916.00    42.00  42.00   20.86    33.03    0.00      0.00     0.00   0.00    0.00     0.00   34.00   23.82    2.18  86.40


2026년 06월 29일 22시 38분 05초
avg-cpu:  %user   %nice %system %iowait  %steal   %idle
           9.36    0.00    3.03   16.69    0.00   70.92

Device            r/s     rkB/s   rrqm/s  %rrqm r_await rareq-sz     w/s     wkB/s   wrqm/s  %wrqm w_await wareq-sz     d/s     dkB/s   drqm/s  %drqm d_await dareq-sz     f/s f_await  aqu-sz  %util
sda              4.00     24.00     2.00  33.33   36.75     6.00   74.00   2104.00    53.00  41.73   27.46    28.43    0.00      0.00     0.00   0.00    0.00     0.00   30.00   35.93    3.26  98.00


2026년 06월 29일 22시 38분 06초
avg-cpu:  %user   %nice %system %iowait  %steal   %idle
           8.68    0.00    3.07   19.03    0.00   69.22

Device            r/s     rkB/s   rrqm/s  %rrqm r_await rareq-sz     w/s     wkB/s   wrqm/s  %wrqm w_await wareq-sz     d/s     dkB/s   drqm/s  %drqm d_await dareq-sz     f/s f_await  aqu-sz  %util
sda              3.00     12.00     0.00   0.00   45.33     4.00   89.00   2720.00    64.00  41.83   19.48    30.56    0.00      0.00     0.00   0.00    0.00     0.00   34.00   28.21    2.83 100.00


2026년 06월 29일 22시 38분 07초
avg-cpu:  %user   %nice %system %iowait  %steal   %idle
           9.60    0.00    2.78   20.33    0.00   67.30

Device            r/s     rkB/s   rrqm/s  %rrqm r_await rareq-sz     w/s     wkB/s   wrqm/s  %wrqm w_await wareq-sz     d/s     dkB/s   drqm/s  %drqm d_await dareq-sz     f/s f_await  aqu-sz  %util
sda              4.00     16.00     0.00   0.00   47.25     4.00   75.00   1812.00    34.00  31.19   21.28    24.16    0.00      0.00     0.00   0.00    0.00     0.00   32.00   30.25    2.75  94.40


2026년 06월 29일 22시 38분 08초
avg-cpu:  %user   %nice %system %iowait  %steal   %idle
           7.40    0.00    3.26   20.58    0.00   68.76

Device            r/s     rkB/s   rrqm/s  %rrqm r_await rareq-sz     w/s     wkB/s   wrqm/s  %wrqm w_await wareq-sz     d/s     dkB/s   drqm/s  %drqm d_await dareq-sz     f/s f_await  aqu-sz  %util
sda              3.00     12.00     0.00   0.00   42.67     4.00   70.00   2316.00    43.00  38.05   23.37    33.09    0.00      0.00     0.00   0.00    0.00     0.00   30.00   33.10    2.76  97.20


2026년 06월 29일 22시 38분 09초
avg-cpu:  %user   %nice %system %iowait  %steal   %idle
           7.96    0.00    3.03   19.97    0.00   69.03

Device            r/s     rkB/s   rrqm/s  %rrqm r_await rareq-sz     w/s     wkB/s   wrqm/s  %wrqm w_await wareq-sz     d/s     dkB/s   drqm/s  %drqm d_await dareq-sz     f/s f_await  aqu-sz  %util
sda              2.00      8.00     0.00   0.00   83.50     4.00  103.00   2108.00    36.00  25.90   16.45    20.47    0.00      0.00     0.00   0.00    0.00     0.00   37.00   26.59    2.84  96.00


2026년 06월 29일 22시 38분 10초
avg-cpu:  %user   %nice %system %iowait  %steal   %idle
           7.08    0.00    4.17   16.56    0.00   72.19

Device            r/s     rkB/s   rrqm/s  %rrqm r_await rareq-sz     w/s     wkB/s   wrqm/s  %wrqm w_await wareq-sz     d/s     dkB/s   drqm/s  %drqm d_await dareq-sz     f/s f_await  aqu-sz  %util
sda              1.00      4.00     0.00   0.00   38.00     4.00   87.00   2268.00    39.00  30.95   17.89    26.07    0.00      0.00     0.00   0.00    0.00     0.00   34.00   28.74    2.57  97.60


2026년 06월 29일 22시 38분 11초
avg-cpu:  %user   %nice %system %iowait  %steal   %idle
           7.10    0.00    3.04   16.60    0.00   73.26

Device            r/s     rkB/s   rrqm/s  %rrqm r_await rareq-sz     w/s     wkB/s   wrqm/s  %wrqm w_await wareq-sz     d/s     dkB/s   drqm/s  %drqm d_await dareq-sz     f/s f_await  aqu-sz  %util
sda              4.00     16.00     0.00   0.00   43.25     4.00   70.00   1832.00    34.00  32.69   18.84    26.17    0.00      0.00     0.00   0.00    0.00     0.00   34.00   28.00    2.44  87.20


2026년 06월 29일 22시 38분 12초
avg-cpu:  %user   %nice %system %iowait  %steal   %idle
           7.06    0.00    2.52   22.45    0.00   67.97

Device            r/s     rkB/s   rrqm/s  %rrqm r_await rareq-sz     w/s     wkB/s   wrqm/s  %wrqm w_await wareq-sz     d/s     dkB/s   drqm/s  %drqm d_await dareq-sz     f/s f_await  aqu-sz  %util
sda              1.00      4.00     0.00   0.00  108.00     4.00   79.00   1672.00    27.00  25.47   22.90    21.16    0.00      0.00     0.00   0.00    0.00     0.00   26.00   35.35    2.83  95.60


2026년 06월 29일 22시 38분 13초
avg-cpu:  %user   %nice %system %iowait  %steal   %idle
           9.06    0.00    2.89   16.98    0.00   71.07

Device            r/s     rkB/s   rrqm/s  %rrqm r_await rareq-sz     w/s     wkB/s   wrqm/s  %wrqm w_await wareq-sz     d/s     dkB/s   drqm/s  %drqm d_await dareq-sz     f/s f_await  aqu-sz  %util
sda              2.00      8.00     0.00   0.00   26.00     4.00   83.00   2252.00    44.00  34.65   18.46    27.13    0.00      0.00     0.00   0.00    0.00     0.00   39.00   25.92    2.60  98.80


2026년 06월 29일 22시 38분 14초
avg-cpu:  %user   %nice %system %iowait  %steal   %idle
           7.98    0.00    3.17   16.35    0.00   72.50

Device            r/s     rkB/s   rrqm/s  %rrqm r_await rareq-sz     w/s     wkB/s   wrqm/s  %wrqm w_await wareq-sz     d/s     dkB/s   drqm/s  %drqm d_await dareq-sz     f/s f_await  aqu-sz  %util
sda              4.00     16.00     0.00   0.00   30.00     4.00   87.00   2672.00    51.00  36.96   15.00    30.71    0.00      0.00     0.00   0.00    0.00     0.00   38.00   23.63    2.32  90.40


2026년 06월 29일 22시 38분 15초
avg-cpu:  %user   %nice %system %iowait  %steal   %idle
           6.46    0.00    3.17   21.80    0.00   68.57

Device            r/s     rkB/s   rrqm/s  %rrqm r_await rareq-sz     w/s     wkB/s   wrqm/s  %wrqm w_await wareq-sz     d/s     dkB/s   drqm/s  %drqm d_await dareq-sz     f/s f_await  aqu-sz  %util
sda              3.00     12.00     0.00   0.00   57.00     4.00   61.00   5528.00    31.00  33.70   36.13    90.62    0.00      0.00     0.00   0.00    0.00     0.00   26.00   33.73    3.25 102.80


2026년 06월 29일 22시 38분 16초
avg-cpu:  %user   %nice %system %iowait  %steal   %idle
          10.06    0.00    3.57   15.29    0.00   71.08

Device            r/s     rkB/s   rrqm/s  %rrqm r_await rareq-sz     w/s     wkB/s   wrqm/s  %wrqm w_await wareq-sz     d/s     dkB/s   drqm/s  %drqm d_await dareq-sz     f/s f_await  aqu-sz  %util
sda              1.00      4.00     0.00   0.00   16.00     4.00   86.00   2656.00    62.00  41.89   17.84    30.88    0.00      0.00     0.00   0.00    0.00     0.00   31.00   32.03    2.54  90.40


2026년 06월 29일 22시 38분 17초
avg-cpu:  %user   %nice %system %iowait  %steal   %idle
           8.96    0.00    3.16   16.92    0.00   70.96

Device            r/s     rkB/s   rrqm/s  %rrqm r_await rareq-sz     w/s     wkB/s   wrqm/s  %wrqm w_await wareq-sz     d/s     dkB/s   drqm/s  %drqm d_await dareq-sz     f/s f_await  aqu-sz  %util
sda              2.00     20.00     3.00  60.00   32.00    10.00   83.00   2416.00    47.00  36.15   17.65    29.11    0.00      0.00     0.00   0.00    0.00     0.00   41.00   22.00    2.43  92.00


2026년 06월 29일 22시 38분 18초
avg-cpu:  %user   %nice %system %iowait  %steal   %idle
           9.31    0.00    3.02   21.01    0.00   66.67

Device            r/s     rkB/s   rrqm/s  %rrqm r_await rareq-sz     w/s     wkB/s   wrqm/s  %wrqm w_await wareq-sz     d/s     dkB/s   drqm/s  %drqm d_await dareq-sz     f/s f_await  aqu-sz  %util
sda              2.00     12.00     1.00  33.33  109.00     6.00   81.00   1952.00    31.00  27.68   21.73    24.10    0.00      0.00     0.00   0.00    0.00     0.00   35.00   29.43    3.01  98.00


2026년 06월 29일 22시 38분 19초
avg-cpu:  %user   %nice %system %iowait  %steal   %idle
           7.59    0.00    3.54   19.09    0.00   69.79

Device            r/s     rkB/s   rrqm/s  %rrqm r_await rareq-sz     w/s     wkB/s   wrqm/s  %wrqm w_await wareq-sz     d/s     dkB/s   drqm/s  %drqm d_await dareq-sz     f/s f_await  aqu-sz  %util
sda              4.00     20.00     1.00  20.00   53.75     5.00   78.00   1716.00    38.00  32.76   19.49    22.00    0.00      0.00     0.00   0.00    0.00     0.00   32.00   29.19    2.67  83.60


2026년 06월 29일 22시 38분 20초
avg-cpu:  %user   %nice %system %iowait  %steal   %idle
           8.25    0.00    3.05   15.23    0.00   73.48

Device            r/s     rkB/s   rrqm/s  %rrqm r_await rareq-sz     w/s     wkB/s   wrqm/s  %wrqm w_await wareq-sz     d/s     dkB/s   drqm/s  %drqm d_await dareq-sz     f/s f_await  aqu-sz  %util
sda              3.00     12.00     0.00   0.00   32.33     4.00   68.00   2320.00    47.00  40.87   17.28    34.12    0.00      0.00     0.00   0.00    0.00     0.00   28.00   34.25    2.23  84.00


2026년 06월 29일 22시 38분 21초
avg-cpu:  %user   %nice %system %iowait  %steal   %idle
           8.44    0.00    2.14   20.91    0.00   68.51

Device            r/s     rkB/s   rrqm/s  %rrqm r_await rareq-sz     w/s     wkB/s   wrqm/s  %wrqm w_await wareq-sz     d/s     dkB/s   drqm/s  %drqm d_await dareq-sz     f/s f_await  aqu-sz  %util
sda              1.00      4.00     0.00   0.00   57.00     4.00   99.00   1896.00    29.00  22.66   17.17    19.15    0.00      0.00     0.00   0.00    0.00     0.00   33.00   29.06    2.71  90.40


2026년 06월 29일 22시 38분 22초
avg-cpu:  %user   %nice %system %iowait  %steal   %idle
           7.55    0.00    3.14   13.33    0.00   75.97

Device            r/s     rkB/s   rrqm/s  %rrqm r_await rareq-sz     w/s     wkB/s   wrqm/s  %wrqm w_await wareq-sz     d/s     dkB/s   drqm/s  %drqm d_await dareq-sz     f/s f_await  aqu-sz  %util
sda              4.00     16.00     0.00   0.00   26.50     4.00   84.00   2384.00    49.00  36.84   13.74    28.38    0.00      0.00     0.00   0.00    0.00     0.00   36.00   25.39    2.17  94.00


2026년 06월 29일 22시 38분 23초
avg-cpu:  %user   %nice %system %iowait  %steal   %idle
           8.27    0.00    3.88   18.80    0.00   69.05

Device            r/s     rkB/s   rrqm/s  %rrqm r_await rareq-sz     w/s     wkB/s   wrqm/s  %wrqm w_await wareq-sz     d/s     dkB/s   drqm/s  %drqm d_await dareq-sz     f/s f_await  aqu-sz  %util
sda              1.00      4.00     0.00   0.00   87.00     4.00   77.00   3420.00    27.00  25.96   18.96    44.42    0.00      0.00     0.00   0.00    0.00     0.00   22.00   40.41    2.44  95.20


2026년 06월 29일 22시 38분 24초
avg-cpu:  %user   %nice %system %iowait  %steal   %idle
           8.04    0.00    2.64   18.59    0.00   70.73

Device            r/s     rkB/s   rrqm/s  %rrqm r_await rareq-sz     w/s     wkB/s   wrqm/s  %wrqm w_await wareq-sz     d/s     dkB/s   drqm/s  %drqm d_await dareq-sz     f/s f_await  aqu-sz  %util
sda              2.00      8.00     0.00   0.00   34.00     4.00   87.00   3836.00    31.00  26.27   30.82    44.09    0.00      0.00     0.00   0.00    0.00     0.00   27.00   29.52    3.55  89.60


2026년 06월 29일 22시 38분 25초
avg-cpu:  %user   %nice %system %iowait  %steal   %idle
           9.56    0.00    3.02   17.86    0.00   69.56

Device            r/s     rkB/s   rrqm/s  %rrqm r_await rareq-sz     w/s     wkB/s   wrqm/s  %wrqm w_await wareq-sz     d/s     dkB/s   drqm/s  %drqm d_await dareq-sz     f/s f_await  aqu-sz  %util
sda              1.00      4.00     0.00   0.00   51.00     4.00   94.00   2036.00    42.00  30.88   23.59    21.66    0.00      0.00     0.00   0.00    0.00     0.00   34.00   31.35    3.33 106.40


2026년 06월 29일 22시 38분 26초
avg-cpu:  %user   %nice %system %iowait  %steal   %idle
          10.43    0.00    3.18   16.92    0.00   69.47

Device            r/s     rkB/s   rrqm/s  %rrqm r_await rareq-sz     w/s     wkB/s   wrqm/s  %wrqm w_await wareq-sz     d/s     dkB/s   drqm/s  %drqm d_await dareq-sz     f/s f_await  aqu-sz  %util
sda              2.00      8.00     0.00   0.00   28.00     4.00   89.00   2796.00    53.00  37.32   15.45    31.42    0.00      0.00     0.00   0.00    0.00     0.00   31.00   30.10    2.36  91.60


2026년 06월 29일 22시 38분 27초
avg-cpu:  %user   %nice %system %iowait  %steal   %idle
           9.54    0.00    2.76   19.07    0.00   68.63

Device            r/s     rkB/s   rrqm/s  %rrqm r_await rareq-sz     w/s     wkB/s   wrqm/s  %wrqm w_await wareq-sz     d/s     dkB/s   drqm/s  %drqm d_await dareq-sz     f/s f_await  aqu-sz  %util
sda              0.00      0.00     0.00   0.00    0.00     0.00   97.00   2168.00    48.00  33.10   19.31    22.35    0.00      0.00     0.00   0.00    0.00     0.00   44.00   23.70    2.92 101.20


2026년 06월 29일 22시 38분 28초
avg-cpu:  %user   %nice %system %iowait  %steal   %idle
           8.84    0.00    3.66   17.42    0.00   70.08

Device            r/s     rkB/s   rrqm/s  %rrqm r_await rareq-sz     w/s     wkB/s   wrqm/s  %wrqm w_await wareq-sz     d/s     dkB/s   drqm/s  %drqm d_await dareq-sz     f/s f_await  aqu-sz  %util
sda              4.00     16.00     0.00   0.00   32.25     4.00   74.00   2088.00    45.00  37.82   18.19    28.22    0.00      0.00     0.00   0.00    0.00     0.00   34.00   27.74    2.42  87.20


2026년 06월 29일 22시 38분 29초
avg-cpu:  %user   %nice %system %iowait  %steal   %idle
           8.29    0.00    3.39   20.60    0.00   67.71

Device            r/s     rkB/s   rrqm/s  %rrqm r_await rareq-sz     w/s     wkB/s   wrqm/s  %wrqm w_await wareq-sz     d/s     dkB/s   drqm/s  %drqm d_await dareq-sz     f/s f_await  aqu-sz  %util
sda              3.00     16.00     1.00  25.00   40.67     5.33   87.00   2336.00    38.00  30.40   17.59    26.85    0.00      0.00     0.00   0.00    0.00     0.00   39.00   24.41    2.60  98.80


2026년 06월 29일 22시 38분 30초
avg-cpu:  %user   %nice %system %iowait  %steal   %idle
           8.61    0.00    2.78   16.20    0.00   72.41

Device            r/s     rkB/s   rrqm/s  %rrqm r_await rareq-sz     w/s     wkB/s   wrqm/s  %wrqm w_await wareq-sz     d/s     dkB/s   drqm/s  %drqm d_await dareq-sz     f/s f_await  aqu-sz  %util
sda              1.00      4.00     0.00   0.00   21.00     4.00   73.00   2060.00    38.00  34.23   18.55    28.22    0.00      0.00     0.00   0.00    0.00     0.00   30.00   32.23    2.34  92.40


2026년 06월 29일 22시 38분 31초
avg-cpu:  %user   %nice %system %iowait  %steal   %idle
           9.31    0.00    3.27   18.62    0.00   68.81

Device            r/s     rkB/s   rrqm/s  %rrqm r_await rareq-sz     w/s     wkB/s   wrqm/s  %wrqm w_await wareq-sz     d/s     dkB/s   drqm/s  %drqm d_await dareq-sz     f/s f_await  aqu-sz  %util
sda              6.00     24.00     0.00   0.00   38.67     4.00   71.00   1932.00    47.00  39.83   19.27    27.21    0.00      0.00     0.00   0.00    0.00     0.00   33.00   28.06    2.52  92.00


2026년 06월 29일 22시 38분 32초
avg-cpu:  %user   %nice %system %iowait  %steal   %idle
           9.67    0.00    3.27   19.60    0.00   67.46

Device            r/s     rkB/s   rrqm/s  %rrqm r_await rareq-sz     w/s     wkB/s   wrqm/s  %wrqm w_await wareq-sz     d/s     dkB/s   drqm/s  %drqm d_await dareq-sz     f/s f_await  aqu-sz  %util
sda              3.00     12.00     0.00   0.00   50.67     4.00   95.00   2980.00    55.00  36.67   20.92    31.37    0.00      0.00     0.00   0.00    0.00     0.00   34.00   28.06    3.09  90.40


2026년 06월 29일 22시 38분 33초
avg-cpu:  %user   %nice %system %iowait  %steal   %idle
           8.08    0.00    3.41   14.27    0.00   74.24

Device            r/s     rkB/s   rrqm/s  %rrqm r_await rareq-sz     w/s     wkB/s   wrqm/s  %wrqm w_await wareq-sz     d/s     dkB/s   drqm/s  %drqm d_await dareq-sz     f/s f_await  aqu-sz  %util
sda              0.00      0.00     0.00   0.00    0.00     0.00   79.00   2032.00    33.00  29.46   15.39    25.72    0.00      0.00     0.00   0.00    0.00     0.00   27.00   36.96    2.21  89.20


2026년 06월 29일 22시 38분 34초
avg-cpu:  %user   %nice %system %iowait  %steal   %idle
           7.70    0.00    3.28   22.35    0.00   66.67

Device            r/s     rkB/s   rrqm/s  %rrqm r_await rareq-sz     w/s     wkB/s   wrqm/s  %wrqm w_await wareq-sz     d/s     dkB/s   drqm/s  %drqm d_await dareq-sz     f/s f_await  aqu-sz  %util
sda              3.00     12.00     0.00   0.00   26.33     4.00   96.00   1780.00    26.00  21.31   38.12    18.54    0.00      0.00     0.00   0.00    0.00     0.00   29.00   33.17    4.70 110.00


2026년 06월 29일 22시 38분 35초
avg-cpu:  %user   %nice %system %iowait  %steal   %idle
           8.90    0.00    4.01   19.30    0.00   67.79

Device            r/s     rkB/s   rrqm/s  %rrqm r_await rareq-sz     w/s     wkB/s   wrqm/s  %wrqm w_await wareq-sz     d/s     dkB/s   drqm/s  %drqm d_await dareq-sz     f/s f_await  aqu-sz  %util
sda              2.00      8.00     0.00   0.00   33.50     4.00   76.00   1776.00    42.00  35.59   22.39    23.37    0.00      0.00     0.00   0.00    0.00     0.00   29.00   33.83    2.75  90.80


2026년 06월 29일 22시 38분 36초
avg-cpu:  %user   %nice %system %iowait  %steal   %idle
          10.24    0.00    3.16   17.70    0.00   68.90

Device            r/s     rkB/s   rrqm/s  %rrqm r_await rareq-sz     w/s     wkB/s   wrqm/s  %wrqm w_await wareq-sz     d/s     dkB/s   drqm/s  %drqm d_await dareq-sz     f/s f_await  aqu-sz  %util
sda              3.00     12.00     0.00   0.00   47.33     4.00   91.00   2192.00    47.00  34.06   17.96    24.09    0.00      0.00     0.00   0.00    0.00     0.00   34.00   28.91    2.76 101.20


2026년 06월 29일 22시 38분 37초
avg-cpu:  %user   %nice %system %iowait  %steal   %idle
           9.50    0.00    4.62   17.25    0.00   68.62

Device            r/s     rkB/s   rrqm/s  %rrqm r_await rareq-sz     w/s     wkB/s   wrqm/s  %wrqm w_await wareq-sz     d/s     dkB/s   drqm/s  %drqm d_await dareq-sz     f/s f_await  aqu-sz  %util
sda              1.00      4.00     0.00   0.00   13.00     4.00   89.00   2408.00    54.00  37.76   17.07    27.06    0.00      0.00     0.00   0.00    0.00     0.00   30.00   30.17    2.44  90.80


2026년 06월 29일 22시 38분 38초
avg-cpu:  %user   %nice %system %iowait  %steal   %idle
           9.38    0.00    2.41   18.50    0.00   69.71

Device            r/s     rkB/s   rrqm/s  %rrqm r_await rareq-sz     w/s     wkB/s   wrqm/s  %wrqm w_await wareq-sz     d/s     dkB/s   drqm/s  %drqm d_await dareq-sz     f/s f_await  aqu-sz  %util
sda              2.00     20.00     3.00  60.00   42.50    10.00   87.00   2488.00    45.00  34.09   19.10    28.60    0.00      0.00     0.00   0.00    0.00     0.00   37.00   27.49    2.76 100.00


2026년 06월 29일 22시 38분 39초
avg-cpu:  %user   %nice %system %iowait  %steal   %idle
           9.06    0.00    3.27   17.86    0.00   69.81

Device            r/s     rkB/s   rrqm/s  %rrqm r_await rareq-sz     w/s     wkB/s   wrqm/s  %wrqm w_await wareq-sz     d/s     dkB/s   drqm/s  %drqm d_await dareq-sz     f/s f_await  aqu-sz  %util
sda              3.00     12.00     0.00   0.00   21.33     4.00   85.00   2408.00    48.00  36.09   17.59    28.33    0.00      0.00     0.00   0.00    0.00     0.00   42.00   22.43    2.50  92.80


2026년 06월 29일 22시 38분 40초
avg-cpu:  %user   %nice %system %iowait  %steal   %idle
           8.01    0.00    4.13   22.90    0.00   64.96

Device            r/s     rkB/s   rrqm/s  %rrqm r_await rareq-sz     w/s     wkB/s   wrqm/s  %wrqm w_await wareq-sz     d/s     dkB/s   drqm/s  %drqm d_await dareq-sz     f/s f_await  aqu-sz  %util
sda              4.00      8.50     0.00   0.00   45.00     2.12   76.00   5736.00    33.00  30.28   26.70    75.47    0.00      0.00     0.00   0.00    0.00     0.00   26.00   38.31    3.20  91.60


2026년 06월 29일 22시 38분 41초
avg-cpu:  %user   %nice %system %iowait  %steal   %idle
          11.24    0.00    2.78   24.37    0.00   61.62

Device            r/s     rkB/s   rrqm/s  %rrqm r_await rareq-sz     w/s     wkB/s   wrqm/s  %wrqm w_await wareq-sz     d/s     dkB/s   drqm/s  %drqm d_await dareq-sz     f/s f_await  aqu-sz  %util
sda              3.00      1.00     4.00  57.14  107.00     0.33   73.00   2164.00    40.00  35.40   26.42    29.64    0.00      0.00     0.00   0.00    0.00     0.00   29.00   33.00    3.21  99.60


2026년 06월 29일 22시 38분 42초
avg-cpu:  %user   %nice %system %iowait  %steal   %idle
           8.01    0.00    3.63   19.15    0.00   69.21

Device            r/s     rkB/s   rrqm/s  %rrqm r_await rareq-sz     w/s     wkB/s   wrqm/s  %wrqm w_await wareq-sz     d/s     dkB/s   drqm/s  %drqm d_await dareq-sz     f/s f_await  aqu-sz  %util
sda              3.00     28.00     0.00   0.00   56.33     9.33   81.00   1500.00    24.00  22.86   21.00    18.52    0.00      0.00     0.00   0.00    0.00     0.00   34.00   26.82    2.78  92.00


2026년 06월 29일 22시 38분 43초
avg-cpu:  %user   %nice %system %iowait  %steal   %idle
           8.79    0.00    3.14   15.95    0.00   72.11

Device            r/s     rkB/s   rrqm/s  %rrqm r_await rareq-sz     w/s     wkB/s   wrqm/s  %wrqm w_await wareq-sz     d/s     dkB/s   drqm/s  %drqm d_await dareq-sz     f/s f_await  aqu-sz  %util
sda              0.00      0.00     0.00   0.00    0.00     0.00   89.00   2124.00    42.00  32.06   16.16    23.87    0.00      0.00     0.00   0.00    0.00     0.00   32.00   29.09    2.37  92.40


2026년 06월 29일 22시 38분 44초
avg-cpu:  %user   %nice %system %iowait  %steal   %idle
           8.46    0.00    3.41   20.96    0.00   67.17

Device            r/s     rkB/s   rrqm/s  %rrqm r_await rareq-sz     w/s     wkB/s   wrqm/s  %wrqm w_await wareq-sz     d/s     dkB/s   drqm/s  %drqm d_await dareq-sz     f/s f_await  aqu-sz  %util
sda              1.00      4.00     0.00   0.00  122.00     4.00   85.00   1632.00    29.00  25.44   21.47    19.20    0.00      0.00     0.00   0.00    0.00     0.00   35.00   30.31    3.01 101.20


2026년 06월 29일 22시 38분 45초
avg-cpu:  %user   %nice %system %iowait  %steal   %idle
           9.84    0.00    3.03   15.26    0.00   71.88

Device            r/s     rkB/s   rrqm/s  %rrqm r_await rareq-sz     w/s     wkB/s   wrqm/s  %wrqm w_await wareq-sz     d/s     dkB/s   drqm/s  %drqm d_await dareq-sz     f/s f_await  aqu-sz  %util
sda              4.00     16.00     0.00   0.00   28.50     4.00   92.00   2412.00    44.00  32.35   13.73    26.22    0.00      0.00     0.00   0.00    0.00     0.00   40.00   22.25    2.27  94.00


2026년 06월 29일 22시 38분 46초
avg-cpu:  %user   %nice %system %iowait  %steal   %idle
           9.28    0.00    3.76   17.19    0.00   69.76

Device            r/s     rkB/s   rrqm/s  %rrqm r_await rareq-sz     w/s     wkB/s   wrqm/s  %wrqm w_await wareq-sz     d/s     dkB/s   drqm/s  %drqm d_await dareq-sz     f/s f_await  aqu-sz  %util
sda              1.00      4.00     0.00   0.00   28.00     4.00   90.00   2228.00    46.00  33.82   18.93    24.76    0.00      0.00     0.00   0.00    0.00     0.00   36.00   27.17    2.71  96.40


2026년 06월 29일 22시 38분 47초
avg-cpu:  %user   %nice %system %iowait  %steal   %idle
           9.33    0.00    4.29   18.66    0.00   67.72

Device            r/s     rkB/s   rrqm/s  %rrqm r_await rareq-sz     w/s     wkB/s   wrqm/s  %wrqm w_await wareq-sz     d/s     dkB/s   drqm/s  %drqm d_await dareq-sz     f/s f_await  aqu-sz  %util
sda              2.00      8.00     0.00   0.00   69.00     4.00   80.00   2268.00    48.00  37.50   18.19    28.35    0.00      0.00     0.00   0.00    0.00     0.00   30.00   33.13    2.59  95.20


2026년 06월 29일 22시 38분 48초
avg-cpu:  %user   %nice %system %iowait  %steal   %idle
           8.79    0.00    3.77   17.34    0.00   70.10

Device            r/s     rkB/s   rrqm/s  %rrqm r_await rareq-sz     w/s     wkB/s   wrqm/s  %wrqm w_await wareq-sz     d/s     dkB/s   drqm/s  %drqm d_await dareq-sz     f/s f_await  aqu-sz  %util
sda              1.00      4.00     0.00   0.00   63.00     4.00   84.00   1952.00    33.00  28.21   17.75    23.24    0.00      0.00     0.00   0.00    0.00     0.00   32.00   30.12    2.52  96.40


2026년 06월 29일 22시 38분 49초
avg-cpu:  %user   %nice %system %iowait  %steal   %idle
           9.27    0.00    3.63   14.16    0.00   72.93

Device            r/s     rkB/s   rrqm/s  %rrqm r_await rareq-sz     w/s     wkB/s   wrqm/s  %wrqm w_await wareq-sz     d/s     dkB/s   drqm/s  %drqm d_await dareq-sz     f/s f_await  aqu-sz  %util
sda              3.00     12.00     0.00   0.00   30.33     4.00   79.00   2120.00    43.00  35.25   14.99    26.84    0.00      0.00     0.00   0.00    0.00     0.00   32.00   29.53    2.22  89.20


2026년 06월 29일 22시 38분 50초
avg-cpu:  %user   %nice %system %iowait  %steal   %idle
           7.72    0.00    3.92   17.22    0.00   71.14

Device            r/s     rkB/s   rrqm/s  %rrqm r_await rareq-sz     w/s     wkB/s   wrqm/s  %wrqm w_await wareq-sz     d/s     dkB/s   drqm/s  %drqm d_await dareq-sz     f/s f_await  aqu-sz  %util
sda              0.00      0.00     0.00   0.00    0.00     0.00   96.00   2152.00    42.00  30.43   18.85    22.42    0.00      0.00     0.00   0.00    0.00     0.00   30.00   31.30    2.75  95.20


2026년 06월 29일 22시 38분 51초
avg-cpu:  %user   %nice %system %iowait  %steal   %idle
          10.11    0.00    2.91   15.42    0.00   71.55

Device            r/s     rkB/s   rrqm/s  %rrqm r_await rareq-sz     w/s     wkB/s   wrqm/s  %wrqm w_await wareq-sz     d/s     dkB/s   drqm/s  %drqm d_await dareq-sz     f/s f_await  aqu-sz  %util
sda              3.00     12.00     0.00   0.00   36.67     4.00   88.00   2612.00    45.00  33.83   14.48    29.68    0.00      0.00     0.00   0.00    0.00     0.00   35.00   28.14    2.37  95.20


2026년 06월 29일 22시 38분 52초
avg-cpu:  %user   %nice %system %iowait  %steal   %idle
          10.77    0.00    2.53   22.43    0.00   64.26

Device            r/s     rkB/s   rrqm/s  %rrqm r_await rareq-sz     w/s     wkB/s   wrqm/s  %wrqm w_await wareq-sz     d/s     dkB/s   drqm/s  %drqm d_await dareq-sz     f/s f_await  aqu-sz  %util
sda              2.00     12.00     1.00  33.33   21.00     6.00   78.00   2236.00    41.00  34.45   23.71    28.67    0.00      0.00     0.00   0.00    0.00     0.00   36.00   26.50    2.85  92.80


2026년 06월 29일 22시 38분 53초
avg-cpu:  %user   %nice %system %iowait  %steal   %idle
           8.88    0.00    3.75   18.12    0.00   69.25

Device            r/s     rkB/s   rrqm/s  %rrqm r_await rareq-sz     w/s     wkB/s   wrqm/s  %wrqm w_await wareq-sz     d/s     dkB/s   drqm/s  %drqm d_await dareq-sz     f/s f_await  aqu-sz  %util
sda              1.00      4.00     0.00   0.00   51.00     4.00   99.00   2152.00    36.00  26.67   16.82    21.74    0.00      0.00     0.00   0.00    0.00     0.00   38.00   25.45    2.68  91.20


2026년 06월 29일 22시 38분 54초
avg-cpu:  %user   %nice %system %iowait  %steal   %idle
           9.43    0.00    4.40   18.99    0.00   67.17

Device            r/s     rkB/s   rrqm/s  %rrqm r_await rareq-sz     w/s     wkB/s   wrqm/s  %wrqm w_await wareq-sz     d/s     dkB/s   drqm/s  %drqm d_await dareq-sz     f/s f_await  aqu-sz  %util
sda              1.00      4.00     0.00   0.00   36.00     4.00   94.00   2608.00    46.00  32.86   19.49    27.74    0.00      0.00     0.00   0.00    0.00     0.00   40.00   24.90    2.86 100.80


2026년 06월 29일 22시 38분 55초
avg-cpu:  %user   %nice %system %iowait  %steal   %idle
           9.75    0.00    2.78   15.95    0.00   71.52

Device            r/s     rkB/s   rrqm/s  %rrqm r_await rareq-sz     w/s     wkB/s   wrqm/s  %wrqm w_await wareq-sz     d/s     dkB/s   drqm/s  %drqm d_await dareq-sz     f/s f_await  aqu-sz  %util
sda              3.96     15.84     0.00   0.00   36.25     4.00   90.10   1936.63    49.50  35.46   13.05    21.49    0.00      0.00     0.00   0.00    0.00     0.00   34.65   21.91    2.08  70.50


2026년 06월 29일 22시 38분 56초
avg-cpu:  %user   %nice %system %iowait  %steal   %idle
          12.34    0.00    3.40   19.14    0.00   65.11

Device            r/s     rkB/s   rrqm/s  %rrqm r_await rareq-sz     w/s     wkB/s   wrqm/s  %wrqm w_await wareq-sz     d/s     dkB/s   drqm/s  %drqm d_await dareq-sz     f/s f_await  aqu-sz  %util
sda              2.00      8.00     0.00   0.00   39.50     4.00  102.00   3388.00    62.00  37.80   19.54    33.22    0.00      0.00     0.00   0.00    0.00     0.00   39.00   29.18    3.21 114.40


2026년 06월 29일 22시 38분 57초
avg-cpu:  %user   %nice %system %iowait  %steal   %idle
           9.01    0.00    4.82   24.11    0.00   62.06

Device            r/s     rkB/s   rrqm/s  %rrqm r_await rareq-sz     w/s     wkB/s   wrqm/s  %wrqm w_await wareq-sz     d/s     dkB/s   drqm/s  %drqm d_await dareq-sz     f/s f_await  aqu-sz  %util
sda             13.00    584.00     0.00   0.00   44.08    44.92   52.00   5568.00    54.00  50.94   36.63   107.08    0.00      0.00     0.00   0.00    0.00     0.00   23.00   34.43    3.27  98.80


2026년 06월 29일 22시 38분 58초
avg-cpu:  %user   %nice %system %iowait  %steal   %idle
          11.00    0.00    3.41   25.92    0.00   59.67

Device            r/s     rkB/s   rrqm/s  %rrqm r_await rareq-sz     w/s     wkB/s   wrqm/s  %wrqm w_await wareq-sz     d/s     dkB/s   drqm/s  %drqm d_await dareq-sz     f/s f_await  aqu-sz  %util
sda             29.00   1240.00     0.00   0.00   40.14    42.76   47.00   1312.00    25.00  34.72   29.13    27.91    0.00      0.00     0.00   0.00    0.00     0.00   19.00   45.37    3.39  94.40


2026년 06월 29일 22시 38분 59초
avg-cpu:  %user   %nice %system %iowait  %steal   %idle
          11.18    0.00    4.15   28.14    0.00   56.53

Device            r/s     rkB/s   rrqm/s  %rrqm r_await rareq-sz     w/s     wkB/s   wrqm/s  %wrqm w_await wareq-sz     d/s     dkB/s   drqm/s  %drqm d_await dareq-sz     f/s f_await  aqu-sz  %util
sda             28.00   1136.00     0.00   0.00   46.14    40.57   59.00   1248.00    16.00  21.33   36.63    21.15    0.00      0.00     0.00   0.00    0.00     0.00   22.00   39.77    4.33  98.00


2026년 06월 29일 22시 39분 00초
avg-cpu:  %user   %nice %system %iowait  %steal   %idle
          10.00    0.00    5.32   24.05    0.00   60.63

Device            r/s     rkB/s   rrqm/s  %rrqm r_await rareq-sz     w/s     wkB/s   wrqm/s  %wrqm w_await wareq-sz     d/s     dkB/s   drqm/s  %drqm d_await dareq-sz     f/s f_await  aqu-sz  %util
sda             21.00    676.00     0.00   0.00   38.29    32.19   72.00   2092.00    88.00  55.00   27.50    29.06    0.00      0.00     0.00   0.00    0.00     0.00   21.00   40.71    3.64  84.80


2026년 06월 29일 22시 39분 01초
avg-cpu:  %user   %nice %system %iowait  %steal   %idle
          10.00    0.00    3.67   24.18    0.00   62.15

Device            r/s     rkB/s   rrqm/s  %rrqm r_await rareq-sz     w/s     wkB/s   wrqm/s  %wrqm w_await wareq-sz     d/s     dkB/s   drqm/s  %drqm d_await dareq-sz     f/s f_await  aqu-sz  %util
sda             37.00    608.00     0.00   0.00   37.05    16.43   69.00   1336.00    23.00  25.00   24.45    19.36    0.00      0.00     0.00   0.00    0.00     0.00   22.00   33.59    3.80 103.20


2026년 06월 29일 22시 39분 02초
avg-cpu:  %user   %nice %system %iowait  %steal   %idle
          10.55    0.00    4.15   27.14    0.00   58.17

Device            r/s     rkB/s   rrqm/s  %rrqm r_await rareq-sz     w/s     wkB/s   wrqm/s  %wrqm w_await wareq-sz     d/s     dkB/s   drqm/s  %drqm d_await dareq-sz     f/s f_await  aqu-sz  %util
sda             24.00    116.00     0.00   0.00   55.04     4.83   58.00   1564.00    37.00  38.95   30.36    26.97    0.00      0.00     0.00   0.00    0.00     0.00   22.00   50.09    4.18 102.00


2026년 06월 29일 22시 39분 03초
avg-cpu:  %user   %nice %system %iowait  %steal   %idle
           9.96    0.00    4.16   36.19    0.00   49.68

Device            r/s     rkB/s   rrqm/s  %rrqm r_await rareq-sz     w/s     wkB/s   wrqm/s  %wrqm w_await wareq-sz     d/s     dkB/s   drqm/s  %drqm d_await dareq-sz     f/s f_await  aqu-sz  %util
sda             30.00    124.00     0.00   0.00   42.77     4.13   86.00   1668.00    21.00  19.63   23.88    19.40    0.00      0.00     0.00   0.00    0.00     0.00   30.00   32.70    4.32  98.80


2026년 06월 29일 22시 39분 04초
avg-cpu:  %user   %nice %system %iowait  %steal   %idle
          10.23    0.00    3.79   30.30    0.00   55.68

Device            r/s     rkB/s   rrqm/s  %rrqm r_await rareq-sz     w/s     wkB/s   wrqm/s  %wrqm w_await wareq-sz     d/s     dkB/s   drqm/s  %drqm d_await dareq-sz     f/s f_await  aqu-sz  %util
sda             29.00   1060.00     1.00   3.33   39.28    36.55   57.00   1232.00    28.00  32.94   31.95    21.61    0.00      0.00     0.00   0.00    0.00     0.00   25.00   34.64    3.82  97.20


2026년 06월 29일 22시 39분 05초
avg-cpu:  %user   %nice %system %iowait  %steal   %idle
          11.00    0.00    4.42   30.59    0.00   53.98

Device            r/s     rkB/s   rrqm/s  %rrqm r_await rareq-sz     w/s     wkB/s   wrqm/s  %wrqm w_await wareq-sz     d/s     dkB/s   drqm/s  %drqm d_await dareq-sz     f/s f_await  aqu-sz  %util
sda             23.00    712.00     0.00   0.00   56.70    30.96   55.00   1576.00    27.00  32.93   32.73    28.65    0.00      0.00     0.00   0.00    0.00     0.00   20.00   48.05    4.07  94.80


2026년 06월 29일 22시 39분 06초
avg-cpu:  %user   %nice %system %iowait  %steal   %idle
           9.25    0.00    2.66   27.50    0.00   60.58

Device            r/s     rkB/s   rrqm/s  %rrqm r_await rareq-sz     w/s     wkB/s   wrqm/s  %wrqm w_await wareq-sz     d/s     dkB/s   drqm/s  %drqm d_await dareq-sz     f/s f_await  aqu-sz  %util
sda             37.00   1320.00     0.00   0.00   32.00    35.68   73.00   2152.00    48.00  39.67   26.41    29.48    0.00      0.00     0.00   0.00    0.00     0.00   24.00   36.79    3.99 103.60


2026년 06월 29일 22시 39분 07초
avg-cpu:  %user   %nice %system %iowait  %steal   %idle
          12.09    0.00    4.28   24.31    0.00   59.32

Device            r/s     rkB/s   rrqm/s  %rrqm r_await rareq-sz     w/s     wkB/s   wrqm/s  %wrqm w_await wareq-sz     d/s     dkB/s   drqm/s  %drqm d_await dareq-sz     f/s f_await  aqu-sz  %util
sda             27.00    876.00     0.00   0.00   36.30    32.44   60.00   1648.00    33.00  35.48   24.78    27.47    0.00      0.00     0.00   0.00    0.00     0.00   19.00   42.47    3.27  82.00


2026년 06월 29일 22시 39분 08초
avg-cpu:  %user   %nice %system %iowait  %steal   %idle
          10.49    0.00    3.79   28.82    0.00   56.89

Device            r/s     rkB/s   rrqm/s  %rrqm r_await rareq-sz     w/s     wkB/s   wrqm/s  %wrqm w_await wareq-sz     d/s     dkB/s   drqm/s  %drqm d_await dareq-sz     f/s f_await  aqu-sz  %util
sda             29.00   1120.00     0.00   0.00   50.17    38.62   42.00   1236.00    18.00  30.00   39.38    29.43    0.00      0.00     0.00   0.00    0.00     0.00   18.00   54.22    4.08 102.80


2026년 06월 29일 22시 39분 09초
avg-cpu:  %user   %nice %system %iowait  %steal   %idle
           9.85    0.00    4.04   26.64    0.00   59.47

Device            r/s     rkB/s   rrqm/s  %rrqm r_await rareq-sz     w/s     wkB/s   wrqm/s  %wrqm w_await wareq-sz     d/s     dkB/s   drqm/s  %drqm d_await dareq-sz     f/s f_await  aqu-sz  %util
sda             24.00    692.00     0.00   0.00   41.42    28.83   60.00   1272.00    24.00  28.57   27.75    21.20    0.00      0.00     0.00   0.00    0.00     0.00   20.00   44.80    3.55  95.20


2026년 06월 29일 22시 39분 10초
avg-cpu:  %user   %nice %system %iowait  %steal   %idle
          12.08    0.00    3.40   26.42    0.00   58.11

Device            r/s     rkB/s   rrqm/s  %rrqm r_await rareq-sz     w/s     wkB/s   wrqm/s  %wrqm w_await wareq-sz     d/s     dkB/s   drqm/s  %drqm d_await dareq-sz     f/s f_await  aqu-sz  %util
sda             58.00    976.00     0.00   0.00   18.53    16.83   71.00   2032.00    36.00  33.64   20.69    28.62    0.00      0.00     0.00   0.00    0.00     0.00   30.00   30.97    3.48 104.00


2026년 06월 29일 22시 39분 11초
avg-cpu:  %user   %nice %system %iowait  %steal   %idle
          11.52    0.00    2.28   23.92    0.00   62.28

Device            r/s     rkB/s   rrqm/s  %rrqm r_await rareq-sz     w/s     wkB/s   wrqm/s  %wrqm w_await wareq-sz     d/s     dkB/s   drqm/s  %drqm d_await dareq-sz     f/s f_await  aqu-sz  %util
sda              9.00    248.00     0.00   0.00   43.67    27.56   83.00   2100.00    39.00  31.97   22.70    25.30    0.00      0.00     0.00   0.00    0.00     0.00   32.00   29.31    3.21  92.40


2026년 06월 29일 22시 39분 12초
avg-cpu:  %user   %nice %system %iowait  %steal   %idle
          10.24    0.00    3.16   25.92    0.00   60.68

Device            r/s     rkB/s   rrqm/s  %rrqm r_await rareq-sz     w/s     wkB/s   wrqm/s  %wrqm w_await wareq-sz     d/s     dkB/s   drqm/s  %drqm d_await dareq-sz     f/s f_await  aqu-sz  %util
sda             30.00    120.00     0.00   0.00   30.07     4.00   75.00   2116.00    36.00  32.43   17.08    28.21    0.00      0.00     0.00   0.00    0.00     0.00   30.00   31.97    3.14  92.80


2026년 06월 29일 22시 39분 13초
avg-cpu:  %user   %nice %system %iowait  %steal   %idle
          11.18    0.00    3.27   31.78    0.00   53.77

Device            r/s     rkB/s   rrqm/s  %rrqm r_await rareq-sz     w/s     wkB/s   wrqm/s  %wrqm w_await wareq-sz     d/s     dkB/s   drqm/s  %drqm d_await dareq-sz     f/s f_await  aqu-sz  %util
sda             35.00    152.00     0.00   0.00   35.86     4.34   75.00   1604.00    21.00  21.88   27.73    21.39    0.00      0.00     0.00   0.00    0.00     0.00   26.00   38.31    4.33  97.20


2026년 06월 29일 22시 39분 14초
avg-cpu:  %user   %nice %system %iowait  %steal   %idle
          11.35    0.00    3.28   21.31    0.00   64.06

Device            r/s     rkB/s   rrqm/s  %rrqm r_await rareq-sz     w/s     wkB/s   wrqm/s  %wrqm w_await wareq-sz     d/s     dkB/s   drqm/s  %drqm d_await dareq-sz     f/s f_await  aqu-sz  %util
sda             13.00    324.00     0.00   0.00   38.23    24.92   87.00   2204.00    75.00  46.30   24.16    25.33    0.00      0.00     0.00   0.00    0.00     0.00   30.00   29.93    3.50  95.20


2026년 06월 29일 22시 39분 15초
avg-cpu:  %user   %nice %system %iowait  %steal   %idle
          11.11    0.00    3.79   19.82    0.00   65.28

Device            r/s     rkB/s   rrqm/s  %rrqm r_await rareq-sz     w/s     wkB/s   wrqm/s  %wrqm w_await wareq-sz     d/s     dkB/s   drqm/s  %drqm d_await dareq-sz     f/s f_await  aqu-sz  %util
sda              7.00    264.00     0.00   0.00   49.29    37.71   87.00   3820.00    58.00  40.00   20.76    43.91    0.00      0.00     0.00   0.00    0.00     0.00   27.00   34.33    3.08 100.40


2026년 06월 29일 22시 39분 16초
avg-cpu:  %user   %nice %system %iowait  %steal   %idle
          11.17    0.00    4.02   18.95    0.00   65.87

Device            r/s     rkB/s   rrqm/s  %rrqm r_await rareq-sz     w/s     wkB/s   wrqm/s  %wrqm w_await wareq-sz     d/s     dkB/s   drqm/s  %drqm d_await dareq-sz     f/s f_await  aqu-sz  %util
sda              4.00     16.00     0.00   0.00   28.50     4.00   93.00   2772.00    51.00  35.42   16.11    29.81    0.00      0.00     0.00   0.00    0.00     0.00   33.00   26.85    2.50  87.20


2026년 06월 29일 22시 39분 17초
avg-cpu:  %user   %nice %system %iowait  %steal   %idle
          11.99    0.00    4.17   18.06    0.00   65.78

Device            r/s     rkB/s   rrqm/s  %rrqm r_await rareq-sz     w/s     wkB/s   wrqm/s  %wrqm w_await wareq-sz     d/s     dkB/s   drqm/s  %drqm d_await dareq-sz     f/s f_await  aqu-sz  %util
sda              1.00      4.00     0.00   0.00  104.00     4.00   82.00   1824.00    32.00  28.07   20.63    22.24    0.00      0.00     0.00   0.00    0.00     0.00   26.00   38.42    2.79  98.00


2026년 06월 29일 22시 39분 18초
avg-cpu:  %user   %nice %system %iowait  %steal   %idle
          11.38    0.00    3.67   20.10    0.00   64.85

Device            r/s     rkB/s   rrqm/s  %rrqm r_await rareq-sz     w/s     wkB/s   wrqm/s  %wrqm w_await wareq-sz     d/s     dkB/s   drqm/s  %drqm d_await dareq-sz     f/s f_await  aqu-sz  %util
sda              3.00     12.00     0.00   0.00   43.00     4.00   73.00   2088.00    39.00  34.82   23.78    28.60    0.00      0.00     0.00   0.00    0.00     0.00   28.00   35.86    2.87  95.20


2026년 06월 29일 22시 39분 19초
avg-cpu:  %user   %nice %system %iowait  %steal   %idle
          10.48    0.00    3.91   15.40    0.00   70.20

Device            r/s     rkB/s   rrqm/s  %rrqm r_await rareq-sz     w/s     wkB/s   wrqm/s  %wrqm w_await wareq-sz     d/s     dkB/s   drqm/s  %drqm d_await dareq-sz     f/s f_await  aqu-sz  %util
sda              1.00      4.00     0.00   0.00   84.00     4.00  100.00   1972.00    36.00  26.47   13.66    19.72    0.00      0.00     0.00   0.00    0.00     0.00   31.00   30.65    2.40  95.20


2026년 06월 29일 22시 39분 20초
avg-cpu:  %user   %nice %system %iowait  %steal   %idle
           9.72    0.00    3.79   18.43    0.00   68.06

Device            r/s     rkB/s   rrqm/s  %rrqm r_await rareq-sz     w/s     wkB/s   wrqm/s  %wrqm w_await wareq-sz     d/s     dkB/s   drqm/s  %drqm d_await dareq-sz     f/s f_await  aqu-sz  %util
sda              1.00      4.00     0.00   0.00   87.00     4.00   84.00   1860.00    32.00  27.59   18.48    22.14    0.00      0.00     0.00   0.00    0.00     0.00   32.00   30.31    2.61  96.40


2026년 06월 29일 22시 39분 21초
avg-cpu:  %user   %nice %system %iowait  %steal   %idle
          12.23    0.00    3.03   18.16    0.00   66.58

Device            r/s     rkB/s   rrqm/s  %rrqm r_await rareq-sz     w/s     wkB/s   wrqm/s  %wrqm w_await wareq-sz     d/s     dkB/s   drqm/s  %drqm d_await dareq-sz     f/s f_await  aqu-sz  %util
sda              3.00     20.00     2.00  40.00   20.67     6.67   63.00   6336.00    45.00  41.67   33.98   100.57    0.00      0.00     0.00   0.00    0.00     0.00   24.00   31.79    2.96  86.40


2026년 06월 29일 22시 39분 22초
avg-cpu:  %user   %nice %system %iowait  %steal   %idle
          12.11    0.00    3.15   21.94    0.00   62.80

Device            r/s     rkB/s   rrqm/s  %rrqm r_await rareq-sz     w/s     wkB/s   wrqm/s  %wrqm w_await wareq-sz     d/s     dkB/s   drqm/s  %drqm d_await dareq-sz     f/s f_await  aqu-sz  %util
sda              4.00     16.00     0.00   0.00   39.75     4.00   84.00   2048.00    43.00  33.86   22.71    24.38    0.00      0.00     0.00   0.00    0.00     0.00   36.00   27.19    3.05  94.80


2026년 06월 29일 22시 39분 23초
avg-cpu:  %user   %nice %system %iowait  %steal   %idle
          11.80    0.00    2.92   19.67    0.00   65.61

Device            r/s     rkB/s   rrqm/s  %rrqm r_await rareq-sz     w/s     wkB/s   wrqm/s  %wrqm w_await wareq-sz     d/s     dkB/s   drqm/s  %drqm d_await dareq-sz     f/s f_await  aqu-sz  %util
sda              0.00      0.00     0.00   0.00    0.00     0.00   83.00   1856.00    41.00  33.06   22.65    22.36    0.00      0.00     0.00   0.00    0.00     0.00   30.00   33.07    2.87  98.00


2026년 06월 29일 22시 39분 24초
avg-cpu:  %user   %nice %system %iowait  %steal   %idle
          10.10    0.00    3.54   17.55    0.00   68.81

Device            r/s     rkB/s   rrqm/s  %rrqm r_await rareq-sz     w/s     wkB/s   wrqm/s  %wrqm w_await wareq-sz     d/s     dkB/s   drqm/s  %drqm d_await dareq-sz     f/s f_await  aqu-sz  %util
sda              3.00     28.00     4.00  57.14   27.00     9.33   81.00   2092.00    39.00  32.50   18.02    25.83    0.00      0.00     0.00   0.00    0.00     0.00   35.00   27.09    2.49  96.80


2026년 06월 29일 22시 39분 25초
avg-cpu:  %user   %nice %system %iowait  %steal   %idle
          10.86    0.00    4.55   19.95    0.00   64.65

Device            r/s     rkB/s   rrqm/s  %rrqm r_await rareq-sz     w/s     wkB/s   wrqm/s  %wrqm w_await wareq-sz     d/s     dkB/s   drqm/s  %drqm d_await dareq-sz     f/s f_await  aqu-sz  %util
sda              4.00     28.00     3.00  42.86   30.00     7.00   87.00   2476.00    40.00  31.50   18.74    28.46    0.00      0.00     0.00   0.00    0.00     0.00   40.00   24.60    2.73  94.40


2026년 06월 29일 22시 39분 26초
avg-cpu:  %user   %nice %system %iowait  %steal   %idle
          10.19    0.00    4.15   18.62    0.00   67.04

Device            r/s     rkB/s   rrqm/s  %rrqm r_await rareq-sz     w/s     wkB/s   wrqm/s  %wrqm w_await wareq-sz     d/s     dkB/s   drqm/s  %drqm d_await dareq-sz     f/s f_await  aqu-sz  %util
sda              4.00     16.00     0.00   0.00   35.75     4.00  123.00   1804.00    46.00  27.22   48.77    14.67    0.00      0.00     0.00   0.00    0.00     0.00   28.00   33.86    7.09  87.20


2026년 06월 29일 22시 39분 27초
avg-cpu:  %user   %nice %system %iowait  %steal   %idle
          12.12    0.00    4.12   18.88    0.00   64.88

Device            r/s     rkB/s   rrqm/s  %rrqm r_await rareq-sz     w/s     wkB/s   wrqm/s  %wrqm w_await wareq-sz     d/s     dkB/s   drqm/s  %drqm d_await dareq-sz     f/s f_await  aqu-sz  %util
sda              2.00     12.00     1.00  33.33   11.00     6.00   94.00   2540.00    54.00  36.49   16.65    27.02    0.00      0.00     0.00   0.00    0.00     0.00   32.00   31.22    2.59  92.00


2026년 06월 29일 22시 39분 28초
avg-cpu:  %user   %nice %system %iowait  %steal   %idle
           2.91    0.00    1.27   23.92    0.00   71.90

Device            r/s     rkB/s   rrqm/s  %rrqm r_await rareq-sz     w/s     wkB/s   wrqm/s  %wrqm w_await wareq-sz     d/s     dkB/s   drqm/s  %drqm d_await dareq-sz     f/s f_await  aqu-sz  %util
sda              2.00      8.00     0.00   0.00   35.00     4.00  174.00   1928.00    29.00  14.29   37.21    11.08    0.00      0.00     0.00   0.00    0.00     0.00   19.00   45.89    7.42  97.20


2026년 06월 29일 22시 39분 29초
avg-cpu:  %user   %nice %system %iowait  %steal   %idle
           9.38    0.00    4.25   20.62    0.00   65.75

Device            r/s     rkB/s   rrqm/s  %rrqm r_await rareq-sz     w/s     wkB/s   wrqm/s  %wrqm w_await wareq-sz     d/s     dkB/s   drqm/s  %drqm d_await dareq-sz     f/s f_await  aqu-sz  %util
sda              5.00     20.00     0.00   0.00   64.60     4.00   95.00   2800.00    35.00  26.92   22.08    29.47    0.00      0.00     0.00   0.00    0.00     0.00   31.00   33.45    3.46  98.40


2026년 06월 29일 22시 39분 30초
avg-cpu:  %user   %nice %system %iowait  %steal   %idle
           9.33    0.00    3.53   19.17    0.00   67.97

Device            r/s     rkB/s   rrqm/s  %rrqm r_await rareq-sz     w/s     wkB/s   wrqm/s  %wrqm w_await wareq-sz     d/s     dkB/s   drqm/s  %drqm d_await dareq-sz     f/s f_await  aqu-sz  %util
sda              4.00     16.00     0.00   0.00   24.25     4.00   93.00   6436.00    44.00  32.12   20.75    69.20    0.00      0.00     0.00   0.00    0.00     0.00   33.00   28.97    2.98  98.00


2026년 06월 29일 22시 39분 31초
avg-cpu:  %user   %nice %system %iowait  %steal   %idle
          10.86    0.00    3.16   16.92    0.00   69.07

Device            r/s     rkB/s   rrqm/s  %rrqm r_await rareq-sz     w/s     wkB/s   wrqm/s  %wrqm w_await wareq-sz     d/s     dkB/s   drqm/s  %drqm d_await dareq-sz     f/s f_await  aqu-sz  %util
sda              1.00      4.00     0.00   0.00   82.00     4.00   95.00   2320.00    36.00  27.48   17.22    24.42    0.00      0.00     0.00   0.00    0.00     0.00   37.00   25.81    2.67  90.40


2026년 06월 29일 22시 39분 32초
avg-cpu:  %user   %nice %system %iowait  %steal   %idle
           7.87    0.00    3.17   17.89    0.00   71.07

Device            r/s     rkB/s   rrqm/s  %rrqm r_await rareq-sz     w/s     wkB/s   wrqm/s  %wrqm w_await wareq-sz     d/s     dkB/s   drqm/s  %drqm d_await dareq-sz     f/s f_await  aqu-sz  %util
sda              3.00     12.00     0.00   0.00   24.67     4.00   84.00   2808.00    51.00  37.78   17.77    33.43    0.00      0.00     0.00   0.00    0.00     0.00   34.00   29.09    2.56  94.40


2026년 06월 29일 22시 39분 33초
avg-cpu:  %user   %nice %system %iowait  %steal   %idle
           7.45    0.00    3.41   18.06    0.00   71.09

Device            r/s     rkB/s   rrqm/s  %rrqm r_await rareq-sz     w/s     wkB/s   wrqm/s  %wrqm w_await wareq-sz     d/s     dkB/s   drqm/s  %drqm d_await dareq-sz     f/s f_await  aqu-sz  %util
sda              2.00      8.00     0.00   0.00   56.50     4.00   85.00   1880.00    34.00  28.57   16.66    22.12    0.00      0.00     0.00   0.00    0.00     0.00   33.00   28.18    2.46  77.60


2026년 06월 29일 22시 39분 34초
avg-cpu:  %user   %nice %system %iowait  %steal   %idle
           7.22    0.00    2.28   16.73    0.00   73.76

Device            r/s     rkB/s   rrqm/s  %rrqm r_await rareq-sz     w/s     wkB/s   wrqm/s  %wrqm w_await wareq-sz     d/s     dkB/s   drqm/s  %drqm d_await dareq-sz     f/s f_await  aqu-sz  %util
sda              3.00     12.00     0.00   0.00   39.00     4.00   95.00   2768.00    46.00  32.62   15.71    29.14    0.00      0.00     0.00   0.00    0.00     0.00   34.00   29.65    2.62  91.20


2026년 06월 29일 22시 39분 35초
avg-cpu:  %user   %nice %system %iowait  %steal   %idle
           5.20    0.00    2.66   18.40    0.00   73.73

Device            r/s     rkB/s   rrqm/s  %rrqm r_await rareq-sz     w/s     wkB/s   wrqm/s  %wrqm w_await wareq-sz     d/s     dkB/s   drqm/s  %drqm d_await dareq-sz     f/s f_await  aqu-sz  %util
sda              3.00     12.00     0.00   0.00   37.00     4.00   85.00   2096.00    36.00  29.75   18.32    24.66    0.00      0.00     0.00   0.00    0.00     0.00   33.00   28.82    2.62 102.00


2026년 06월 29일 22시 39분 36초
avg-cpu:  %user   %nice %system %iowait  %steal   %idle
           7.33    0.00    2.40   15.17    0.00   75.09

Device            r/s     rkB/s   rrqm/s  %rrqm r_await rareq-sz     w/s     wkB/s   wrqm/s  %wrqm w_await wareq-sz     d/s     dkB/s   drqm/s  %drqm d_await dareq-sz     f/s f_await  aqu-sz  %util
sda              3.00     12.00     0.00   0.00   51.67     4.00   92.00   2748.00    66.00  41.77   15.37    29.87    0.00      0.00     0.00   0.00    0.00     0.00   33.00   29.39    2.54  98.40


2026년 06월 29일 22시 39분 37초
avg-cpu:  %user   %nice %system %iowait  %steal   %idle
           5.93    0.00    2.90   18.94    0.00   72.22

Device            r/s     rkB/s   rrqm/s  %rrqm r_await rareq-sz     w/s     wkB/s   wrqm/s  %wrqm w_await wareq-sz     d/s     dkB/s   drqm/s  %drqm d_await dareq-sz     f/s f_await  aqu-sz  %util
sda              5.00     20.00     0.00   0.00   28.40     4.00   92.00   2524.00    60.00  39.47   19.93    27.43    0.00      0.00     0.00   0.00    0.00     0.00   36.00   27.19    2.95  93.20


2026년 06월 29일 22시 39분 38초
avg-cpu:  %user   %nice %system %iowait  %steal   %idle
           2.64    0.00    1.64   20.50    0.00   75.22

Device            r/s     rkB/s   rrqm/s  %rrqm r_await rareq-sz     w/s     wkB/s   wrqm/s  %wrqm w_await wareq-sz     d/s     dkB/s   drqm/s  %drqm d_await dareq-sz     f/s f_await  aqu-sz  %util
sda              1.00      4.00     0.00   0.00   66.00     4.00   75.00   1632.00    24.00  24.24   24.25    21.76    0.00      0.00     0.00   0.00    0.00     0.00   24.00   39.54    2.83  86.80


2026년 06월 29일 22시 39분 39초
avg-cpu:  %user   %nice %system %iowait  %steal   %idle
           2.15    0.00    0.76   21.24    0.00   75.85

Device            r/s     rkB/s   rrqm/s  %rrqm r_await rareq-sz     w/s     wkB/s   wrqm/s  %wrqm w_await wareq-sz     d/s     dkB/s   drqm/s  %drqm d_await dareq-sz     f/s f_await  aqu-sz  %util
sda              1.00      4.00     0.00   0.00   56.00     4.00   90.00   5924.00    37.00  29.13   22.40    65.82    0.00      0.00     0.00   0.00    0.00     0.00   38.00   27.24    3.11 100.40


2026년 06월 29일 22시 39분 40초
avg-cpu:  %user   %nice %system %iowait  %steal   %idle
           2.01    0.00    0.88   19.55    0.00   77.57

Device            r/s     rkB/s   rrqm/s  %rrqm r_await rareq-sz     w/s     wkB/s   wrqm/s  %wrqm w_await wareq-sz     d/s     dkB/s   drqm/s  %drqm d_await dareq-sz     f/s f_await  aqu-sz  %util
sda              0.00      0.00     0.00   0.00    0.00     0.00   92.00   2312.00    33.00  26.40   19.28    25.13    0.00      0.00     0.00   0.00    0.00     0.00   32.00   29.75    2.73  93.60


2026년 06월 29일 22시 39분 41초
avg-cpu:  %user   %nice %system %iowait  %steal   %idle
           1.01    0.00    0.88   21.01    0.00   77.11

Device            r/s     rkB/s   rrqm/s  %rrqm r_await rareq-sz     w/s     wkB/s   wrqm/s  %wrqm w_await wareq-sz     d/s     dkB/s   drqm/s  %drqm d_await dareq-sz     f/s f_await  aqu-sz  %util
sda              4.00     24.00     2.00  33.33   35.25     6.00   98.00   2176.00    36.00  26.87   16.86    22.20    0.00      0.00     0.00   0.00    0.00     0.00   37.00   26.70    2.78  94.40


2026년 06월 29일 22시 39분 42초
avg-cpu:  %user   %nice %system %iowait  %steal   %idle
           1.01    0.00    0.63   17.72    0.00   80.63

Device            r/s     rkB/s   rrqm/s  %rrqm r_await rareq-sz     w/s     wkB/s   wrqm/s  %wrqm w_await wareq-sz     d/s     dkB/s   drqm/s  %drqm d_await dareq-sz     f/s f_await  aqu-sz  %util
sda              2.00      8.00     0.00   0.00   72.00     4.00   92.00   2052.00    22.00  19.30   15.60    22.30    0.00      0.00     0.00   0.00    0.00     0.00   27.00   34.26    2.50  90.40


2026년 06월 29일 22시 39분 43초
avg-cpu:  %user   %nice %system %iowait  %steal   %idle
           0.51    0.00    0.51   22.41    0.00   76.58

Device            r/s     rkB/s   rrqm/s  %rrqm r_await rareq-sz     w/s     wkB/s   wrqm/s  %wrqm w_await wareq-sz     d/s     dkB/s   drqm/s  %drqm d_await dareq-sz     f/s f_await  aqu-sz  %util
sda              1.00      4.00     0.00   0.00   31.00     4.00   95.00   2264.00    29.00  23.39   20.22    23.83    0.00      0.00     0.00   0.00    0.00     0.00   30.00   32.73    2.93  99.20


2026년 06월 29일 22시 39분 44초
avg-cpu:  %user   %nice %system %iowait  %steal   %idle
           2.38    0.00    1.25   25.85    0.00   70.51

Device            r/s     rkB/s   rrqm/s  %rrqm r_await rareq-sz     w/s     wkB/s   wrqm/s  %wrqm w_await wareq-sz     d/s     dkB/s   drqm/s  %drqm d_await dareq-sz     f/s f_await  aqu-sz  %util
sda              3.00     12.00     0.00   0.00   50.33     4.00   96.00   2300.00    38.00  28.36   24.53    23.96    0.00      0.00     0.00   0.00    0.00     0.00   32.00   30.09    3.47  98.80


