Linux 5.15.0-157-generic (cgda) 	2026년 06월 29일 	_x86_64_	(8 CPU)

2026년 06월 29일 19시 02분 47초
avg-cpu:  %user   %nice %system %iowait  %steal   %idle
           0.10    0.00    0.09    0.07    0.00   99.73

Device            r/s     rkB/s   rrqm/s  %rrqm r_await rareq-sz     w/s     wkB/s   wrqm/s  %wrqm w_await wareq-sz     d/s     dkB/s   drqm/s  %drqm d_await dareq-sz     f/s f_await  aqu-sz  %util
sda              0.03      0.54     0.01  25.52   31.50    15.45    1.27     14.44     0.55  30.34    7.54    11.36    0.00      0.00     0.00   0.00    0.00     0.00    0.24   16.90    0.01   0.64


2026년 06월 29일 19시 02분 48초
avg-cpu:  %user   %nice %system %iowait  %steal   %idle
           0.25    0.00    0.38    0.00    0.00   99.37

Device            r/s     rkB/s   rrqm/s  %rrqm r_await rareq-sz     w/s     wkB/s   wrqm/s  %wrqm w_await wareq-sz     d/s     dkB/s   drqm/s  %drqm d_await dareq-sz     f/s f_await  aqu-sz  %util


2026년 06월 29일 19시 02분 49초
avg-cpu:  %user   %nice %system %iowait  %steal   %idle
           0.38    0.00    0.38    1.77    0.00   97.47

Device            r/s     rkB/s   rrqm/s  %rrqm r_await rareq-sz     w/s     wkB/s   wrqm/s  %wrqm w_await wareq-sz     d/s     dkB/s   drqm/s  %drqm d_await dareq-sz     f/s f_await  aqu-sz  %util
sda              0.00      0.00     0.00   0.00    0.00     0.00   11.00    104.00    14.00  56.00   11.64     9.45    0.00      0.00     0.00   0.00    0.00     0.00    6.00   19.17    0.24  12.40


2026년 06월 29일 19시 02분 50초
avg-cpu:  %user   %nice %system %iowait  %steal   %idle
           1.26    0.00    1.26   13.58    0.00   83.90

Device            r/s     rkB/s   rrqm/s  %rrqm r_await rareq-sz     w/s     wkB/s   wrqm/s  %wrqm w_await wareq-sz     d/s     dkB/s   drqm/s  %drqm d_await dareq-sz     f/s f_await  aqu-sz  %util
sda              1.00      4.00     0.00   0.00   22.00     4.00   62.00    752.00    32.00  34.04   17.97    12.13    0.00      0.00     0.00   0.00    0.00     0.00   33.00   22.82    1.89  73.20


2026년 06월 29일 19시 02분 51초
avg-cpu:  %user   %nice %system %iowait  %steal   %idle
           2.65    0.00    2.15   18.18    0.00   77.02

Device            r/s     rkB/s   rrqm/s  %rrqm r_await rareq-sz     w/s     wkB/s   wrqm/s  %wrqm w_await wareq-sz     d/s     dkB/s   drqm/s  %drqm d_await dareq-sz     f/s f_await  aqu-sz  %util
sda              0.00      0.00     0.00   0.00    0.00     0.00   94.00   1444.00    72.00  43.37   17.45    15.36    0.00      0.00     0.00   0.00    0.00     0.00   38.00   24.84    2.58  95.60


2026년 06월 29일 19시 02분 52초
avg-cpu:  %user   %nice %system %iowait  %steal   %idle
           1.38    0.00    1.76   26.79    0.00   70.06

Device            r/s     rkB/s   rrqm/s  %rrqm r_await rareq-sz     w/s     wkB/s   wrqm/s  %wrqm w_await wareq-sz     d/s     dkB/s   drqm/s  %drqm d_await dareq-sz     f/s f_await  aqu-sz  %util
sda             11.00     60.00     4.00  26.67   45.36     5.45   88.00   1016.00    40.00  31.25   27.43    11.55    0.00      0.00     0.00   0.00    0.00     0.00   35.00   27.03    3.86  91.60


2026년 06월 29일 19시 02분 53초
avg-cpu:  %user   %nice %system %iowait  %steal   %idle
           3.29    0.00    1.77   24.68    0.00   70.25

Device            r/s     rkB/s   rrqm/s  %rrqm r_await rareq-sz     w/s     wkB/s   wrqm/s  %wrqm w_await wareq-sz     d/s     dkB/s   drqm/s  %drqm d_await dareq-sz     f/s f_await  aqu-sz  %util
sda             14.00     56.00     0.00   0.00   52.43     4.00   85.00   1188.00    60.00  41.38   30.92    13.98    0.00      0.00     0.00   0.00    0.00     0.00   28.00   34.46    4.33  91.20


2026년 06월 29일 19시 02분 54초
avg-cpu:  %user   %nice %system %iowait  %steal   %idle
           3.18    0.00    1.91   19.24    0.00   75.67

Device            r/s     rkB/s   rrqm/s  %rrqm r_await rareq-sz     w/s     wkB/s   wrqm/s  %wrqm w_await wareq-sz     d/s     dkB/s   drqm/s  %drqm d_await dareq-sz     f/s f_await  aqu-sz  %util
sda              2.00      8.00     0.00   0.00    0.50     4.00   93.00   1420.00    71.00  43.29   20.73    15.27    0.00      0.00     0.00   0.00    0.00     0.00   42.00   23.10    2.90  99.60


2026년 06월 29일 19시 02분 55초
avg-cpu:  %user   %nice %system %iowait  %steal   %idle
           2.67    0.00    2.03   17.28    0.00   78.02

Device            r/s     rkB/s   rrqm/s  %rrqm r_await rareq-sz     w/s     wkB/s   wrqm/s  %wrqm w_await wareq-sz     d/s     dkB/s   drqm/s  %drqm d_await dareq-sz     f/s f_await  aqu-sz  %util
sda              1.00      4.00     0.00   0.00    1.00     4.00  117.00   1728.00    67.00  36.41   12.85    14.77    0.00      0.00     0.00   0.00    0.00     0.00   49.00   19.73    2.47 101.20


2026년 06월 29일 19시 02분 56초
avg-cpu:  %user   %nice %system %iowait  %steal   %idle
           3.94    0.00    1.02   16.77    0.00   78.27

Device            r/s     rkB/s   rrqm/s  %rrqm r_await rareq-sz     w/s     wkB/s   wrqm/s  %wrqm w_await wareq-sz     d/s     dkB/s   drqm/s  %drqm d_await dareq-sz     f/s f_await  aqu-sz  %util
sda              0.00      0.00     0.00   0.00    0.00     0.00   98.00   1448.00    68.00  40.96   14.94    14.78    0.00      0.00     0.00   0.00    0.00     0.00   44.00   21.73    2.42  97.20


2026년 06월 29일 19시 02분 57초
avg-cpu:  %user   %nice %system %iowait  %steal   %idle
           3.04    0.00    2.41   18.10    0.00   76.46

Device            r/s     rkB/s   rrqm/s  %rrqm r_await rareq-sz     w/s     wkB/s   wrqm/s  %wrqm w_await wareq-sz     d/s     dkB/s   drqm/s  %drqm d_await dareq-sz     f/s f_await  aqu-sz  %util
sda              1.00      4.00     0.00   0.00   23.00     4.00  105.00   1456.00    71.00  40.34   13.06    13.87    0.00      0.00     0.00   0.00    0.00     0.00   39.00   23.15    2.30  91.20


2026년 06월 29일 19시 02분 58초
avg-cpu:  %user   %nice %system %iowait  %steal   %idle
           3.80    0.00    2.53   20.38    0.00   73.29

Device            r/s     rkB/s   rrqm/s  %rrqm r_await rareq-sz     w/s     wkB/s   wrqm/s  %wrqm w_await wareq-sz     d/s     dkB/s   drqm/s  %drqm d_await dareq-sz     f/s f_await  aqu-sz  %util
sda              0.00      0.00     0.00   0.00    0.00     0.00  105.00   1724.00    69.00  39.66   16.99    16.42    0.00      0.00     0.00   0.00    0.00     0.00   49.00   20.76    2.80 102.80


2026년 06월 29일 19시 02분 59초
avg-cpu:  %user   %nice %system %iowait  %steal   %idle
           3.55    0.00    2.15   15.08    0.00   79.21

Device            r/s     rkB/s   rrqm/s  %rrqm r_await rareq-sz     w/s     wkB/s   wrqm/s  %wrqm w_await wareq-sz     d/s     dkB/s   drqm/s  %drqm d_await dareq-sz     f/s f_await  aqu-sz  %util
sda              0.00      0.00     0.00   0.00    0.00     0.00   90.00   1264.00    73.00  44.79   21.43    14.04    0.00      0.00     0.00   0.00    0.00     0.00   38.00   25.26    2.89  97.20


2026년 06월 29일 19시 03분 00초
avg-cpu:  %user   %nice %system %iowait  %steal   %idle
           4.09    0.00    1.53   16.99    0.00   77.39

Device            r/s     rkB/s   rrqm/s  %rrqm r_await rareq-sz     w/s     wkB/s   wrqm/s  %wrqm w_await wareq-sz     d/s     dkB/s   drqm/s  %drqm d_await dareq-sz     f/s f_await  aqu-sz  %util
sda              0.00      0.00     0.00   0.00    0.00     0.00  104.00   1400.00    68.00  39.53   14.62    13.46    0.00      0.00     0.00   0.00    0.00     0.00   49.00   20.02    2.50 100.80


2026년 06월 29일 19시 03분 01초
avg-cpu:  %user   %nice %system %iowait  %steal   %idle
           6.59    0.00    3.04   15.97    0.00   74.40

Device            r/s     rkB/s   rrqm/s  %rrqm r_await rareq-sz     w/s     wkB/s   wrqm/s  %wrqm w_await wareq-sz     d/s     dkB/s   drqm/s  %drqm d_await dareq-sz     f/s f_await  aqu-sz  %util
sda              0.00      0.00     0.00   0.00    0.00     0.00   96.00   1460.00    92.00  48.94   14.21    15.21    0.00      0.00     0.00   0.00    0.00     0.00   44.00   21.82    2.33  90.00


2026년 06월 29일 19시 03분 02초
avg-cpu:  %user   %nice %system %iowait  %steal   %idle
           3.31    0.00    2.17   16.56    0.00   77.96

Device            r/s     rkB/s   rrqm/s  %rrqm r_await rareq-sz     w/s     wkB/s   wrqm/s  %wrqm w_await wareq-sz     d/s     dkB/s   drqm/s  %drqm d_await dareq-sz     f/s f_await  aqu-sz  %util
sda              0.00      0.00     0.00   0.00    0.00     0.00  103.00   1400.00    79.00  43.41   13.52    13.59    0.00      0.00     0.00   0.00    0.00     0.00   49.00   19.18    2.33 106.40


2026년 06월 29일 19시 03분 03초
avg-cpu:  %user   %nice %system %iowait  %steal   %idle
           4.09    0.00    2.55   16.99    0.00   76.37

Device            r/s     rkB/s   rrqm/s  %rrqm r_await rareq-sz     w/s     wkB/s   wrqm/s  %wrqm w_await wareq-sz     d/s     dkB/s   drqm/s  %drqm d_await dareq-sz     f/s f_await  aqu-sz  %util
sda              0.00      0.00     0.00   0.00    0.00     0.00   91.00   1300.00    70.00  43.48   15.23    14.29    0.00      0.00     0.00   0.00    0.00     0.00   39.00   24.44    2.34  96.80


2026년 06월 29일 19시 03분 04초
avg-cpu:  %user   %nice %system %iowait  %steal   %idle
           3.56    0.00    2.67   18.30    0.00   75.48

Device            r/s     rkB/s   rrqm/s  %rrqm r_await rareq-sz     w/s     wkB/s   wrqm/s  %wrqm w_await wareq-sz     d/s     dkB/s   drqm/s  %drqm d_await dareq-sz     f/s f_await  aqu-sz  %util
sda              0.00      0.00     0.00   0.00    0.00     0.00   99.00   1372.00    80.00  44.69   21.11    13.86    0.00      0.00     0.00   0.00    0.00     0.00   46.00   21.28    3.07  94.00


2026년 06월 29일 19시 03분 05초
avg-cpu:  %user   %nice %system %iowait  %steal   %idle
           3.69    0.00    2.80   18.73    0.00   74.78

Device            r/s     rkB/s   rrqm/s  %rrqm r_await rareq-sz     w/s     wkB/s   wrqm/s  %wrqm w_await wareq-sz     d/s     dkB/s   drqm/s  %drqm d_await dareq-sz     f/s f_await  aqu-sz  %util
sda              0.00      0.00     0.00   0.00    0.00     0.00  101.00   1396.00    81.00  44.51   15.31    13.82    0.00      0.00     0.00   0.00    0.00     0.00   46.00   21.39    2.53  98.00


2026년 06월 29일 19시 03분 06초
avg-cpu:  %user   %nice %system %iowait  %steal   %idle
           3.56    0.00    2.67   18.58    0.00   75.19

Device            r/s     rkB/s   rrqm/s  %rrqm r_await rareq-sz     w/s     wkB/s   wrqm/s  %wrqm w_await wareq-sz     d/s     dkB/s   drqm/s  %drqm d_await dareq-sz     f/s f_await  aqu-sz  %util
sda              0.00      0.00     0.00   0.00    0.00     0.00   97.00   1340.00    74.00  43.27   15.34    13.81    0.00      0.00     0.00   0.00    0.00     0.00   43.00   22.44    2.45  97.20


2026년 06월 29일 19시 03분 07초
avg-cpu:  %user   %nice %system %iowait  %steal   %idle
           3.67    0.00    2.78   18.10    0.00   75.44

Device            r/s     rkB/s   rrqm/s  %rrqm r_await rareq-sz     w/s     wkB/s   wrqm/s  %wrqm w_await wareq-sz     d/s     dkB/s   drqm/s  %drqm d_await dareq-sz     f/s f_await  aqu-sz  %util
sda              0.00      0.00     0.00   0.00    0.00     0.00  103.00   1356.00    81.00  44.02   15.29    13.17    0.00      0.00     0.00   0.00    0.00     0.00   49.00   19.76    2.54  99.60


2026년 06월 29일 19시 03분 08초
avg-cpu:  %user   %nice %system %iowait  %steal   %idle
           2.55    0.00    2.55   18.37    0.00   76.53

Device            r/s     rkB/s   rrqm/s  %rrqm r_await rareq-sz     w/s     wkB/s   wrqm/s  %wrqm w_await wareq-sz     d/s     dkB/s   drqm/s  %drqm d_await dareq-sz     f/s f_await  aqu-sz  %util
sda              0.00      0.00     0.00   0.00    0.00     0.00   88.00   1340.00    64.00  42.11   14.65    15.23    0.00      0.00     0.00   0.00    0.00     0.00   37.00   25.27    2.22  96.40


2026년 06월 29일 19시 03분 09초
avg-cpu:  %user   %nice %system %iowait  %steal   %idle
           4.89    0.00    3.51   14.30    0.00   77.29

Device            r/s     rkB/s   rrqm/s  %rrqm r_await rareq-sz     w/s     wkB/s   wrqm/s  %wrqm w_await wareq-sz     d/s     dkB/s   drqm/s  %drqm d_await dareq-sz     f/s f_await  aqu-sz  %util
sda              0.00      0.00     0.00   0.00    0.00     0.00  108.00   1468.00   101.00  48.33   14.03    13.59    0.00      0.00     0.00   0.00    0.00     0.00   55.00   18.09    2.51  95.20


2026년 06월 29일 19시 03분 10초
avg-cpu:  %user   %nice %system %iowait  %steal   %idle
           3.17    0.00    2.66   17.87    0.00   76.30

Device            r/s     rkB/s   rrqm/s  %rrqm r_await rareq-sz     w/s     wkB/s   wrqm/s  %wrqm w_await wareq-sz     d/s     dkB/s   drqm/s  %drqm d_await dareq-sz     f/s f_await  aqu-sz  %util
sda              0.00      0.00     0.00   0.00    0.00     0.00   79.00   1040.00    70.00  46.98   17.53    13.16    0.00      0.00     0.00   0.00    0.00     0.00   37.00   26.19    2.35 100.00


2026년 06월 29일 19시 03분 11초
avg-cpu:  %user   %nice %system %iowait  %steal   %idle
           5.09    0.00    2.93   15.39    0.00   76.59

Device            r/s     rkB/s   rrqm/s  %rrqm r_await rareq-sz     w/s     wkB/s   wrqm/s  %wrqm w_await wareq-sz     d/s     dkB/s   drqm/s  %drqm d_await dareq-sz     f/s f_await  aqu-sz  %util
sda              0.00      0.00     0.00   0.00    0.00     0.00   84.00   1160.00    93.00  52.54   17.58    13.81    0.00      0.00     0.00   0.00    0.00     0.00   38.00   25.34    2.44  95.20


2026년 06월 29일 19시 03분 12초
avg-cpu:  %user   %nice %system %iowait  %steal   %idle
           4.58    0.00    2.16   16.79    0.00   76.46

Device            r/s     rkB/s   rrqm/s  %rrqm r_await rareq-sz     w/s     wkB/s   wrqm/s  %wrqm w_await wareq-sz     d/s     dkB/s   drqm/s  %drqm d_await dareq-sz     f/s f_await  aqu-sz  %util
sda              1.00     16.00     3.00  75.00   49.00    16.00   93.00   1124.00    78.00  45.61   14.88    12.09    0.00      0.00     0.00   0.00    0.00     0.00   45.00   21.24    2.39  92.80


2026년 06월 29일 19시 03분 13초
avg-cpu:  %user   %nice %system %iowait  %steal   %idle
           4.31    0.00    3.30   18.12    0.00   74.27

Device            r/s     rkB/s   rrqm/s  %rrqm r_await rareq-sz     w/s     wkB/s   wrqm/s  %wrqm w_await wareq-sz     d/s     dkB/s   drqm/s  %drqm d_await dareq-sz     f/s f_await  aqu-sz  %util
sda              0.00      0.00     0.00   0.00    0.00     0.00   84.00   1112.00    84.00  50.00   16.49    13.24    0.00      0.00     0.00   0.00    0.00     0.00   38.00   25.21    2.34  96.80


2026년 06월 29일 19시 03분 14초
avg-cpu:  %user   %nice %system %iowait  %steal   %idle
           3.69    0.00    2.16   18.45    0.00   75.70

Device            r/s     rkB/s   rrqm/s  %rrqm r_await rareq-sz     w/s     wkB/s   wrqm/s  %wrqm w_await wareq-sz     d/s     dkB/s   drqm/s  %drqm d_await dareq-sz     f/s f_await  aqu-sz  %util
sda              0.00      0.00     0.00   0.00    0.00     0.00   91.00   1052.00    74.00  44.85   16.32    11.56    0.00      0.00     0.00   0.00    0.00     0.00   46.00   21.72    2.48 101.60


2026년 06월 29일 19시 03분 15초
avg-cpu:  %user   %nice %system %iowait  %steal   %idle
           3.55    0.00    2.03   15.97    0.00   78.45

Device            r/s     rkB/s   rrqm/s  %rrqm r_await rareq-sz     w/s     wkB/s   wrqm/s  %wrqm w_await wareq-sz     d/s     dkB/s   drqm/s  %drqm d_await dareq-sz     f/s f_await  aqu-sz  %util
sda              0.00      0.00     0.00   0.00    0.00     0.00   72.00    996.00    63.00  46.67   17.43    13.83    0.00      0.00     0.00   0.00    0.00     0.00   30.00   32.60    2.23  96.40


2026년 06월 29일 19시 03분 16초
avg-cpu:  %user   %nice %system %iowait  %steal   %idle
           3.82    0.00    2.04   17.94    0.00   76.21

Device            r/s     rkB/s   rrqm/s  %rrqm r_await rareq-sz     w/s     wkB/s   wrqm/s  %wrqm w_await wareq-sz     d/s     dkB/s   drqm/s  %drqm d_await dareq-sz     f/s f_await  aqu-sz  %util
sda              0.00      0.00     0.00   0.00    0.00     0.00   93.00   1124.00    74.00  44.31   15.67    12.09    0.00      0.00     0.00   0.00    0.00     0.00   40.00   22.73    2.37  92.40


2026년 06월 29일 19시 03분 17초
avg-cpu:  %user   %nice %system %iowait  %steal   %idle
           3.58    0.00    2.17   17.39    0.00   76.85

Device            r/s     rkB/s   rrqm/s  %rrqm r_await rareq-sz     w/s     wkB/s   wrqm/s  %wrqm w_await wareq-sz     d/s     dkB/s   drqm/s  %drqm d_await dareq-sz     f/s f_await  aqu-sz  %util
sda              0.00      0.00     0.00   0.00    0.00     0.00   83.00   1056.00    75.00  47.47   20.70    12.72    0.00      0.00     0.00   0.00    0.00     0.00   36.00   28.36    2.74 102.40


2026년 06월 29일 19시 03분 18초
avg-cpu:  %user   %nice %system %iowait  %steal   %idle
           3.19    0.00    2.17   16.35    0.00   78.29

Device            r/s     rkB/s   rrqm/s  %rrqm r_await rareq-sz     w/s     wkB/s   wrqm/s  %wrqm w_await wareq-sz     d/s     dkB/s   drqm/s  %drqm d_await dareq-sz     f/s f_await  aqu-sz  %util
sda              0.00      0.00     0.00   0.00    0.00     0.00   92.00   1112.00    65.00  41.40   15.20    12.09    0.00      0.00     0.00   0.00    0.00     0.00   38.00   25.39    2.36  99.60


2026년 06월 29일 19시 03분 19초
avg-cpu:  %user   %nice %system %iowait  %steal   %idle
           3.94    0.00    2.29   20.08    0.00   73.70

Device            r/s     rkB/s   rrqm/s  %rrqm r_await rareq-sz     w/s     wkB/s   wrqm/s  %wrqm w_await wareq-sz     d/s     dkB/s   drqm/s  %drqm d_await dareq-sz     f/s f_await  aqu-sz  %util
sda              0.00      0.00     0.00   0.00    0.00     0.00   93.00   1092.00    75.00  44.64   16.51    11.74    0.00      0.00     0.00   0.00    0.00     0.00   45.00   21.76    2.51 100.00


2026년 06월 29일 19시 03분 20초
avg-cpu:  %user   %nice %system %iowait  %steal   %idle
           3.94    0.00    1.78   17.28    0.00   77.00

Device            r/s     rkB/s   rrqm/s  %rrqm r_await rareq-sz     w/s     wkB/s   wrqm/s  %wrqm w_await wareq-sz     d/s     dkB/s   drqm/s  %drqm d_await dareq-sz     f/s f_await  aqu-sz  %util
sda              0.00      0.00     0.00   0.00    0.00     0.00   87.00   1072.00    67.00  43.51   16.17    12.32    0.00      0.00     0.00   0.00    0.00     0.00   37.00   26.05    2.37  99.20


2026년 06월 29일 19시 03분 21초
avg-cpu:  %user   %nice %system %iowait  %steal   %idle
           4.20    0.00    1.91   18.83    0.00   75.06

Device            r/s     rkB/s   rrqm/s  %rrqm r_await rareq-sz     w/s     wkB/s   wrqm/s  %wrqm w_await wareq-sz     d/s     dkB/s   drqm/s  %drqm d_await dareq-sz     f/s f_await  aqu-sz  %util
sda              1.00      8.00     1.00  50.00   91.00     8.00   84.00   1072.00    78.00  48.15   17.20    12.76    0.00      0.00     0.00   0.00    0.00     0.00   42.00   23.00    2.50  95.20


2026년 06월 29일 19시 03분 22초
avg-cpu:  %user   %nice %system %iowait  %steal   %idle
           4.97    0.00    3.06   15.31    0.00   76.66

Device            r/s     rkB/s   rrqm/s  %rrqm r_await rareq-sz     w/s     wkB/s   wrqm/s  %wrqm w_await wareq-sz     d/s     dkB/s   drqm/s  %drqm d_await dareq-sz     f/s f_await  aqu-sz  %util
sda              0.00      0.00     0.00   0.00    0.00     0.00   89.00   1164.00    96.00  51.89   15.22    13.08    0.00      0.00     0.00   0.00    0.00     0.00   41.00   23.98    2.34  92.80


2026년 06월 29일 19시 03분 23초
avg-cpu:  %user   %nice %system %iowait  %steal   %idle
           4.32    0.00    3.05   14.99    0.00   77.64

Device            r/s     rkB/s   rrqm/s  %rrqm r_await rareq-sz     w/s     wkB/s   wrqm/s  %wrqm w_await wareq-sz     d/s     dkB/s   drqm/s  %drqm d_await dareq-sz     f/s f_await  aqu-sz  %util
sda              0.00      0.00     0.00   0.00    0.00     0.00   96.00   1228.00    93.00  49.21   14.45    12.79    0.00      0.00     0.00   0.00    0.00     0.00   42.00   22.79    2.34  92.40


2026년 06월 29일 19시 03분 24초
avg-cpu:  %user   %nice %system %iowait  %steal   %idle
           4.57    0.00    2.80   18.04    0.00   74.59

Device            r/s     rkB/s   rrqm/s  %rrqm r_await rareq-sz     w/s     wkB/s   wrqm/s  %wrqm w_await wareq-sz     d/s     dkB/s   drqm/s  %drqm d_await dareq-sz     f/s f_await  aqu-sz  %util
sda              0.00      0.00     0.00   0.00    0.00     0.00   88.00   1088.00    79.00  47.31   19.61    12.36    0.00      0.00     0.00   0.00    0.00     0.00   42.00   23.14    2.70 106.00


2026년 06월 29일 19시 03분 25초
avg-cpu:  %user   %nice %system %iowait  %steal   %idle
           3.33    0.00    1.92   15.64    0.00   79.10

Device            r/s     rkB/s   rrqm/s  %rrqm r_await rareq-sz     w/s     wkB/s   wrqm/s  %wrqm w_await wareq-sz     d/s     dkB/s   drqm/s  %drqm d_await dareq-sz     f/s f_await  aqu-sz  %util
sda              0.00      0.00     0.00   0.00    0.00     0.00   90.00   1096.00    77.00  46.11   15.82    12.18    0.00      0.00     0.00   0.00    0.00     0.00   47.00   20.72    2.40  94.80


2026년 06월 29일 19시 03분 26초
avg-cpu:  %user   %nice %system %iowait  %steal   %idle
           3.46    0.00    2.18   13.83    0.00   80.54

Device            r/s     rkB/s   rrqm/s  %rrqm r_await rareq-sz     w/s     wkB/s   wrqm/s  %wrqm w_await wareq-sz     d/s     dkB/s   drqm/s  %drqm d_await dareq-sz     f/s f_await  aqu-sz  %util
sda              0.00      0.00     0.00   0.00    0.00     0.00   94.00    924.00    85.00  47.49   12.38     9.83    0.00      0.00     0.00   0.00    0.00     0.00   48.00   19.60    2.11  99.20


2026년 06월 29일 19시 03분 27초
avg-cpu:  %user   %nice %system %iowait  %steal   %idle
           3.56    0.00    2.29   16.41    0.00   77.74

Device            r/s     rkB/s   rrqm/s  %rrqm r_await rareq-sz     w/s     wkB/s   wrqm/s  %wrqm w_await wareq-sz     d/s     dkB/s   drqm/s  %drqm d_await dareq-sz     f/s f_await  aqu-sz  %util
sda              1.00     16.00     3.00  75.00   38.00    16.00   79.00    808.00    73.00  48.03   16.53    10.23    0.00      0.00     0.00   0.00    0.00     0.00   42.00   22.71    2.30  96.00


2026년 06월 29일 19시 03분 28초
avg-cpu:  %user   %nice %system %iowait  %steal   %idle
           3.18    0.00    1.53   13.23    0.00   82.06

Device            r/s     rkB/s   rrqm/s  %rrqm r_await rareq-sz     w/s     wkB/s   wrqm/s  %wrqm w_await wareq-sz     d/s     dkB/s   drqm/s  %drqm d_await dareq-sz     f/s f_await  aqu-sz  %util
sda              0.00      0.00     0.00   0.00    0.00     0.00   91.00    872.00    71.00  43.83   14.10     9.58    0.00      0.00     0.00   0.00    0.00     0.00   38.00   25.47    2.25  94.40


2026년 06월 29일 19시 03분 29초
avg-cpu:  %user   %nice %system %iowait  %steal   %idle
           4.68    0.00    3.03   14.66    0.00   77.62

Device            r/s     rkB/s   rrqm/s  %rrqm r_await rareq-sz     w/s     wkB/s   wrqm/s  %wrqm w_await wareq-sz     d/s     dkB/s   drqm/s  %drqm d_await dareq-sz     f/s f_await  aqu-sz  %util
sda              0.00      0.00     0.00   0.00    0.00     0.00   96.00    968.00    96.00  50.00   13.50    10.08    0.00      0.00     0.00   0.00    0.00     0.00   49.00   19.49    2.25  98.00


2026년 06월 29일 19시 03분 30초
avg-cpu:  %user   %nice %system %iowait  %steal   %idle
           3.77    0.00    3.27   13.96    0.00   78.99

Device            r/s     rkB/s   rrqm/s  %rrqm r_await rareq-sz     w/s     wkB/s   wrqm/s  %wrqm w_await wareq-sz     d/s     dkB/s   drqm/s  %drqm d_await dareq-sz     f/s f_await  aqu-sz  %util
sda              0.00      0.00     0.00   0.00    0.00     0.00   81.00    844.00    75.00  48.08   14.70    10.42    0.00      0.00     0.00   0.00    0.00     0.00   39.00   23.49    2.11  94.80


2026년 06월 29일 19시 03분 31초
avg-cpu:  %user   %nice %system %iowait  %steal   %idle
           4.83    0.00    2.93   14.38    0.00   77.86

Device            r/s     rkB/s   rrqm/s  %rrqm r_await rareq-sz     w/s     wkB/s   wrqm/s  %wrqm w_await wareq-sz     d/s     dkB/s   drqm/s  %drqm d_await dareq-sz     f/s f_await  aqu-sz  %util
sda              0.00      0.00     0.00   0.00    0.00     0.00   81.00    876.00    85.00  51.20   15.83    10.81    0.00      0.00     0.00   0.00    0.00     0.00   40.00   25.32    2.29 104.80


2026년 06월 29일 19시 03분 32초
avg-cpu:  %user   %nice %system %iowait  %steal   %idle
           4.43    0.00    3.67   14.56    0.00   77.34

Device            r/s     rkB/s   rrqm/s  %rrqm r_await rareq-sz     w/s     wkB/s   wrqm/s  %wrqm w_await wareq-sz     d/s     dkB/s   drqm/s  %drqm d_await dareq-sz     f/s f_await  aqu-sz  %util
sda              0.00      0.00     0.00   0.00    0.00     0.00   73.00    804.00    77.00  51.33   16.74    11.01    0.00      0.00     0.00   0.00    0.00     0.00   35.00   27.40    2.18  98.40


2026년 06월 29일 19시 03분 33초
avg-cpu:  %user   %nice %system %iowait  %steal   %idle
           5.58    0.00    2.41   15.36    0.00   76.65

Device            r/s     rkB/s   rrqm/s  %rrqm r_await rareq-sz     w/s     wkB/s   wrqm/s  %wrqm w_await wareq-sz     d/s     dkB/s   drqm/s  %drqm d_await dareq-sz     f/s f_await  aqu-sz  %util
sda              0.00      0.00     0.00   0.00    0.00     0.00   83.00    916.00    85.00  50.60   16.73    11.04    0.00      0.00     0.00   0.00    0.00     0.00   47.00   20.70    2.36  98.00


2026년 06월 29일 19시 03분 34초
avg-cpu:  %user   %nice %system %iowait  %steal   %idle
           4.88    0.00    3.13   13.02    0.00   78.97

Device            r/s     rkB/s   rrqm/s  %rrqm r_await rareq-sz     w/s     wkB/s   wrqm/s  %wrqm w_await wareq-sz     d/s     dkB/s   drqm/s  %drqm d_await dareq-sz     f/s f_await  aqu-sz  %util
sda              0.00      0.00     0.00   0.00    0.00     0.00   87.00    952.00    87.00  50.00   12.97    10.94    0.00      0.00     0.00   0.00    0.00     0.00   47.00   19.98    2.07 100.80


2026년 06월 29일 19시 03분 35초
avg-cpu:  %user   %nice %system %iowait  %steal   %idle
           4.41    0.00    2.52   16.02    0.00   77.05

Device            r/s     rkB/s   rrqm/s  %rrqm r_await rareq-sz     w/s     wkB/s   wrqm/s  %wrqm w_await wareq-sz     d/s     dkB/s   drqm/s  %drqm d_await dareq-sz     f/s f_await  aqu-sz  %util
sda              0.00      0.00     0.00   0.00    0.00     0.00   86.00   1060.00    73.00  45.91   18.08    12.33    0.00      0.00     0.00   0.00    0.00     0.00   36.00   27.42    2.54  98.80


2026년 06월 29일 19시 03분 36초
avg-cpu:  %user   %nice %system %iowait  %steal   %idle
           4.79    0.00    4.03   14.74    0.00   76.45

Device            r/s     rkB/s   rrqm/s  %rrqm r_await rareq-sz     w/s     wkB/s   wrqm/s  %wrqm w_await wareq-sz     d/s     dkB/s   drqm/s  %drqm d_await dareq-sz     f/s f_await  aqu-sz  %util
sda              0.00      0.00     0.00   0.00    0.00     0.00   99.00   1196.00    89.00  47.34   13.05    12.08    0.00      0.00     0.00   0.00    0.00     0.00   52.00   18.37    2.25  94.00


2026년 06월 29일 19시 03분 37초
avg-cpu:  %user   %nice %system %iowait  %steal   %idle
           4.45    0.00    2.67   14.89    0.00   77.99

Device            r/s     rkB/s   rrqm/s  %rrqm r_await rareq-sz     w/s     wkB/s   wrqm/s  %wrqm w_await wareq-sz     d/s     dkB/s   drqm/s  %drqm d_await dareq-sz     f/s f_await  aqu-sz  %util
sda              0.00      0.00     0.00   0.00    0.00     0.00   94.00   1184.00    87.00  48.07   13.38    12.60    0.00      0.00     0.00   0.00    0.00     0.00   46.00   21.17    2.23 101.60


2026년 06월 29일 19시 03분 38초
avg-cpu:  %user   %nice %system %iowait  %steal   %idle
           4.46    0.00    2.55   16.84    0.00   76.15

Device            r/s     rkB/s   rrqm/s  %rrqm r_await rareq-sz     w/s     wkB/s   wrqm/s  %wrqm w_await wareq-sz     d/s     dkB/s   drqm/s  %drqm d_await dareq-sz     f/s f_await  aqu-sz  %util
sda              0.00      0.00     0.00   0.00    0.00     0.00   88.00   1148.00    79.00  47.31   17.20    13.05    0.00      0.00     0.00   0.00    0.00     0.00   40.00   24.25    2.48 102.40


2026년 06월 29일 19시 03분 39초
avg-cpu:  %user   %nice %system %iowait  %steal   %idle
           4.48    0.00    3.07   13.83    0.00   78.62

Device            r/s     rkB/s   rrqm/s  %rrqm r_await rareq-sz     w/s     wkB/s   wrqm/s  %wrqm w_await wareq-sz     d/s     dkB/s   drqm/s  %drqm d_await dareq-sz     f/s f_await  aqu-sz  %util
sda              0.00      0.00     0.00   0.00    0.00     0.00  100.00   1168.00    84.00  45.65   12.43    11.68    0.00      0.00     0.00   0.00    0.00     0.00   47.00   20.28    2.20  97.60


2026년 06월 29일 19시 03분 40초
avg-cpu:  %user   %nice %system %iowait  %steal   %idle
           3.74    0.00    2.32   16.52    0.00   77.42

Device            r/s     rkB/s   rrqm/s  %rrqm r_await rareq-sz     w/s     wkB/s   wrqm/s  %wrqm w_await wareq-sz     d/s     dkB/s   drqm/s  %drqm d_await dareq-sz     f/s f_await  aqu-sz  %util
sda              2.00     24.00     4.00  66.67   30.00    12.00   94.00   1164.00    91.00  49.19   14.22    12.38    0.00      0.00     0.00   0.00    0.00     0.00   43.00   22.67    2.37  94.40


2026년 06월 29일 19시 03분 41초
avg-cpu:  %user   %nice %system %iowait  %steal   %idle
           5.10    0.00    3.06   15.94    0.00   75.89

Device            r/s     rkB/s   rrqm/s  %rrqm r_await rareq-sz     w/s     wkB/s   wrqm/s  %wrqm w_await wareq-sz     d/s     dkB/s   drqm/s  %drqm d_await dareq-sz     f/s f_await  aqu-sz  %util
sda              0.00      0.00     0.00   0.00    0.00     0.00   87.00   1136.00    86.00  49.71   16.78    13.06    0.00      0.00     0.00   0.00    0.00     0.00   41.00   23.12    2.41  95.60


2026년 06월 29일 19시 03분 42초
avg-cpu:  %user   %nice %system %iowait  %steal   %idle
           5.44    0.00    3.92   18.46    0.00   72.19

Device            r/s     rkB/s   rrqm/s  %rrqm r_await rareq-sz     w/s     wkB/s   wrqm/s  %wrqm w_await wareq-sz     d/s     dkB/s   drqm/s  %drqm d_await dareq-sz     f/s f_await  aqu-sz  %util
sda              0.00      0.00     0.00   0.00    0.00     0.00   87.00   1396.00    83.00  48.82   18.70    16.05    0.00      0.00     0.00   0.00    0.00     0.00   39.00   25.08    2.60  99.60


2026년 06월 29일 19시 03분 43초
avg-cpu:  %user   %nice %system %iowait  %steal   %idle
           3.95    0.00    1.91   16.45    0.00   77.68

Device            r/s     rkB/s   rrqm/s  %rrqm r_await rareq-sz     w/s     wkB/s   wrqm/s  %wrqm w_await wareq-sz     d/s     dkB/s   drqm/s  %drqm d_await dareq-sz     f/s f_await  aqu-sz  %util
sda              0.00      0.00     0.00   0.00    0.00     0.00   82.00   1300.00    71.00  46.41   15.29    15.85    0.00      0.00     0.00   0.00    0.00     0.00   34.00   26.85    2.17  90.00


2026년 06월 29일 19시 03분 44초
avg-cpu:  %user   %nice %system %iowait  %steal   %idle
           5.09    0.00    3.69   17.81    0.00   73.41

Device            r/s     rkB/s   rrqm/s  %rrqm r_await rareq-sz     w/s     wkB/s   wrqm/s  %wrqm w_await wareq-sz     d/s     dkB/s   drqm/s  %drqm d_await dareq-sz     f/s f_await  aqu-sz  %util
sda              0.00      0.00     0.00   0.00    0.00     0.00  101.00   1444.00    90.00  47.12   16.83    14.30    0.00      0.00     0.00   0.00    0.00     0.00   45.00   22.84    2.73 104.80


2026년 06월 29일 19시 03분 45초
avg-cpu:  %user   %nice %system %iowait  %steal   %idle
           4.10    0.00    2.30   15.49    0.00   78.10

Device            r/s     rkB/s   rrqm/s  %rrqm r_await rareq-sz     w/s     wkB/s   wrqm/s  %wrqm w_await wareq-sz     d/s     dkB/s   drqm/s  %drqm d_await dareq-sz     f/s f_await  aqu-sz  %util
sda              0.00      0.00     0.00   0.00    0.00     0.00   89.00   1308.00    71.00  44.38   16.96    14.70    0.00      0.00     0.00   0.00    0.00     0.00   39.00   25.15    2.49  95.60


2026년 06월 29일 19시 03분 46초
avg-cpu:  %user   %nice %system %iowait  %steal   %idle
           4.62    0.00    2.44   15.79    0.00   77.15

Device            r/s     rkB/s   rrqm/s  %rrqm r_await rareq-sz     w/s     wkB/s   wrqm/s  %wrqm w_await wareq-sz     d/s     dkB/s   drqm/s  %drqm d_await dareq-sz     f/s f_await  aqu-sz  %util
sda              0.00      0.00     0.00   0.00    0.00     0.00  105.00   1436.00    87.00  45.31   13.70    13.68    0.00      0.00     0.00   0.00    0.00     0.00   45.00   21.02    2.38  97.60


2026년 06월 29일 19시 03분 47초
avg-cpu:  %user   %nice %system %iowait  %steal   %idle
           2.69    0.00    2.43   16.62    0.00   78.26

Device            r/s     rkB/s   rrqm/s  %rrqm r_await rareq-sz     w/s     wkB/s   wrqm/s  %wrqm w_await wareq-sz     d/s     dkB/s   drqm/s  %drqm d_await dareq-sz     f/s f_await  aqu-sz  %util
sda              1.00      4.00     0.00   0.00   26.00     4.00   83.00   1328.00    79.00  48.77   16.95    16.00    0.00      0.00     0.00   0.00    0.00     0.00   34.00   28.21    2.39  98.00


2026년 06월 29일 19시 03분 48초
avg-cpu:  %user   %nice %system %iowait  %steal   %idle
           4.20    0.00    2.93   16.56    0.00   76.31

Device            r/s     rkB/s   rrqm/s  %rrqm r_await rareq-sz     w/s     wkB/s   wrqm/s  %wrqm w_await wareq-sz     d/s     dkB/s   drqm/s  %drqm d_await dareq-sz     f/s f_await  aqu-sz  %util
sda              0.00      0.00     0.00   0.00    0.00     0.00   99.00   1348.00    68.00  40.72   15.13    13.62    0.00      0.00     0.00   0.00    0.00     0.00   45.00   21.93    2.48  94.40


2026년 06월 29일 19시 03분 49초
avg-cpu:  %user   %nice %system %iowait  %steal   %idle
           3.82    0.00    2.93   20.74    0.00   72.52

Device            r/s     rkB/s   rrqm/s  %rrqm r_await rareq-sz     w/s     wkB/s   wrqm/s  %wrqm w_await wareq-sz     d/s     dkB/s   drqm/s  %drqm d_await dareq-sz     f/s f_await  aqu-sz  %util
sda              0.00      0.00     0.00   0.00    0.00     0.00   89.00   1296.00    74.00  45.40   20.22    14.56    0.00      0.00     0.00   0.00    0.00     0.00   37.00   25.68    2.75 100.40


2026년 06월 29일 19시 03분 50초
avg-cpu:  %user   %nice %system %iowait  %steal   %idle
           4.33    0.00    2.93   21.27    0.00   71.46

Device            r/s     rkB/s   rrqm/s  %rrqm r_await rareq-sz     w/s     wkB/s   wrqm/s  %wrqm w_await wareq-sz     d/s     dkB/s   drqm/s  %drqm d_await dareq-sz     f/s f_await  aqu-sz  %util
sda              0.00      0.00     0.00   0.00    0.00     0.00   98.00   1336.00    63.00  39.13   20.11    13.63    0.00      0.00     0.00   0.00    0.00     0.00   37.00   26.65    2.96  94.80


2026년 06월 29일 19시 03분 51초
avg-cpu:  %user   %nice %system %iowait  %steal   %idle
           4.99    0.00    2.69   22.12    0.00   70.20

Device            r/s     rkB/s   rrqm/s  %rrqm r_await rareq-sz     w/s     wkB/s   wrqm/s  %wrqm w_await wareq-sz     d/s     dkB/s   drqm/s  %drqm d_await dareq-sz     f/s f_await  aqu-sz  %util
sda              0.00      0.00     0.00   0.00    0.00     0.00   73.00   1196.00    68.00  48.23   24.30    16.38    0.00      0.00     0.00   0.00    0.00     0.00   32.00   30.69    2.76  92.00


2026년 06월 29일 19시 03분 52초
avg-cpu:  %user   %nice %system %iowait  %steal   %idle
           5.84    0.00    3.43   20.69    0.00   70.05

Device            r/s     rkB/s   rrqm/s  %rrqm r_await rareq-sz     w/s     wkB/s   wrqm/s  %wrqm w_await wareq-sz     d/s     dkB/s   drqm/s  %drqm d_await dareq-sz     f/s f_await  aqu-sz  %util
sda              0.00      0.00     0.00   0.00    0.00     0.00   97.00   1504.00    90.00  48.13   18.94    15.51    0.00      0.00     0.00   0.00    0.00     0.00   37.00   26.46    2.82 104.40


2026년 06월 29일 19시 03분 53초
avg-cpu:  %user   %nice %system %iowait  %steal   %idle
           3.08    0.00    2.44   18.10    0.00   76.38

Device            r/s     rkB/s   rrqm/s  %rrqm r_await rareq-sz     w/s     wkB/s   wrqm/s  %wrqm w_await wareq-sz     d/s     dkB/s   drqm/s  %drqm d_await dareq-sz     f/s f_await  aqu-sz  %util
sda              0.00      0.00     0.00   0.00    0.00     0.00  103.00   1404.00    81.00  44.02   13.54    13.63    0.00      0.00     0.00   0.00    0.00     0.00   45.00   21.18    2.35  95.20


2026년 06월 29일 19시 03분 54초
avg-cpu:  %user   %nice %system %iowait  %steal   %idle
           5.23    0.00    4.21   16.84    0.00   73.72

Device            r/s     rkB/s   rrqm/s  %rrqm r_await rareq-sz     w/s     wkB/s   wrqm/s  %wrqm w_await wareq-sz     d/s     dkB/s   drqm/s  %drqm d_await dareq-sz     f/s f_await  aqu-sz  %util
sda              0.00      0.00     0.00   0.00    0.00     0.00   91.00   1524.00   113.00  55.39   15.59    16.75    0.00      0.00     0.00   0.00    0.00     0.00   44.00   22.18    2.39 100.40


2026년 06월 29일 19시 03분 55초
avg-cpu:  %user   %nice %system %iowait  %steal   %idle
           3.85    0.00    3.33   15.90    0.00   76.92

Device            r/s     rkB/s   rrqm/s  %rrqm r_await rareq-sz     w/s     wkB/s   wrqm/s  %wrqm w_await wareq-sz     d/s     dkB/s   drqm/s  %drqm d_await dareq-sz     f/s f_await  aqu-sz  %util
sda              0.00      0.00     0.00   0.00    0.00     0.00  100.00   1372.00    80.00  44.44   12.90    13.72    0.00      0.00     0.00   0.00    0.00     0.00   51.00   18.84    2.25  94.40


2026년 06월 29일 19시 03분 56초
avg-cpu:  %user   %nice %system %iowait  %steal   %idle
           3.56    0.00    2.54   16.77    0.00   77.13

Device            r/s     rkB/s   rrqm/s  %rrqm r_await rareq-sz     w/s     wkB/s   wrqm/s  %wrqm w_await wareq-sz     d/s     dkB/s   drqm/s  %drqm d_await dareq-sz     f/s f_await  aqu-sz  %util
sda              0.00      0.00     0.00   0.00    0.00     0.00   91.00   1348.00    74.00  44.85   14.35    14.81    0.00      0.00     0.00   0.00    0.00     0.00   42.00   22.40    2.25  98.00


2026년 06월 29일 19시 03분 57초
avg-cpu:  %user   %nice %system %iowait  %steal   %idle
           4.56    0.00    3.42   19.11    0.00   72.91

Device            r/s     rkB/s   rrqm/s  %rrqm r_await rareq-sz     w/s     wkB/s   wrqm/s  %wrqm w_await wareq-sz     d/s     dkB/s   drqm/s  %drqm d_await dareq-sz     f/s f_await  aqu-sz  %util
sda              1.00     12.00     2.00  66.67   70.00    12.00   87.00   1304.00    61.00  41.22   16.97    14.99    0.00      0.00     0.00   0.00    0.00     0.00   37.00   25.92    2.50  95.20


2026년 06월 29일 19시 03분 58초
avg-cpu:  %user   %nice %system %iowait  %steal   %idle
           3.99    0.00    2.19   17.40    0.00   76.42

Device            r/s     rkB/s   rrqm/s  %rrqm r_await rareq-sz     w/s     wkB/s   wrqm/s  %wrqm w_await wareq-sz     d/s     dkB/s   drqm/s  %drqm d_await dareq-sz     f/s f_await  aqu-sz  %util
sda              0.00      0.00     0.00   0.00    0.00     0.00  105.00   1108.00    74.00  41.34   15.59    10.55    0.00      0.00     0.00   0.00    0.00     0.00   50.00   20.16    2.64 103.60


2026년 06월 29일 19시 03분 59초
avg-cpu:  %user   %nice %system %iowait  %steal   %idle
           4.18    0.00    2.79   14.32    0.00   78.71

Device            r/s     rkB/s   rrqm/s  %rrqm r_await rareq-sz     w/s     wkB/s   wrqm/s  %wrqm w_await wareq-sz     d/s     dkB/s   drqm/s  %drqm d_await dareq-sz     f/s f_await  aqu-sz  %util
sda              0.00      0.00     0.00   0.00    0.00     0.00   94.00   1056.00    77.00  45.03   20.85    11.23    0.00      0.00     0.00   0.00    0.00     0.00   33.00   29.09    2.92  95.20


2026년 06월 29일 19시 04분 00초
avg-cpu:  %user   %nice %system %iowait  %steal   %idle
           3.58    0.00    1.92   17.88    0.00   76.63

Device            r/s     rkB/s   rrqm/s  %rrqm r_await rareq-sz     w/s     wkB/s   wrqm/s  %wrqm w_await wareq-sz     d/s     dkB/s   drqm/s  %drqm d_await dareq-sz     f/s f_await  aqu-sz  %util
sda              2.00     12.00     1.00  33.33   53.00     6.00   94.00   1144.00    58.00  38.16   16.16    12.17    0.00      0.00     0.00   0.00    0.00     0.00   37.00   26.19    2.60 102.00


2026년 06월 29일 19시 04분 01초
avg-cpu:  %user   %nice %system %iowait  %steal   %idle
           6.52    0.00    3.20   17.39    0.00   72.89

Device            r/s     rkB/s   rrqm/s  %rrqm r_await rareq-sz     w/s     wkB/s   wrqm/s  %wrqm w_await wareq-sz     d/s     dkB/s   drqm/s  %drqm d_await dareq-sz     f/s f_await  aqu-sz  %util
sda              1.00     16.00     3.00  75.00   98.00    16.00   92.00   1200.00    99.00  51.83   14.02    13.04    0.00      0.00     0.00   0.00    0.00     0.00   46.00   20.67    2.34  95.20


2026년 06월 29일 19시 04분 02초
avg-cpu:  %user   %nice %system %iowait  %steal   %idle
           4.89    0.00    2.57   15.83    0.00   76.71

Device            r/s     rkB/s   rrqm/s  %rrqm r_await rareq-sz     w/s     wkB/s   wrqm/s  %wrqm w_await wareq-sz     d/s     dkB/s   drqm/s  %drqm d_await dareq-sz     f/s f_await  aqu-sz  %util
sda              0.00      0.00     0.00   0.00    0.00     0.00   90.00   1200.00    93.00  50.82   14.79    13.33    0.00      0.00     0.00   0.00    0.00     0.00   42.00   22.98    2.30  98.40


2026년 06월 29일 19시 04분 03초
avg-cpu:  %user   %nice %system %iowait  %steal   %idle
           4.20    0.00    3.18   17.18    0.00   75.45

Device            r/s     rkB/s   rrqm/s  %rrqm r_await rareq-sz     w/s     wkB/s   wrqm/s  %wrqm w_await wareq-sz     d/s     dkB/s   drqm/s  %drqm d_await dareq-sz     f/s f_await  aqu-sz  %util
sda              2.00      8.00     0.00   0.00   42.00     4.00   96.00   1164.00    82.00  46.07   13.33    12.12    0.00      0.00     0.00   0.00    0.00     0.00   49.00   19.67    2.33 100.00


2026년 06월 29일 19시 04분 04초
avg-cpu:  %user   %nice %system %iowait  %steal   %idle
           4.58    0.00    3.05   17.05    0.00   75.32

Device            r/s     rkB/s   rrqm/s  %rrqm r_await rareq-sz     w/s     wkB/s   wrqm/s  %wrqm w_await wareq-sz     d/s     dkB/s   drqm/s  %drqm d_await dareq-sz     f/s f_await  aqu-sz  %util
sda              0.00      0.00     0.00   0.00    0.00     0.00   97.00   1188.00    93.00  48.95   15.61    12.25    0.00      0.00     0.00   0.00    0.00     0.00   46.00   21.15    2.49  96.80


2026년 06월 29일 19시 04분 05초
avg-cpu:  %user   %nice %system %iowait  %steal   %idle
           2.18    0.00    2.18   15.13    0.00   80.51

Device            r/s     rkB/s   rrqm/s  %rrqm r_await rareq-sz     w/s     wkB/s   wrqm/s  %wrqm w_await wareq-sz     d/s     dkB/s   drqm/s  %drqm d_await dareq-sz     f/s f_await  aqu-sz  %util
sda              0.00      0.00     0.00   0.00    0.00     0.00   74.00   1132.00    70.00  48.61   17.08    15.30    0.00      0.00     0.00   0.00    0.00     0.00   31.00   30.55    2.21  96.80


2026년 06월 29일 19시 04분 06초
avg-cpu:  %user   %nice %system %iowait  %steal   %idle
           5.73    0.00    3.18   19.85    0.00   71.25

Device            r/s     rkB/s   rrqm/s  %rrqm r_await rareq-sz     w/s     wkB/s   wrqm/s  %wrqm w_await wareq-sz     d/s     dkB/s   drqm/s  %drqm d_await dareq-sz     f/s f_await  aqu-sz  %util
sda              0.00      0.00     0.00   0.00    0.00     0.00  103.00   1568.00    81.00  44.02   17.00    15.22    0.00      0.00     0.00   0.00    0.00     0.00   42.00   23.00    2.72  98.80


2026년 06월 29일 19시 04분 07초
avg-cpu:  %user   %nice %system %iowait  %steal   %idle
           2.57    0.00    1.42   17.50    0.00   78.51

Device            r/s     rkB/s   rrqm/s  %rrqm r_await rareq-sz     w/s     wkB/s   wrqm/s  %wrqm w_await wareq-sz     d/s     dkB/s   drqm/s  %drqm d_await dareq-sz     f/s f_await  aqu-sz  %util
sda              0.00      0.00     0.00   0.00    0.00     0.00   90.00   1336.00    71.00  44.10   15.24    14.84    0.00      0.00     0.00   0.00    0.00     0.00   40.00   23.40    2.31  93.60


2026년 06월 29일 19시 04분 08초
avg-cpu:  %user   %nice %system %iowait  %steal   %idle
           4.88    0.00    2.83   17.61    0.00   74.68

Device            r/s     rkB/s   rrqm/s  %rrqm r_await rareq-sz     w/s     wkB/s   wrqm/s  %wrqm w_await wareq-sz     d/s     dkB/s   drqm/s  %drqm d_await dareq-sz     f/s f_await  aqu-sz  %util
sda              0.00      0.00     0.00   0.00    0.00     0.00  100.00   1396.00    82.00  45.05   14.65    13.96    0.00      0.00     0.00   0.00    0.00     0.00   49.00   19.80    2.44 100.40


2026년 06월 29일 19시 04분 09초
avg-cpu:  %user   %nice %system %iowait  %steal   %idle
           5.44    0.00    3.29   13.92    0.00   77.34

Device            r/s     rkB/s   rrqm/s  %rrqm r_await rareq-sz     w/s     wkB/s   wrqm/s  %wrqm w_await wareq-sz     d/s     dkB/s   drqm/s  %drqm d_await dareq-sz     f/s f_await  aqu-sz  %util
sda              0.00      0.00     0.00   0.00    0.00     0.00  100.00   1216.00    97.00  49.24   13.94    12.16    0.00      0.00     0.00   0.00    0.00     0.00   53.00   19.23    2.41 103.60


2026년 06월 29일 19시 04분 10초
avg-cpu:  %user   %nice %system %iowait  %steal   %idle
           3.79    0.00    2.27   17.93    0.00   76.01

Device            r/s     rkB/s   rrqm/s  %rrqm r_await rareq-sz     w/s     wkB/s   wrqm/s  %wrqm w_await wareq-sz     d/s     dkB/s   drqm/s  %drqm d_await dareq-sz     f/s f_await  aqu-sz  %util
sda              0.00      0.00     0.00   0.00    0.00     0.00   70.00    992.00    61.00  46.56   20.34    14.17    0.00      0.00     0.00   0.00    0.00     0.00   31.00   30.87    2.38  98.80


2026년 06월 29일 19시 04분 11초
avg-cpu:  %user   %nice %system %iowait  %steal   %idle
           6.42    0.00    4.03   18.62    0.00   70.94

Device            r/s     rkB/s   rrqm/s  %rrqm r_await rareq-sz     w/s     wkB/s   wrqm/s  %wrqm w_await wareq-sz     d/s     dkB/s   drqm/s  %drqm d_await dareq-sz     f/s f_await  aqu-sz  %util
sda              1.00      4.00     0.00   0.00   43.00     4.00   96.00   1256.00   102.00  51.52   15.38    13.08    0.00      0.00     0.00   0.00    0.00     0.00   45.00   21.47    2.48  96.80


2026년 06월 29일 19시 04분 12초
avg-cpu:  %user   %nice %system %iowait  %steal   %idle
           5.60    0.00    2.54   16.79    0.00   75.06

Device            r/s     rkB/s   rrqm/s  %rrqm r_await rareq-sz     w/s     wkB/s   wrqm/s  %wrqm w_await wareq-sz     d/s     dkB/s   drqm/s  %drqm d_await dareq-sz     f/s f_await  aqu-sz  %util
sda              0.00      0.00     0.00   0.00    0.00     0.00   84.00   1124.00    88.00  51.16   16.90    13.38    0.00      0.00     0.00   0.00    0.00     0.00   40.00   24.45    2.40 100.00


2026년 06월 29일 19시 04분 13초
avg-cpu:  %user   %nice %system %iowait  %steal   %idle
           5.09    0.00    2.93   14.63    0.00   77.35

Device            r/s     rkB/s   rrqm/s  %rrqm r_await rareq-sz     w/s     wkB/s   wrqm/s  %wrqm w_await wareq-sz     d/s     dkB/s   drqm/s  %drqm d_await dareq-sz     f/s f_await  aqu-sz  %util
sda              0.00      0.00     0.00   0.00    0.00     0.00   93.00   1136.00    89.00  48.90   13.27    12.22    0.00      0.00     0.00   0.00    0.00     0.00   42.00   22.38    2.17  94.00


2026년 06월 29일 19시 04분 14초
avg-cpu:  %user   %nice %system %iowait  %steal   %idle
           5.35    0.00    2.55   17.83    0.00   74.27

Device            r/s     rkB/s   rrqm/s  %rrqm r_await rareq-sz     w/s     wkB/s   wrqm/s  %wrqm w_await wareq-sz     d/s     dkB/s   drqm/s  %drqm d_await dareq-sz     f/s f_await  aqu-sz  %util
sda              0.00      0.00     0.00   0.00    0.00     0.00   88.00   1196.00    84.00  48.84   16.65    13.59    0.00      0.00     0.00   0.00    0.00     0.00   39.00   25.64    2.46 102.40


2026년 06월 29일 19시 04분 15초
avg-cpu:  %user   %nice %system %iowait  %steal   %idle
           5.22    0.00    3.31   13.87    0.00   77.61

Device            r/s     rkB/s   rrqm/s  %rrqm r_await rareq-sz     w/s     wkB/s   wrqm/s  %wrqm w_await wareq-sz     d/s     dkB/s   drqm/s  %drqm d_await dareq-sz     f/s f_await  aqu-sz  %util
sda              0.00      0.00     0.00   0.00    0.00     0.00   94.00   1128.00    75.00  44.38   13.24    12.00    0.00      0.00     0.00   0.00    0.00     0.00   44.00   21.86    2.21  94.00


2026년 06월 29일 19시 04분 16초
avg-cpu:  %user   %nice %system %iowait  %steal   %idle
           5.73    0.00    3.56   18.58    0.00   72.14

Device            r/s     rkB/s   rrqm/s  %rrqm r_await rareq-sz     w/s     wkB/s   wrqm/s  %wrqm w_await wareq-sz     d/s     dkB/s   drqm/s  %drqm d_await dareq-sz     f/s f_await  aqu-sz  %util
sda              0.00      0.00     0.00   0.00    0.00     0.00   96.00   1188.00    88.00  47.83   15.68    12.38    0.00      0.00     0.00   0.00    0.00     0.00   43.00   21.93    2.45  98.80


2026년 06월 29일 19시 04분 17초
avg-cpu:  %user   %nice %system %iowait  %steal   %idle
           4.81    0.00    3.67   12.78    0.00   78.73

Device            r/s     rkB/s   rrqm/s  %rrqm r_await rareq-sz     w/s     wkB/s   wrqm/s  %wrqm w_await wareq-sz     d/s     dkB/s   drqm/s  %drqm d_await dareq-sz     f/s f_await  aqu-sz  %util
sda              0.00      0.00     0.00   0.00    0.00     0.00   91.00   1164.00    88.00  49.16   13.69    12.79    0.00      0.00     0.00   0.00    0.00     0.00   44.00   22.20    2.22  98.40


2026년 06월 29일 19시 04분 18초
avg-cpu:  %user   %nice %system %iowait  %steal   %idle
           4.86    0.00    2.69   13.68    0.00   78.77

Device            r/s     rkB/s   rrqm/s  %rrqm r_await rareq-sz     w/s     wkB/s   wrqm/s  %wrqm w_await wareq-sz     d/s     dkB/s   drqm/s  %drqm d_await dareq-sz     f/s f_await  aqu-sz  %util
sda              0.00      0.00     0.00   0.00    0.00     0.00   90.00   1208.00    83.00  47.98   12.99    13.42    0.00      0.00     0.00   0.00    0.00     0.00   40.00   24.35    2.14  92.40


2026년 06월 29일 19시 04분 19초
avg-cpu:  %user   %nice %system %iowait  %steal   %idle
           6.09    0.00    3.17   15.86    0.00   74.87

Device            r/s     rkB/s   rrqm/s  %rrqm r_await rareq-sz     w/s     wkB/s   wrqm/s  %wrqm w_await wareq-sz     d/s     dkB/s   drqm/s  %drqm d_await dareq-sz     f/s f_await  aqu-sz  %util
sda              0.00      0.00     0.00   0.00    0.00     0.00   98.00   1220.00    95.00  49.22   14.79    12.45    0.00      0.00     0.00   0.00    0.00     0.00   46.00   20.78    2.40 103.20


2026년 06월 29일 19시 04분 20초
avg-cpu:  %user   %nice %system %iowait  %steal   %idle
           5.56    0.00    3.54   15.93    0.00   74.97

Device            r/s     rkB/s   rrqm/s  %rrqm r_await rareq-sz     w/s     wkB/s   wrqm/s  %wrqm w_await wareq-sz     d/s     dkB/s   drqm/s  %drqm d_await dareq-sz     f/s f_await  aqu-sz  %util
sda              0.00      0.00     0.00   0.00    0.00     0.00   86.00   1172.00    91.00  51.41   16.06    13.63    0.00      0.00     0.00   0.00    0.00     0.00   42.00   22.88    2.34  98.40


2026년 06월 29일 19시 04분 21초
avg-cpu:  %user   %nice %system %iowait  %steal   %idle
           5.83    0.00    2.66   17.36    0.00   74.14

Device            r/s     rkB/s   rrqm/s  %rrqm r_await rareq-sz     w/s     wkB/s   wrqm/s  %wrqm w_await wareq-sz     d/s     dkB/s   drqm/s  %drqm d_await dareq-sz     f/s f_await  aqu-sz  %util
sda              0.00      0.00     0.00   0.00    0.00     0.00   94.00   1152.00    81.00  46.29   16.20    12.26    0.00      0.00     0.00   0.00    0.00     0.00   46.00   20.87    2.48  98.80


2026년 06월 29일 19시 04분 22초
avg-cpu:  %user   %nice %system %iowait  %steal   %idle
           7.96    0.00    3.41   13.53    0.00   75.09

Device            r/s     rkB/s   rrqm/s  %rrqm r_await rareq-sz     w/s     wkB/s   wrqm/s  %wrqm w_await wareq-sz     d/s     dkB/s   drqm/s  %drqm d_await dareq-sz     f/s f_await  aqu-sz  %util
sda              0.00      0.00     0.00   0.00    0.00     0.00   87.00   1264.00   101.00  53.72   14.60    14.53    0.00      0.00     0.00   0.00    0.00     0.00   39.00   25.18    2.25 101.20


2026년 06월 29일 19시 04분 23초
avg-cpu:  %user   %nice %system %iowait  %steal   %idle
           4.05    0.00    3.41   15.68    0.00   76.86

Device            r/s     rkB/s   rrqm/s  %rrqm r_await rareq-sz     w/s     wkB/s   wrqm/s  %wrqm w_await wareq-sz     d/s     dkB/s   drqm/s  %drqm d_await dareq-sz     f/s f_await  aqu-sz  %util
sda              0.00      0.00     0.00   0.00    0.00     0.00   83.00   1116.00    76.00  47.80   16.02    13.45    0.00      0.00     0.00   0.00    0.00     0.00   40.00   23.77    2.28  94.80


2026년 06월 29일 19시 04분 24초
avg-cpu:  %user   %nice %system %iowait  %steal   %idle
           6.52    0.00    4.22   14.58    0.00   74.68

Device            r/s     rkB/s   rrqm/s  %rrqm r_await rareq-sz     w/s     wkB/s   wrqm/s  %wrqm w_await wareq-sz     d/s     dkB/s   drqm/s  %drqm d_await dareq-sz     f/s f_await  aqu-sz  %util
sda              0.00      0.00     0.00   0.00    0.00     0.00   92.00   1292.00   116.00  55.77   14.65    14.04    0.00      0.00     0.00   0.00    0.00     0.00   43.00   22.74    2.33  97.60


2026년 06월 29일 19시 04분 25초
avg-cpu:  %user   %nice %system %iowait  %steal   %idle
           6.06    0.00    1.93   14.30    0.00   77.71

Device            r/s     rkB/s   rrqm/s  %rrqm r_await rareq-sz     w/s     wkB/s   wrqm/s  %wrqm w_await wareq-sz     d/s     dkB/s   drqm/s  %drqm d_await dareq-sz     f/s f_await  aqu-sz  %util
sda              0.00      0.00     0.00   0.00    0.00     0.00   86.00   1144.00    92.00  51.69   15.24    13.30    0.00      0.00     0.00   0.00    0.00     0.00   38.00   25.34    2.27  94.80


2026년 06월 29일 19시 04분 26초
avg-cpu:  %user   %nice %system %iowait  %steal   %idle
           3.43    0.00    2.54   15.36    0.00   78.68

Device            r/s     rkB/s   rrqm/s  %rrqm r_await rareq-sz     w/s     wkB/s   wrqm/s  %wrqm w_await wareq-sz     d/s     dkB/s   drqm/s  %drqm d_await dareq-sz     f/s f_await  aqu-sz  %util
sda              0.00      0.00     0.00   0.00    0.00     0.00   85.00   1076.00    75.00  46.88   15.21    12.66    0.00      0.00     0.00   0.00    0.00     0.00   40.00   24.43    2.27 100.80


2026년 06월 29일 19시 04분 27초
avg-cpu:  %user   %nice %system %iowait  %steal   %idle
           6.00    0.00    3.70   17.24    0.00   73.05

Device            r/s     rkB/s   rrqm/s  %rrqm r_await rareq-sz     w/s     wkB/s   wrqm/s  %wrqm w_await wareq-sz     d/s     dkB/s   drqm/s  %drqm d_await dareq-sz     f/s f_await  aqu-sz  %util
sda              0.00      0.00     0.00   0.00    0.00     0.00  100.00   1256.00   101.00  50.25   14.06    12.56    0.00      0.00     0.00   0.00    0.00     0.00   47.00   20.40    2.37  98.00


2026년 06월 29일 19시 04분 28초
avg-cpu:  %user   %nice %system %iowait  %steal   %idle
           5.69    0.00    3.03   14.54    0.00   76.74

Device            r/s     rkB/s   rrqm/s  %rrqm r_await rareq-sz     w/s     wkB/s   wrqm/s  %wrqm w_await wareq-sz     d/s     dkB/s   drqm/s  %drqm d_await dareq-sz     f/s f_await  aqu-sz  %util
sda              0.00      0.00     0.00   0.00    0.00     0.00   84.00   1124.00    81.00  49.09   15.29    13.38    0.00      0.00     0.00   0.00    0.00     0.00   37.00   26.30    2.26  99.60


2026년 06월 29일 19시 04분 29초
avg-cpu:  %user   %nice %system %iowait  %steal   %idle
           5.12    0.00    3.32   16.11    0.00   75.45

Device            r/s     rkB/s   rrqm/s  %rrqm r_await rareq-sz     w/s     wkB/s   wrqm/s  %wrqm w_await wareq-sz     d/s     dkB/s   drqm/s  %drqm d_await dareq-sz     f/s f_await  aqu-sz  %util
sda              0.00      0.00     0.00   0.00    0.00     0.00  103.00   1284.00   107.00  50.95   14.70    12.47    0.00      0.00     0.00   0.00    0.00     0.00   49.00   19.67    2.48  95.60


2026년 06월 29일 19시 04분 30초
avg-cpu:  %user   %nice %system %iowait  %steal   %idle
           3.68    0.00    1.77   15.21    0.00   79.34

Device            r/s     rkB/s   rrqm/s  %rrqm r_await rareq-sz     w/s     wkB/s   wrqm/s  %wrqm w_await wareq-sz     d/s     dkB/s   drqm/s  %drqm d_await dareq-sz     f/s f_await  aqu-sz  %util
sda              0.00      0.00     0.00   0.00    0.00     0.00   86.00    776.00    53.00  38.13   19.84     9.02    0.00      0.00     0.00   0.00    0.00     0.00   30.00   32.00    2.67  97.60


2026년 06월 29일 19시 04분 31초
avg-cpu:  %user   %nice %system %iowait  %steal   %idle
           6.89    0.00    4.85   12.88    0.00   75.38

Device            r/s     rkB/s   rrqm/s  %rrqm r_await rareq-sz     w/s     wkB/s   wrqm/s  %wrqm w_await wareq-sz     d/s     dkB/s   drqm/s  %drqm d_await dareq-sz     f/s f_await  aqu-sz  %util
sda              0.00      0.00     0.00   0.00    0.00     0.00   95.00   1052.00    99.00  51.03   11.97    11.07    0.00      0.00     0.00   0.00    0.00     0.00   50.00   19.10    2.09  98.80


2026년 06월 29일 19시 04분 32초
avg-cpu:  %user   %nice %system %iowait  %steal   %idle
           6.86    0.00    4.07   14.61    0.00   74.46

Device            r/s     rkB/s   rrqm/s  %rrqm r_await rareq-sz     w/s     wkB/s   wrqm/s  %wrqm w_await wareq-sz     d/s     dkB/s   drqm/s  %drqm d_await dareq-sz     f/s f_await  aqu-sz  %util
sda              0.00      0.00     0.00   0.00    0.00     0.00   82.00    952.00    99.00  54.70   16.90    11.61    0.00      0.00     0.00   0.00    0.00     0.00   42.00   23.26    2.36  95.60


2026년 06월 29일 19시 04분 33초
avg-cpu:  %user   %nice %system %iowait  %steal   %idle
           4.68    0.00    2.78   14.79    0.00   77.75

Device            r/s     rkB/s   rrqm/s  %rrqm r_await rareq-sz     w/s     wkB/s   wrqm/s  %wrqm w_await wareq-sz     d/s     dkB/s   drqm/s  %drqm d_await dareq-sz     f/s f_await  aqu-sz  %util
sda              0.00      0.00     0.00   0.00    0.00     0.00   87.00    892.00    84.00  49.12   15.62    10.25    0.00      0.00     0.00   0.00    0.00     0.00   41.00   23.80    2.33  96.80


2026년 06월 29일 19시 04분 34초
avg-cpu:  %user   %nice %system %iowait  %steal   %idle
           6.73    0.00    3.94   13.47    0.00   75.86

Device            r/s     rkB/s   rrqm/s  %rrqm r_await rareq-sz     w/s     wkB/s   wrqm/s  %wrqm w_await wareq-sz     d/s     dkB/s   drqm/s  %drqm d_await dareq-sz     f/s f_await  aqu-sz  %util
sda              0.00      0.00     0.00   0.00    0.00     0.00   84.00    976.00   100.00  54.35   13.87    11.62    0.00      0.00     0.00   0.00    0.00     0.00   42.00   23.00    2.13  95.60


2026년 06월 29일 19시 04분 35초
avg-cpu:  %user   %nice %system %iowait  %steal   %idle
           4.73    0.00    3.32   14.30    0.00   77.65

Device            r/s     rkB/s   rrqm/s  %rrqm r_await rareq-sz     w/s     wkB/s   wrqm/s  %wrqm w_await wareq-sz     d/s     dkB/s   drqm/s  %drqm d_await dareq-sz     f/s f_await  aqu-sz  %util
sda              1.00     12.00     2.00  66.67   30.00    12.00   79.00    928.00    87.00  52.41   15.92    11.75    0.00      0.00     0.00   0.00    0.00     0.00   37.00   26.11    2.25  98.00


2026년 06월 29일 19시 04분 36초
avg-cpu:  %user   %nice %system %iowait  %steal   %idle
           5.08    0.00    3.81   13.47    0.00   77.64

Device            r/s     rkB/s   rrqm/s  %rrqm r_await rareq-sz     w/s     wkB/s   wrqm/s  %wrqm w_await wareq-sz     d/s     dkB/s   drqm/s  %drqm d_await dareq-sz     f/s f_await  aqu-sz  %util
sda              0.00      0.00     0.00   0.00    0.00     0.00   83.00    940.00    92.00  52.57   14.11    11.33    0.00      0.00     0.00   0.00    0.00     0.00   41.00   23.41    2.13  90.40


2026년 06월 29일 19시 04분 37초
avg-cpu:  %user   %nice %system %iowait  %steal   %idle
           4.46    0.00    3.32   13.90    0.00   78.32

Device            r/s     rkB/s   rrqm/s  %rrqm r_await rareq-sz     w/s     wkB/s   wrqm/s  %wrqm w_await wareq-sz     d/s     dkB/s   drqm/s  %drqm d_await dareq-sz     f/s f_await  aqu-sz  %util
sda              0.00      0.00     0.00   0.00    0.00     0.00   90.00    920.00    88.00  49.44   12.90    10.22    0.00      0.00     0.00   0.00    0.00     0.00   44.00   21.86    2.12  99.60


2026년 06월 29일 19시 04분 38초
avg-cpu:  %user   %nice %system %iowait  %steal   %idle
           6.08    0.00    2.79   14.45    0.00   76.68

Device            r/s     rkB/s   rrqm/s  %rrqm r_await rareq-sz     w/s     wkB/s   wrqm/s  %wrqm w_await wareq-sz     d/s     dkB/s   drqm/s  %drqm d_await dareq-sz     f/s f_await  aqu-sz  %util
sda              0.00      0.00     0.00   0.00    0.00     0.00   84.00    924.00    87.00  50.88   16.21    11.00    0.00      0.00     0.00   0.00    0.00     0.00   38.00   25.42    2.33 102.80


2026년 06월 29일 19시 04분 39초
avg-cpu:  %user   %nice %system %iowait  %steal   %idle
           5.09    0.00    3.56   14.89    0.00   76.46

Device            r/s     rkB/s   rrqm/s  %rrqm r_await rareq-sz     w/s     wkB/s   wrqm/s  %wrqm w_await wareq-sz     d/s     dkB/s   drqm/s  %drqm d_await dareq-sz     f/s f_await  aqu-sz  %util
sda              1.00     16.00     3.00  75.00   22.00    16.00   83.00    972.00    90.00  52.02   15.40    11.71    0.00      0.00     0.00   0.00    0.00     0.00   42.00   22.88    2.26  96.00


2026년 06월 29일 19시 04분 40초
avg-cpu:  %user   %nice %system %iowait  %steal   %idle
           5.38    0.00    2.56   16.79    0.00   75.26

Device            r/s     rkB/s   rrqm/s  %rrqm r_await rareq-sz     w/s     wkB/s   wrqm/s  %wrqm w_await wareq-sz     d/s     dkB/s   drqm/s  %drqm d_await dareq-sz     f/s f_await  aqu-sz  %util
sda              0.00      0.00     0.00   0.00    0.00     0.00   80.00    896.00    92.00  53.49   18.02    11.20    0.00      0.00     0.00   0.00    0.00     0.00   39.00   24.85    2.41 100.80


2026년 06월 29일 19시 04분 41초
avg-cpu:  %user   %nice %system %iowait  %steal   %idle
           7.31    0.00    3.78   15.13    0.00   73.77

Device            r/s     rkB/s   rrqm/s  %rrqm r_await rareq-sz     w/s     wkB/s   wrqm/s  %wrqm w_await wareq-sz     d/s     dkB/s   drqm/s  %drqm d_await dareq-sz     f/s f_await  aqu-sz  %util
sda              0.00      0.00     0.00   0.00    0.00     0.00   84.00    968.00    99.00  54.10   16.01    11.52    0.00      0.00     0.00   0.00    0.00     0.00   40.00   24.12    2.31 100.40


2026년 06월 29일 19시 04분 42초
avg-cpu:  %user   %nice %system %iowait  %steal   %idle
           6.79    0.00    2.82   14.87    0.00   75.51

Device            r/s     rkB/s   rrqm/s  %rrqm r_await rareq-sz     w/s     wkB/s   wrqm/s  %wrqm w_await wareq-sz     d/s     dkB/s   drqm/s  %drqm d_await dareq-sz     f/s f_await  aqu-sz  %util
sda              0.00      0.00     0.00   0.00    0.00     0.00   95.00   1068.00   113.00  54.33   13.74    11.24    0.00      0.00     0.00   0.00    0.00     0.00   47.00   20.55    2.27  98.80


2026년 06월 29일 19시 04분 43초
avg-cpu:  %user   %nice %system %iowait  %steal   %idle
           5.86    0.00    3.18   13.25    0.00   77.71

Device            r/s     rkB/s   rrqm/s  %rrqm r_await rareq-sz     w/s     wkB/s   wrqm/s  %wrqm w_await wareq-sz     d/s     dkB/s   drqm/s  %drqm d_await dareq-sz     f/s f_await  aqu-sz  %util
sda              0.00      0.00     0.00   0.00    0.00     0.00   88.00    968.00   101.00  53.44   12.93    11.00    0.00      0.00     0.00   0.00    0.00     0.00   48.00   19.90    2.09  98.40


2026년 06월 29일 19시 04분 44초
avg-cpu:  %user   %nice %system %iowait  %steal   %idle
           4.97    0.00    2.30   13.14    0.00   79.59

Device            r/s     rkB/s   rrqm/s  %rrqm r_await rareq-sz     w/s     wkB/s   wrqm/s  %wrqm w_await wareq-sz     d/s     dkB/s   drqm/s  %drqm d_await dareq-sz     f/s f_await  aqu-sz  %util
sda              0.00      0.00     0.00   0.00    0.00     0.00   83.00    912.00    86.00  50.89   15.81    10.99    0.00      0.00     0.00   0.00    0.00     0.00   40.00   23.62    2.26  94.80


2026년 06월 29일 19시 04분 45초
avg-cpu:  %user   %nice %system %iowait  %steal   %idle
           6.69    0.00    3.54   13.01    0.00   76.77

Device            r/s     rkB/s   rrqm/s  %rrqm r_await rareq-sz     w/s     wkB/s   wrqm/s  %wrqm w_await wareq-sz     d/s     dkB/s   drqm/s  %drqm d_await dareq-sz     f/s f_await  aqu-sz  %util
sda              0.00      0.00     0.00   0.00    0.00     0.00   87.00    924.00    84.00  49.12   13.59    10.62    0.00      0.00     0.00   0.00    0.00     0.00   42.00   23.21    2.16 100.80


2026년 06월 29일 19시 04분 46초
avg-cpu:  %user   %nice %system %iowait  %steal   %idle
           5.33    0.00    2.79   14.09    0.00   77.79

Device            r/s     rkB/s   rrqm/s  %rrqm r_await rareq-sz     w/s     wkB/s   wrqm/s  %wrqm w_await wareq-sz     d/s     dkB/s   drqm/s  %drqm d_await dareq-sz     f/s f_await  aqu-sz  %util
sda              0.00      0.00     0.00   0.00    0.00     0.00   85.00    924.00    83.00  49.40   13.96    10.87    0.00      0.00     0.00   0.00    0.00     0.00   43.00   22.40    2.15  94.40


2026년 06월 29일 19시 04분 47초
avg-cpu:  %user   %nice %system %iowait  %steal   %idle
           5.42    0.00    3.40   14.00    0.00   77.18

Device            r/s     rkB/s   rrqm/s  %rrqm r_await rareq-sz     w/s     wkB/s   wrqm/s  %wrqm w_await wareq-sz     d/s     dkB/s   drqm/s  %drqm d_await dareq-sz     f/s f_await  aqu-sz  %util
sda              0.00      0.00     0.00   0.00    0.00     0.00  103.00    932.00    71.00  40.80   26.07     9.05    0.00      0.00     0.00   0.00    0.00     0.00   38.00   25.61    3.66 101.60


2026년 06월 29일 19시 04분 48초
avg-cpu:  %user   %nice %system %iowait  %steal   %idle
           4.84    0.00    3.06   15.16    0.00   76.94

Device            r/s     rkB/s   rrqm/s  %rrqm r_await rareq-sz     w/s     wkB/s   wrqm/s  %wrqm w_await wareq-sz     d/s     dkB/s   drqm/s  %drqm d_await dareq-sz     f/s f_await  aqu-sz  %util
sda              0.00      0.00     0.00   0.00    0.00     0.00   82.00    832.00    69.00  45.70   15.85    10.15    0.00      0.00     0.00   0.00    0.00     0.00   42.00   22.86    2.26  96.40


2026년 06월 29일 19시 04분 49초
avg-cpu:  %user   %nice %system %iowait  %steal   %idle
           5.57    0.00    3.29   13.42    0.00   77.72

Device            r/s     rkB/s   rrqm/s  %rrqm r_await rareq-sz     w/s     wkB/s   wrqm/s  %wrqm w_await wareq-sz     d/s     dkB/s   drqm/s  %drqm d_await dareq-sz     f/s f_await  aqu-sz  %util
sda              0.00      0.00     0.00   0.00    0.00     0.00   92.00    980.00    95.00  50.80   13.00    10.65    0.00      0.00     0.00   0.00    0.00     0.00   43.00   22.16    2.15  99.60


2026년 06월 29일 19시 04분 50초
avg-cpu:  %user   %nice %system %iowait  %steal   %idle
           5.78    0.00    2.57   14.52    0.00   77.12

Device            r/s     rkB/s   rrqm/s  %rrqm r_await rareq-sz     w/s     wkB/s   wrqm/s  %wrqm w_await wareq-sz     d/s     dkB/s   drqm/s  %drqm d_await dareq-sz     f/s f_await  aqu-sz  %util
sda              0.00      0.00     0.00   0.00    0.00     0.00   91.00   1016.00   108.00  54.27   13.66    11.16    0.00      0.00     0.00   0.00    0.00     0.00   47.00   20.49    2.21 100.80


2026년 06월 29일 19시 04분 51초
avg-cpu:  %user   %nice %system %iowait  %steal   %idle
           5.57    0.00    2.15   15.06    0.00   77.22

Device            r/s     rkB/s   rrqm/s  %rrqm r_await rareq-sz     w/s     wkB/s   wrqm/s  %wrqm w_await wareq-sz     d/s     dkB/s   drqm/s  %drqm d_await dareq-sz     f/s f_await  aqu-sz  %util
sda              0.00      0.00     0.00   0.00    0.00     0.00   76.00    880.00    75.00  49.67   18.07    11.58    0.00      0.00     0.00   0.00    0.00     0.00   38.00   25.45    2.34  99.60


2026년 06월 29일 19시 04분 52초
avg-cpu:  %user   %nice %system %iowait  %steal   %idle
           7.95    0.00    4.74   15.26    0.00   72.05

Device            r/s     rkB/s   rrqm/s  %rrqm r_await rareq-sz     w/s     wkB/s   wrqm/s  %wrqm w_await wareq-sz     d/s     dkB/s   drqm/s  %drqm d_await dareq-sz     f/s f_await  aqu-sz  %util
sda              0.00      0.00     0.00   0.00    0.00     0.00   95.00   1140.00   134.00  58.52   14.64    12.00    0.00      0.00     0.00   0.00    0.00     0.00   48.00   20.21    2.36  98.40


2026년 06월 29일 19시 04분 53초
avg-cpu:  %user   %nice %system %iowait  %steal   %idle
           6.21    0.00    4.06   13.43    0.00   76.30

Device            r/s     rkB/s   rrqm/s  %rrqm r_await rareq-sz     w/s     wkB/s   wrqm/s  %wrqm w_await wareq-sz     d/s     dkB/s   drqm/s  %drqm d_await dareq-sz     f/s f_await  aqu-sz  %util
sda              0.00      0.00     0.00   0.00    0.00     0.00   90.00   1044.00   110.00  55.00   12.71    11.60    0.00      0.00     0.00   0.00    0.00     0.00   47.00   20.45    2.10  92.40


2026년 06월 29일 19시 04분 54초
avg-cpu:  %user   %nice %system %iowait  %steal   %idle
           6.11    0.00    3.44   14.25    0.00   76.21

Device            r/s     rkB/s   rrqm/s  %rrqm r_await rareq-sz     w/s     wkB/s   wrqm/s  %wrqm w_await wareq-sz     d/s     dkB/s   drqm/s  %drqm d_await dareq-sz     f/s f_await  aqu-sz  %util
sda              0.00      0.00     0.00   0.00    0.00     0.00   85.00   5036.00    92.00  51.98   21.12    59.25    0.00      0.00     0.00   0.00    0.00     0.00   37.00   25.54    2.74  98.80


2026년 06월 29일 19시 04분 55초
avg-cpu:  %user   %nice %system %iowait  %steal   %idle
           7.12    0.00    4.58   14.63    0.00   73.66

Device            r/s     rkB/s   rrqm/s  %rrqm r_await rareq-sz     w/s     wkB/s   wrqm/s  %wrqm w_await wareq-sz     d/s     dkB/s   drqm/s  %drqm d_await dareq-sz     f/s f_await  aqu-sz  %util
sda              0.00      0.00     0.00   0.00    0.00     0.00   91.00   1008.00   105.00  53.57   15.31    11.08    0.00      0.00     0.00   0.00    0.00     0.00   47.00   20.94    2.38  99.60


2026년 06월 29일 19시 04분 56초
avg-cpu:  %user   %nice %system %iowait  %steal   %idle
           6.73    0.00    4.19   12.44    0.00   76.65

Device            r/s     rkB/s   rrqm/s  %rrqm r_await rareq-sz     w/s     wkB/s   wrqm/s  %wrqm w_await wareq-sz     d/s     dkB/s   drqm/s  %drqm d_await dareq-sz     f/s f_await  aqu-sz  %util
sda              0.00      0.00     0.00   0.00    0.00     0.00   92.00   1024.00   100.00  52.08   11.63    11.13    0.00      0.00     0.00   0.00    0.00     0.00   52.00   18.27    2.02  96.00


2026년 06월 29일 19시 04분 57초
avg-cpu:  %user   %nice %system %iowait  %steal   %idle
           5.22    0.00    2.80   14.01    0.00   77.96

Device            r/s     rkB/s   rrqm/s  %rrqm r_await rareq-sz     w/s     wkB/s   wrqm/s  %wrqm w_await wareq-sz     d/s     dkB/s   drqm/s  %drqm d_await dareq-sz     f/s f_await  aqu-sz  %util
sda              0.00      0.00     0.00   0.00    0.00     0.00   75.00    868.00    80.00  51.61   16.35    11.57    0.00      0.00     0.00   0.00    0.00     0.00   36.00   26.89    2.19 100.00


2026년 06월 29일 19시 04분 58초
avg-cpu:  %user   %nice %system %iowait  %steal   %idle
           8.78    0.00    4.71   13.87    0.00   72.65

Device            r/s     rkB/s   rrqm/s  %rrqm r_await rareq-sz     w/s     wkB/s   wrqm/s  %wrqm w_await wareq-sz     d/s     dkB/s   drqm/s  %drqm d_await dareq-sz     f/s f_await  aqu-sz  %util
sda              2.00     16.00     2.00  50.00   33.00     8.00   97.00   1036.00   100.00  50.76   11.38    10.68    0.00      0.00     0.00   0.00    0.00     0.00   52.00   18.06    2.11  98.80


2026년 06월 29일 19시 04분 59초
avg-cpu:  %user   %nice %system %iowait  %steal   %idle
           7.18    0.00    5.29   12.22    0.00   75.31

Device            r/s     rkB/s   rrqm/s  %rrqm r_await rareq-sz     w/s     wkB/s   wrqm/s  %wrqm w_await wareq-sz     d/s     dkB/s   drqm/s  %drqm d_await dareq-sz     f/s f_await  aqu-sz  %util
sda              0.00      0.00     0.00   0.00    0.00     0.00   88.00   1040.00    96.00  52.17   12.74    11.82    0.00      0.00     0.00   0.00    0.00     0.00   44.00   22.07    2.09  99.20


2026년 06월 29일 19시 05분 00초
avg-cpu:  %user   %nice %system %iowait  %steal   %idle
           7.00    0.00    3.31   13.10    0.00   76.59

Device            r/s     rkB/s   rrqm/s  %rrqm r_await rareq-sz     w/s     wkB/s   wrqm/s  %wrqm w_await wareq-sz     d/s     dkB/s   drqm/s  %drqm d_await dareq-sz     f/s f_await  aqu-sz  %util
sda              0.00      0.00     0.00   0.00    0.00     0.00   89.00   1012.00   101.00  53.16   12.45    11.37    0.00      0.00     0.00   0.00    0.00     0.00   45.00   20.87    2.05  97.20


2026년 06월 29일 19시 05분 01초
avg-cpu:  %user   %nice %system %iowait  %steal   %idle
           6.76    0.00    2.42   15.56    0.00   75.26

Device            r/s     rkB/s   rrqm/s  %rrqm r_await rareq-sz     w/s     wkB/s   wrqm/s  %wrqm w_await wareq-sz     d/s     dkB/s   drqm/s  %drqm d_await dareq-sz     f/s f_await  aqu-sz  %util
sda              0.00      0.00     0.00   0.00    0.00     0.00   95.00    984.00    90.00  48.65   17.22    10.36    0.00      0.00     0.00   0.00    0.00     0.00   38.00   26.13    2.63  97.60


2026년 06월 29일 19시 05분 02초
avg-cpu:  %user   %nice %system %iowait  %steal   %idle
           8.46    0.00    4.55   13.13    0.00   73.86

Device            r/s     rkB/s   rrqm/s  %rrqm r_await rareq-sz     w/s     wkB/s   wrqm/s  %wrqm w_await wareq-sz     d/s     dkB/s   drqm/s  %drqm d_await dareq-sz     f/s f_await  aqu-sz  %util
sda              0.00      0.00     0.00   0.00    0.00     0.00   86.00    972.00    90.00  51.14   13.42    11.30    0.00      0.00     0.00   0.00    0.00     0.00   43.00   20.79    2.05  91.60


2026년 06월 29일 19시 05분 03초
avg-cpu:  %user   %nice %system %iowait  %steal   %idle
           8.47    0.00    4.68   13.02    0.00   73.83

Device            r/s     rkB/s   rrqm/s  %rrqm r_await rareq-sz     w/s     wkB/s   wrqm/s  %wrqm w_await wareq-sz     d/s     dkB/s   drqm/s  %drqm d_await dareq-sz     f/s f_await  aqu-sz  %util
sda              0.00      0.00     0.00   0.00    0.00     0.00   88.00   1048.00   110.00  55.56   13.62    11.91    0.00      0.00     0.00   0.00    0.00     0.00   44.00   22.75    2.20 101.60


2026년 06월 29일 19시 05분 04초
avg-cpu:  %user   %nice %system %iowait  %steal   %idle
           8.89    0.00    4.19   12.71    0.00   74.21

Device            r/s     rkB/s   rrqm/s  %rrqm r_await rareq-sz     w/s     wkB/s   wrqm/s  %wrqm w_await wareq-sz     d/s     dkB/s   drqm/s  %drqm d_await dareq-sz     f/s f_await  aqu-sz  %util
sda              0.00      0.00     0.00   0.00    0.00     0.00   83.00   1024.00   102.00  55.14   13.99    12.34    0.00      0.00     0.00   0.00    0.00     0.00   42.00   23.48    2.15 100.00


2026년 06월 29일 19시 05분 05초
avg-cpu:  %user   %nice %system %iowait  %steal   %idle
           6.35    0.00    4.96   13.60    0.00   75.10

Device            r/s     rkB/s   rrqm/s  %rrqm r_await rareq-sz     w/s     wkB/s   wrqm/s  %wrqm w_await wareq-sz     d/s     dkB/s   drqm/s  %drqm d_await dareq-sz     f/s f_await  aqu-sz  %util
sda              0.00      0.00     0.00   0.00    0.00     0.00   86.00   1020.00    98.00  53.26   13.81    11.86    0.00      0.00     0.00   0.00    0.00     0.00   42.00   22.57    2.13  97.60


2026년 06월 29일 19시 05분 06초
avg-cpu:  %user   %nice %system %iowait  %steal   %idle
           7.42    0.00    3.71   13.04    0.00   75.83

Device            r/s     rkB/s   rrqm/s  %rrqm r_await rareq-sz     w/s     wkB/s   wrqm/s  %wrqm w_await wareq-sz     d/s     dkB/s   drqm/s  %drqm d_await dareq-sz     f/s f_await  aqu-sz  %util
sda              0.00      0.00     0.00   0.00    0.00     0.00   95.00   1056.00   104.00  52.26   12.52    11.12    0.00      0.00     0.00   0.00    0.00     0.00   49.00   19.55    2.15  98.80


2026년 06월 29일 19시 05분 07초
avg-cpu:  %user   %nice %system %iowait  %steal   %idle
           6.11    0.00    3.31   15.01    0.00   75.57

Device            r/s     rkB/s   rrqm/s  %rrqm r_await rareq-sz     w/s     wkB/s   wrqm/s  %wrqm w_await wareq-sz     d/s     dkB/s   drqm/s  %drqm d_await dareq-sz     f/s f_await  aqu-sz  %util
sda              0.00      0.00     0.00   0.00    0.00     0.00   82.00    964.00    87.00  51.48   15.77    11.76    0.00      0.00     0.00   0.00    0.00     0.00   45.00   21.44    2.26  94.40


2026년 06월 29일 19시 05분 08초
avg-cpu:  %user   %nice %system %iowait  %steal   %idle
           5.95    0.00    4.05   15.82    0.00   74.18

Device            r/s     rkB/s   rrqm/s  %rrqm r_await rareq-sz     w/s     wkB/s   wrqm/s  %wrqm w_await wareq-sz     d/s     dkB/s   drqm/s  %drqm d_await dareq-sz     f/s f_await  aqu-sz  %util
sda              0.00      0.00     0.00   0.00    0.00     0.00   76.00    876.00    76.00  50.00   18.07    11.53    0.00      0.00     0.00   0.00    0.00     0.00   36.00   26.33    2.32 100.00


2026년 06월 29일 19시 05분 09초
avg-cpu:  %user   %nice %system %iowait  %steal   %idle
           7.87    0.00    4.44   14.09    0.00   73.60

Device            r/s     rkB/s   rrqm/s  %rrqm r_await rareq-sz     w/s     wkB/s   wrqm/s  %wrqm w_await wareq-sz     d/s     dkB/s   drqm/s  %drqm d_await dareq-sz     f/s f_await  aqu-sz  %util
sda              0.00      0.00     0.00   0.00    0.00     0.00   86.14    950.50    81.19  48.52   14.76    11.03    0.00      0.00     0.00   0.00    0.00     0.00   42.57   22.74    2.24  97.03


2026년 06월 29일 19시 05분 10초
avg-cpu:  %user   %nice %system %iowait  %steal   %idle
           8.15    0.00    3.69   15.03    0.00   73.12

Device            r/s     rkB/s   rrqm/s  %rrqm r_await rareq-sz     w/s     wkB/s   wrqm/s  %wrqm w_await wareq-sz     d/s     dkB/s   drqm/s  %drqm d_await dareq-sz     f/s f_await  aqu-sz  %util
sda              1.00     16.00     3.00  75.00   44.00    16.00   80.00   1008.00   100.00  55.56   16.16    12.60    0.00      0.00     0.00   0.00    0.00     0.00   38.00   25.32    2.30  98.00


2026년 06월 29일 19시 05분 11초
avg-cpu:  %user   %nice %system %iowait  %steal   %idle
           8.22    0.00    5.18   13.15    0.00   73.45

Device            r/s     rkB/s   rrqm/s  %rrqm r_await rareq-sz     w/s     wkB/s   wrqm/s  %wrqm w_await wareq-sz     d/s     dkB/s   drqm/s  %drqm d_await dareq-sz     f/s f_await  aqu-sz  %util
sda              0.00      0.00     0.00   0.00    0.00     0.00   93.00   1060.00   105.00  53.03   12.95    11.40    0.00      0.00     0.00   0.00    0.00     0.00   47.00   20.38    2.16  98.40


2026년 06월 29일 19시 05분 12초
avg-cpu:  %user   %nice %system %iowait  %steal   %idle
           6.77    0.00    3.58   14.30    0.00   75.35

Device            r/s     rkB/s   rrqm/s  %rrqm r_await rareq-sz     w/s     wkB/s   wrqm/s  %wrqm w_await wareq-sz     d/s     dkB/s   drqm/s  %drqm d_await dareq-sz     f/s f_await  aqu-sz  %util
sda              0.00      0.00     0.00   0.00    0.00     0.00   91.00   1716.00   102.00  52.85   13.55    18.86    0.00      0.00     0.00   0.00    0.00     0.00   41.00   23.76    2.21  95.20


2026년 06월 29일 19시 05분 13초
avg-cpu:  %user   %nice %system %iowait  %steal   %idle
           5.44    0.00    3.29   17.70    0.00   73.58

Device            r/s     rkB/s   rrqm/s  %rrqm r_await rareq-sz     w/s     wkB/s   wrqm/s  %wrqm w_await wareq-sz     d/s     dkB/s   drqm/s  %drqm d_await dareq-sz     f/s f_await  aqu-sz  %util
sda              0.00      0.00     0.00   0.00    0.00     0.00  101.00   1936.00    77.00  43.26   15.78    19.17    0.00      0.00     0.00   0.00    0.00     0.00   43.00   22.60    2.57 104.00


2026년 06월 29일 19시 05분 14초
avg-cpu:  %user   %nice %system %iowait  %steal   %idle
           5.90    0.00    3.89   22.08    0.00   68.13

Device            r/s     rkB/s   rrqm/s  %rrqm r_await rareq-sz     w/s     wkB/s   wrqm/s  %wrqm w_await wareq-sz     d/s     dkB/s   drqm/s  %drqm d_await dareq-sz     f/s f_await  aqu-sz  %util
sda              1.00     12.00     2.00  66.67   98.00    12.00   98.00   2404.00   250.00  71.84   19.55    24.53    0.00      0.00     0.00   0.00    0.00     0.00   36.00   26.92    2.98  94.40


2026년 06월 29일 19시 05분 15초
avg-cpu:  %user   %nice %system %iowait  %steal   %idle
           2.92    0.00    2.03   21.32    0.00   73.73

Device            r/s     rkB/s   rrqm/s  %rrqm r_await rareq-sz     w/s     wkB/s   wrqm/s  %wrqm w_await wareq-sz     d/s     dkB/s   drqm/s  %drqm d_await dareq-sz     f/s f_await  aqu-sz  %util
sda              2.00     12.00     1.00  33.33   47.00     6.00   97.00   2068.00    63.00  39.38   19.70    21.32    0.00      0.00     0.00   0.00    0.00     0.00   44.00   21.32    2.94  92.40


2026년 06월 29일 19시 05분 16초
avg-cpu:  %user   %nice %system %iowait  %steal   %idle
           4.68    0.00    2.53   21.52    0.00   71.27

Device            r/s     rkB/s   rrqm/s  %rrqm r_await rareq-sz     w/s     wkB/s   wrqm/s  %wrqm w_await wareq-sz     d/s     dkB/s   drqm/s  %drqm d_await dareq-sz     f/s f_await  aqu-sz  %util
sda              0.00      0.00     0.00   0.00    0.00     0.00   85.00   1176.00    53.00  38.41   21.74    13.84    0.00      0.00     0.00   0.00    0.00     0.00   34.00   29.38    2.85  96.80


2026년 06월 29일 19시 05분 17초
avg-cpu:  %user   %nice %system %iowait  %steal   %idle
           6.08    0.00    3.68   15.08    0.00   75.16

Device            r/s     rkB/s   rrqm/s  %rrqm r_await rareq-sz     w/s     wkB/s   wrqm/s  %wrqm w_await wareq-sz     d/s     dkB/s   drqm/s  %drqm d_await dareq-sz     f/s f_await  aqu-sz  %util
sda              0.00      0.00     0.00   0.00    0.00     0.00   90.00    992.00    80.00  47.06   14.80    11.02    0.00      0.00     0.00   0.00    0.00     0.00   41.00   22.12    2.24  97.60


2026년 06월 29일 19시 05분 18초
avg-cpu:  %user   %nice %system %iowait  %steal   %idle
           7.13    0.00    3.82   15.54    0.00   73.50

Device            r/s     rkB/s   rrqm/s  %rrqm r_await rareq-sz     w/s     wkB/s   wrqm/s  %wrqm w_await wareq-sz     d/s     dkB/s   drqm/s  %drqm d_await dareq-sz     f/s f_await  aqu-sz  %util
sda              0.00      0.00     0.00   0.00    0.00     0.00   82.00    948.00    79.00  49.07   14.88    11.56    0.00      0.00     0.00   0.00    0.00     0.00   39.00   26.18    2.24  98.80


2026년 06월 29일 19시 05분 19초
avg-cpu:  %user   %nice %system %iowait  %steal   %idle
           6.69    0.00    3.91   14.27    0.00   75.13

Device            r/s     rkB/s   rrqm/s  %rrqm r_await rareq-sz     w/s     wkB/s   wrqm/s  %wrqm w_await wareq-sz     d/s     dkB/s   drqm/s  %drqm d_await dareq-sz     f/s f_await  aqu-sz  %util
sda              0.00      0.00     0.00   0.00    0.00     0.00   79.00    892.00    73.00  48.03   17.51    11.29    0.00      0.00     0.00   0.00    0.00     0.00   40.00   23.88    2.34 104.00


2026년 06월 29일 19시 05분 20초
avg-cpu:  %user   %nice %system %iowait  %steal   %idle
           6.34    0.00    3.68   16.98    0.00   73.00

Device            r/s     rkB/s   rrqm/s  %rrqm r_await rareq-sz     w/s     wkB/s   wrqm/s  %wrqm w_await wareq-sz     d/s     dkB/s   drqm/s  %drqm d_await dareq-sz     f/s f_await  aqu-sz  %util
sda              0.00      0.00     0.00   0.00    0.00     0.00   82.00    952.00    87.00  51.48   17.96    11.61    0.00      0.00     0.00   0.00    0.00     0.00   39.00   24.51    2.43  90.00


2026년 06월 29일 19시 05분 21초
avg-cpu:  %user   %nice %system %iowait  %steal   %idle
           7.25    0.00    3.05   16.16    0.00   73.54

Device            r/s     rkB/s   rrqm/s  %rrqm r_await rareq-sz     w/s     wkB/s   wrqm/s  %wrqm w_await wareq-sz     d/s     dkB/s   drqm/s  %drqm d_await dareq-sz     f/s f_await  aqu-sz  %util
sda              0.00      0.00     0.00   0.00    0.00     0.00   75.00    876.00    74.00  49.66   19.40    11.68    0.00      0.00     0.00   0.00    0.00     0.00   37.00   25.68    2.40  98.00


2026년 06월 29일 19시 05분 22초
avg-cpu:  %user   %nice %system %iowait  %steal   %idle
           8.99    0.00    4.43   15.70    0.00   70.89

Device            r/s     rkB/s   rrqm/s  %rrqm r_await rareq-sz     w/s     wkB/s   wrqm/s  %wrqm w_await wareq-sz     d/s     dkB/s   drqm/s  %drqm d_await dareq-sz     f/s f_await  aqu-sz  %util
sda              0.00      0.00     0.00   0.00    0.00     0.00   85.00   1072.00   111.00  56.63   16.85    12.61    0.00      0.00     0.00   0.00    0.00     0.00   43.00   22.53    2.40  99.20


2026년 06월 29일 19시 05분 23초
avg-cpu:  %user   %nice %system %iowait  %steal   %idle
           5.94    0.00    3.92   17.70    0.00   72.44

Device            r/s     rkB/s   rrqm/s  %rrqm r_await rareq-sz     w/s     wkB/s   wrqm/s  %wrqm w_await wareq-sz     d/s     dkB/s   drqm/s  %drqm d_await dareq-sz     f/s f_await  aqu-sz  %util
sda              2.00     28.00     5.00  71.43   18.00    14.00   79.00    916.00    84.00  51.53   18.27    11.59    0.00      0.00     0.00   0.00    0.00     0.00   38.00   24.50    2.41  81.60


2026년 06월 29일 19시 05분 24초
avg-cpu:  %user   %nice %system %iowait  %steal   %idle
           4.92    0.00    3.41   17.42    0.00   74.24

Device            r/s     rkB/s   rrqm/s  %rrqm r_await rareq-sz     w/s     wkB/s   wrqm/s  %wrqm w_await wareq-sz     d/s     dkB/s   drqm/s  %drqm d_await dareq-sz     f/s f_await  aqu-sz  %util
sda              0.00      0.00     0.00   0.00    0.00     0.00   78.00   1076.00    67.00  46.21   18.35    13.79    0.00      0.00     0.00   0.00    0.00     0.00   36.00   26.33    2.38  95.20


2026년 06월 29일 19시 05분 25초
avg-cpu:  %user   %nice %system %iowait  %steal   %idle
           8.08    0.00    5.18   13.89    0.00   72.85

Device            r/s     rkB/s   rrqm/s  %rrqm r_await rareq-sz     w/s     wkB/s   wrqm/s  %wrqm w_await wareq-sz     d/s     dkB/s   drqm/s  %drqm d_await dareq-sz     f/s f_await  aqu-sz  %util
sda              0.00      0.00     0.00   0.00    0.00     0.00   83.00   1256.00    88.00  51.46   18.52    15.13    0.00      0.00     0.00   0.00    0.00     0.00   38.00   27.29    2.58 100.40


2026년 06월 29일 19시 05분 26초
avg-cpu:  %user   %nice %system %iowait  %steal   %idle
           6.43    0.00    3.91   15.51    0.00   74.15

Device            r/s     rkB/s   rrqm/s  %rrqm r_await rareq-sz     w/s     wkB/s   wrqm/s  %wrqm w_await wareq-sz     d/s     dkB/s   drqm/s  %drqm d_await dareq-sz     f/s f_await  aqu-sz  %util
sda              0.00      0.00     0.00   0.00    0.00     0.00   74.00    824.00    73.00  49.66   18.50    11.14    0.00      0.00     0.00   0.00    0.00     0.00   38.00   25.29    2.33  96.40


2026년 06월 29일 19시 05분 27초
avg-cpu:  %user   %nice %system %iowait  %steal   %idle
           5.31    0.00    2.91   15.42    0.00   76.36

Device            r/s     rkB/s   rrqm/s  %rrqm r_await rareq-sz     w/s     wkB/s   wrqm/s  %wrqm w_await wareq-sz     d/s     dkB/s   drqm/s  %drqm d_await dareq-sz     f/s f_await  aqu-sz  %util
sda              0.00      0.00     0.00   0.00    0.00     0.00   79.00   1004.00    69.00  46.62   17.23    12.71    0.00      0.00     0.00   0.00    0.00     0.00   36.00   27.14    2.34 103.20


2026년 06월 29일 19시 05분 28초
avg-cpu:  %user   %nice %system %iowait  %steal   %idle
           5.06    0.00    3.16   17.19    0.00   74.59

Device            r/s     rkB/s   rrqm/s  %rrqm r_await rareq-sz     w/s     wkB/s   wrqm/s  %wrqm w_await wareq-sz     d/s     dkB/s   drqm/s  %drqm d_await dareq-sz     f/s f_await  aqu-sz  %util
sda              0.00      0.00     0.00   0.00    0.00     0.00   85.00   1108.00    71.00  45.51   16.22    13.04    0.00      0.00     0.00   0.00    0.00     0.00   34.00   26.71    2.29  90.40


2026년 06월 29일 19시 05분 29초
avg-cpu:  %user   %nice %system %iowait  %steal   %idle
           5.81    0.00    2.78   17.80    0.00   73.61

Device            r/s     rkB/s   rrqm/s  %rrqm r_await rareq-sz     w/s     wkB/s   wrqm/s  %wrqm w_await wareq-sz     d/s     dkB/s   drqm/s  %drqm d_await dareq-sz     f/s f_await  aqu-sz  %util
sda              0.00      0.00     0.00   0.00    0.00     0.00   85.00   1088.00    69.00  44.81   19.62    12.80    0.00      0.00     0.00   0.00    0.00     0.00   42.00   24.31    2.69  94.80


2026년 06월 29일 19시 05분 30초
avg-cpu:  %user   %nice %system %iowait  %steal   %idle
           5.43    0.00    3.54   16.79    0.00   74.24

Device            r/s     rkB/s   rrqm/s  %rrqm r_await rareq-sz     w/s     wkB/s   wrqm/s  %wrqm w_await wareq-sz     d/s     dkB/s   drqm/s  %drqm d_await dareq-sz     f/s f_await  aqu-sz  %util
sda              0.00      0.00     0.00   0.00    0.00     0.00   94.00   1120.00    68.00  41.98   17.86    11.91    0.00      0.00     0.00   0.00    0.00     0.00   40.00   24.30    2.65  98.80


2026년 06월 29일 19시 05분 31초
avg-cpu:  %user   %nice %system %iowait  %steal   %idle
           3.93    0.00    3.04   15.46    0.00   77.57

Device            r/s     rkB/s   rrqm/s  %rrqm r_await rareq-sz     w/s     wkB/s   wrqm/s  %wrqm w_await wareq-sz     d/s     dkB/s   drqm/s  %drqm d_await dareq-sz     f/s f_await  aqu-sz  %util
sda              0.00      0.00     0.00   0.00    0.00     0.00   72.00    764.00    50.00  40.98   18.29    10.61    0.00      0.00     0.00   0.00    0.00     0.00   35.00   26.09    2.23  91.20


2026년 06월 29일 19시 05분 32초
avg-cpu:  %user   %nice %system %iowait  %steal   %idle
           7.52    0.00    4.33   14.78    0.00   73.38

Device            r/s     rkB/s   rrqm/s  %rrqm r_await rareq-sz     w/s     wkB/s   wrqm/s  %wrqm w_await wareq-sz     d/s     dkB/s   drqm/s  %drqm d_await dareq-sz     f/s f_await  aqu-sz  %util
sda              0.00      0.00     0.00   0.00    0.00     0.00   94.00    996.00    88.00  48.35   15.38    10.60    0.00      0.00     0.00   0.00    0.00     0.00   36.00   28.31    2.46 101.20


2026년 06월 29일 19시 05분 33초
avg-cpu:  %user   %nice %system %iowait  %steal   %idle
           4.70    0.00    2.41   19.57    0.00   73.32

Device            r/s     rkB/s   rrqm/s  %rrqm r_await rareq-sz     w/s     wkB/s   wrqm/s  %wrqm w_await wareq-sz     d/s     dkB/s   drqm/s  %drqm d_await dareq-sz     f/s f_await  aqu-sz  %util
sda              0.00      0.00     0.00   0.00    0.00     0.00  110.00    908.00    52.00  32.10   39.11     8.25    0.00      0.00     0.00   0.00    0.00     0.00   27.00   34.63    5.24  93.20


2026년 06월 29일 19시 05분 34초
avg-cpu:  %user   %nice %system %iowait  %steal   %idle
           8.31    0.00    3.07   14.58    0.00   74.04

Device            r/s     rkB/s   rrqm/s  %rrqm r_await rareq-sz     w/s     wkB/s   wrqm/s  %wrqm w_await wareq-sz     d/s     dkB/s   drqm/s  %drqm d_await dareq-sz     f/s f_await  aqu-sz  %util
sda              0.00      0.00     0.00   0.00    0.00     0.00   76.00   1100.00    76.00  50.00   17.13    14.47    0.00      0.00     0.00   0.00    0.00     0.00   39.00   25.85    2.31 100.00


2026년 06월 29일 19시 05분 35초
avg-cpu:  %user   %nice %system %iowait  %steal   %idle
           3.16    0.00    2.40   24.75    0.00   69.70

Device            r/s     rkB/s   rrqm/s  %rrqm r_await rareq-sz     w/s     wkB/s   wrqm/s  %wrqm w_await wareq-sz     d/s     dkB/s   drqm/s  %drqm d_await dareq-sz     f/s f_await  aqu-sz  %util
sda              0.00      0.00     0.00   0.00    0.00     0.00   89.00   1592.00    71.00  44.38   23.85    17.89    0.00      0.00     0.00   0.00    0.00     0.00   30.00   33.20    3.12 100.40


2026년 06월 29일 19시 05분 36초
avg-cpu:  %user   %nice %system %iowait  %steal   %idle
           1.77    0.00    1.14   17.85    0.00   79.24

Device            r/s     rkB/s   rrqm/s  %rrqm r_await rareq-sz     w/s     wkB/s   wrqm/s  %wrqm w_await wareq-sz     d/s     dkB/s   drqm/s  %drqm d_await dareq-sz     f/s f_await  aqu-sz  %util
sda              0.00      0.00     0.00   0.00    0.00     0.00   99.00   1604.00    47.00  32.19   15.44    16.20    0.00      0.00     0.00   0.00    0.00     0.00   45.00   21.44    2.49  96.40


2026년 06월 29일 19시 05분 37초
avg-cpu:  %user   %nice %system %iowait  %steal   %idle
           4.93    0.00    3.92   16.43    0.00   74.72

Device            r/s     rkB/s   rrqm/s  %rrqm r_await rareq-sz     w/s     wkB/s   wrqm/s  %wrqm w_await wareq-sz     d/s     dkB/s   drqm/s  %drqm d_await dareq-sz     f/s f_await  aqu-sz  %util
sda              1.00     32.00     7.00  87.50   43.00    32.00   84.00    924.00    81.00  49.09   16.40    11.00    0.00      0.00     0.00   0.00    0.00     0.00   43.00   22.23    2.38  98.00


2026년 06월 29일 19시 05분 38초
avg-cpu:  %user   %nice %system %iowait  %steal   %idle
           6.21    0.00    3.42   12.93    0.00   77.44

Device            r/s     rkB/s   rrqm/s  %rrqm r_await rareq-sz     w/s     wkB/s   wrqm/s  %wrqm w_await wareq-sz     d/s     dkB/s   drqm/s  %drqm d_await dareq-sz     f/s f_await  aqu-sz  %util
sda              0.00      0.00     0.00   0.00    0.00     0.00   79.00    840.00    75.00  48.70   14.52    10.63    0.00      0.00     0.00   0.00    0.00     0.00   42.00   23.33    2.13  96.00


2026년 06월 29일 19시 05분 39초
avg-cpu:  %user   %nice %system %iowait  %steal   %idle
           8.51    0.00    3.56   15.12    0.00   72.81

Device            r/s     rkB/s   rrqm/s  %rrqm r_await rareq-sz     w/s     wkB/s   wrqm/s  %wrqm w_await wareq-sz     d/s     dkB/s   drqm/s  %drqm d_await dareq-sz     f/s f_await  aqu-sz  %util
sda              0.00      0.00     0.00   0.00    0.00     0.00   80.00    880.00    74.00  48.05   17.56    11.00    0.00      0.00     0.00   0.00    0.00     0.00   37.00   26.24    2.38 104.00


2026년 06월 29일 19시 05분 40초
avg-cpu:  %user   %nice %system %iowait  %steal   %idle
           5.67    0.00    3.40   14.99    0.00   75.94

Device            r/s     rkB/s   rrqm/s  %rrqm r_await rareq-sz     w/s     wkB/s   wrqm/s  %wrqm w_await wareq-sz     d/s     dkB/s   drqm/s  %drqm d_await dareq-sz     f/s f_await  aqu-sz  %util
sda              0.00      0.00     0.00   0.00    0.00     0.00   73.00    856.00    70.00  48.95   17.49    11.73    0.00      0.00     0.00   0.00    0.00     0.00   33.00   29.09    2.24  96.00


2026년 06월 29일 19시 05분 41초
avg-cpu:  %user   %nice %system %iowait  %steal   %idle
           4.04    0.00    3.28   14.90    0.00   77.78

Device            r/s     rkB/s   rrqm/s  %rrqm r_await rareq-sz     w/s     wkB/s   wrqm/s  %wrqm w_await wareq-sz     d/s     dkB/s   drqm/s  %drqm d_await dareq-sz     f/s f_await  aqu-sz  %util
sda              0.00      0.00     0.00   0.00    0.00     0.00   70.00   1260.00    70.00  50.00   18.86    18.00    0.00      0.00     0.00   0.00    0.00     0.00   36.00   27.03    2.29  86.80


2026년 06월 29일 19시 05분 42초
avg-cpu:  %user   %nice %system %iowait  %steal   %idle
           2.03    0.00    1.14   18.86    0.00   77.97

Device            r/s     rkB/s   rrqm/s  %rrqm r_await rareq-sz     w/s     wkB/s   wrqm/s  %wrqm w_await wareq-sz     d/s     dkB/s   drqm/s  %drqm d_await dareq-sz     f/s f_await  aqu-sz  %util
sda              0.00      0.00     0.00   0.00    0.00     0.00   95.00   1852.00    57.00  37.50   17.83    19.49    0.00      0.00     0.00   0.00    0.00     0.00   40.00   24.70    2.68  98.40


2026년 06월 29일 19시 05분 43초
avg-cpu:  %user   %nice %system %iowait  %steal   %idle
           4.31    0.00    2.28   17.77    0.00   75.63

Device            r/s     rkB/s   rrqm/s  %rrqm r_await rareq-sz     w/s     wkB/s   wrqm/s  %wrqm w_await wareq-sz     d/s     dkB/s   drqm/s  %drqm d_await dareq-sz     f/s f_await  aqu-sz  %util
sda              0.00      0.00     0.00   0.00    0.00     0.00   79.00   1508.00    70.00  46.98   20.90    19.09    0.00      0.00     0.00   0.00    0.00     0.00   37.00   26.19    2.62  89.60


2026년 06월 29일 19시 05분 44초
avg-cpu:  %user   %nice %system %iowait  %steal   %idle
           2.52    0.00    1.89   17.91    0.00   77.68

Device            r/s     rkB/s   rrqm/s  %rrqm r_await rareq-sz     w/s     wkB/s   wrqm/s  %wrqm w_await wareq-sz     d/s     dkB/s   drqm/s  %drqm d_await dareq-sz     f/s f_await  aqu-sz  %util
sda              0.00      0.00     0.00   0.00    0.00     0.00   69.00    976.00    57.00  45.24   21.28    14.14    0.00      0.00     0.00   0.00    0.00     0.00   29.00   34.03    2.46  93.20


2026년 06월 29일 19시 05분 45초
avg-cpu:  %user   %nice %system %iowait  %steal   %idle
           6.63    0.00    4.21   14.29    0.00   74.87

Device            r/s     rkB/s   rrqm/s  %rrqm r_await rareq-sz     w/s     wkB/s   wrqm/s  %wrqm w_await wareq-sz     d/s     dkB/s   drqm/s  %drqm d_await dareq-sz     f/s f_await  aqu-sz  %util
sda              0.00      0.00     0.00   0.00    0.00     0.00   90.00   1112.00    83.00  47.98   15.94    12.36    0.00      0.00     0.00   0.00    0.00     0.00   41.00   23.88    2.41  99.20


2026년 06월 29일 19시 05분 46초
avg-cpu:  %user   %nice %system %iowait  %steal   %idle
           5.29    0.00    3.27   13.73    0.00   77.71

Device            r/s     rkB/s   rrqm/s  %rrqm r_await rareq-sz     w/s     wkB/s   wrqm/s  %wrqm w_await wareq-sz     d/s     dkB/s   drqm/s  %drqm d_await dareq-sz     f/s f_await  aqu-sz  %util
sda              0.00      0.00     0.00   0.00    0.00     0.00   71.00    760.00    57.00  44.53   15.89    10.70    0.00      0.00     0.00   0.00    0.00     0.00   36.00   26.47    2.08  92.00


2026년 06월 29일 19시 05분 47초
avg-cpu:  %user   %nice %system %iowait  %steal   %idle
           5.18    0.00    3.91   17.05    0.00   73.86

Device            r/s     rkB/s   rrqm/s  %rrqm r_await rareq-sz     w/s     wkB/s   wrqm/s  %wrqm w_await wareq-sz     d/s     dkB/s   drqm/s  %drqm d_await dareq-sz     f/s f_await  aqu-sz  %util
sda              1.00     16.00     3.00  75.00   47.00    16.00   78.00    896.00    69.00  46.94   16.88    11.49    0.00      0.00     0.00   0.00    0.00     0.00   39.00   23.92    2.30  94.80


2026년 06월 29일 19시 05분 48초
avg-cpu:  %user   %nice %system %iowait  %steal   %idle
           4.42    0.00    2.65   15.04    0.00   77.88

Device            r/s     rkB/s   rrqm/s  %rrqm r_await rareq-sz     w/s     wkB/s   wrqm/s  %wrqm w_await wareq-sz     d/s     dkB/s   drqm/s  %drqm d_await dareq-sz     f/s f_await  aqu-sz  %util
sda              0.00      0.00     0.00   0.00    0.00     0.00   83.00   1012.00    57.00  40.71   16.65    12.19    0.00      0.00     0.00   0.00    0.00     0.00   40.00   24.50    2.36  91.60


2026년 06월 29일 19시 05분 49초
avg-cpu:  %user   %nice %system %iowait  %steal   %idle
           6.08    0.00    4.18   14.20    0.00   75.54

Device            r/s     rkB/s   rrqm/s  %rrqm r_await rareq-sz     w/s     wkB/s   wrqm/s  %wrqm w_await wareq-sz     d/s     dkB/s   drqm/s  %drqm d_await dareq-sz     f/s f_await  aqu-sz  %util
sda              1.00      8.00     1.00  50.00   42.00     8.00   65.00    696.00    63.00  49.22   16.45    10.71    0.00      0.00     0.00   0.00    0.00     0.00   36.00   25.89    2.04  92.40


2026년 06월 29일 19시 05분 50초
avg-cpu:  %user   %nice %system %iowait  %steal   %idle
           6.35    0.00    4.70   16.26    0.00   72.68

Device            r/s     rkB/s   rrqm/s  %rrqm r_await rareq-sz     w/s     wkB/s   wrqm/s  %wrqm w_await wareq-sz     d/s     dkB/s   drqm/s  %drqm d_await dareq-sz     f/s f_await  aqu-sz  %util
sda              0.00      0.00     0.00   0.00    0.00     0.00   94.00   1084.00    89.00  48.63   15.76    11.53    0.00      0.00     0.00   0.00    0.00     0.00   41.00   23.88    2.46 106.00


2026년 06월 29일 19시 05분 51초
avg-cpu:  %user   %nice %system %iowait  %steal   %idle
           5.20    0.00    3.30   15.10    0.00   76.40

Device            r/s     rkB/s   rrqm/s  %rrqm r_await rareq-sz     w/s     wkB/s   wrqm/s  %wrqm w_await wareq-sz     d/s     dkB/s   drqm/s  %drqm d_await dareq-sz     f/s f_await  aqu-sz  %util
sda              0.00      0.00     0.00   0.00    0.00     0.00   64.00    732.00    66.00  50.77   20.89    11.44    0.00      0.00     0.00   0.00    0.00     0.00   35.00   28.11    2.32  94.00


2026년 06월 29일 19시 05분 52초
avg-cpu:  %user   %nice %system %iowait  %steal   %idle
           5.58    0.00    2.79   16.75    0.00   74.87

Device            r/s     rkB/s   rrqm/s  %rrqm r_await rareq-sz     w/s     wkB/s   wrqm/s  %wrqm w_await wareq-sz     d/s     dkB/s   drqm/s  %drqm d_await dareq-sz     f/s f_await  aqu-sz  %util
sda              0.00      0.00     0.00   0.00    0.00     0.00   86.00    860.00    68.00  44.16   16.67    10.00    0.00      0.00     0.00   0.00    0.00     0.00   42.00   22.69    2.39  96.00


2026년 06월 29일 19시 05분 53초
avg-cpu:  %user   %nice %system %iowait  %steal   %idle
           7.76    0.00    3.94   14.38    0.00   73.92

Device            r/s     rkB/s   rrqm/s  %rrqm r_await rareq-sz     w/s     wkB/s   wrqm/s  %wrqm w_await wareq-sz     d/s     dkB/s   drqm/s  %drqm d_await dareq-sz     f/s f_await  aqu-sz  %util
sda              0.00      0.00     0.00   0.00    0.00     0.00   71.00    804.00    78.00  52.35   20.85    11.32    0.00      0.00     0.00   0.00    0.00     0.00   35.00   28.11    2.46  95.60


2026년 06월 29일 19시 05분 54초
avg-cpu:  %user   %nice %system %iowait  %steal   %idle
           7.06    0.00    3.53   12.48    0.00   76.92

Device            r/s     rkB/s   rrqm/s  %rrqm r_await rareq-sz     w/s     wkB/s   wrqm/s  %wrqm w_await wareq-sz     d/s     dkB/s   drqm/s  %drqm d_await dareq-sz     f/s f_await  aqu-sz  %util
sda              0.00      0.00     0.00   0.00    0.00     0.00   74.00    900.00    83.00  52.87   15.24    12.16    0.00      0.00     0.00   0.00    0.00     0.00   36.00   26.83    2.09  96.40


2026년 06월 29일 19시 05분 55초
avg-cpu:  %user   %nice %system %iowait  %steal   %idle
           6.56    0.00    4.41   15.01    0.00   74.02

Device            r/s     rkB/s   rrqm/s  %rrqm r_await rareq-sz     w/s     wkB/s   wrqm/s  %wrqm w_await wareq-sz     d/s     dkB/s   drqm/s  %drqm d_await dareq-sz     f/s f_await  aqu-sz  %util
sda             11.00     52.00     0.00   0.00   43.36     4.73   71.00    912.00    98.00  57.99   16.66    12.85    0.00      0.00     0.00   0.00    0.00     0.00   35.00   27.51    2.62  99.20


2026년 06월 29일 19시 05분 56초
avg-cpu:  %user   %nice %system %iowait  %steal   %idle
           6.18    0.00    3.40   14.75    0.00   75.66

Device            r/s     rkB/s   rrqm/s  %rrqm r_await rareq-sz     w/s     wkB/s   wrqm/s  %wrqm w_await wareq-sz     d/s     dkB/s   drqm/s  %drqm d_await dareq-sz     f/s f_await  aqu-sz  %util
sda              0.00      0.00     0.00   0.00    0.00     0.00   80.00   1012.00    73.00  47.71   18.32    12.65    0.00      0.00     0.00   0.00    0.00     0.00   40.00   24.80    2.46 100.40


2026년 06월 29일 19시 05분 57초
avg-cpu:  %user   %nice %system %iowait  %steal   %idle
           2.90    0.00    1.77   18.41    0.00   76.92

Device            r/s     rkB/s   rrqm/s  %rrqm r_await rareq-sz     w/s     wkB/s   wrqm/s  %wrqm w_await wareq-sz     d/s     dkB/s   drqm/s  %drqm d_await dareq-sz     f/s f_await  aqu-sz  %util
sda              0.00      0.00     0.00   0.00    0.00     0.00   93.00   1752.00    39.00  29.55   17.00    18.84    0.00      0.00     0.00   0.00    0.00     0.00   29.00   31.45    2.49  94.00


2026년 06월 29일 19시 05분 58초
avg-cpu:  %user   %nice %system %iowait  %steal   %idle
           3.42    0.00    2.03   18.99    0.00   75.57

Device            r/s     rkB/s   rrqm/s  %rrqm r_await rareq-sz     w/s     wkB/s   wrqm/s  %wrqm w_await wareq-sz     d/s     dkB/s   drqm/s  %drqm d_await dareq-sz     f/s f_await  aqu-sz  %util
sda              1.00     16.00     3.00  75.00   34.00    16.00   92.00   1436.00    51.00  35.66   18.88    15.61    0.00      0.00     0.00   0.00    0.00     0.00   41.00   25.27    2.81 100.80


2026년 06월 29일 19시 05분 59초
avg-cpu:  %user   %nice %system %iowait  %steal   %idle
           3.68    0.00    2.16   18.17    0.00   75.98

Device            r/s     rkB/s   rrqm/s  %rrqm r_await rareq-sz     w/s     wkB/s   wrqm/s  %wrqm w_await wareq-sz     d/s     dkB/s   drqm/s  %drqm d_await dareq-sz     f/s f_await  aqu-sz  %util
sda              0.00      0.00     0.00   0.00    0.00     0.00   84.00   1384.00    75.00  47.17   21.90    16.48    0.00      0.00     0.00   0.00    0.00     0.00   35.00   27.60    2.81  97.20


2026년 06월 29일 19시 06분 00초
avg-cpu:  %user   %nice %system %iowait  %steal   %idle
           3.54    0.00    2.78   18.96    0.00   74.72

Device            r/s     rkB/s   rrqm/s  %rrqm r_await rareq-sz     w/s     wkB/s   wrqm/s  %wrqm w_await wareq-sz     d/s     dkB/s   drqm/s  %drqm d_await dareq-sz     f/s f_await  aqu-sz  %util
sda              0.00      0.00     0.00   0.00    0.00     0.00   80.00    844.00    69.00  46.31   19.36    10.55    0.00      0.00     0.00   0.00    0.00     0.00   35.00   26.89    2.49  96.00


2026년 06월 29일 19시 06분 01초
avg-cpu:  %user   %nice %system %iowait  %steal   %idle
           7.37    0.00    3.18   13.72    0.00   75.73

Device            r/s     rkB/s   rrqm/s  %rrqm r_await rareq-sz     w/s     wkB/s   wrqm/s  %wrqm w_await wareq-sz     d/s     dkB/s   drqm/s  %drqm d_await dareq-sz     f/s f_await  aqu-sz  %util
sda              0.00      0.00     0.00   0.00    0.00     0.00   77.00    804.00    71.00  47.97   15.70    10.44    0.00      0.00     0.00   0.00    0.00     0.00   38.00   26.82    2.23 102.80


2026년 06월 29일 19시 06분 02초
avg-cpu:  %user   %nice %system %iowait  %steal   %idle
           5.18    0.00    4.17   14.65    0.00   76.01

Device            r/s     rkB/s   rrqm/s  %rrqm r_await rareq-sz     w/s     wkB/s   wrqm/s  %wrqm w_await wareq-sz     d/s     dkB/s   drqm/s  %drqm d_await dareq-sz     f/s f_await  aqu-sz  %util
sda              0.00      0.00     0.00   0.00    0.00     0.00   70.00    848.00    80.00  53.33   18.37    12.11    0.00      0.00     0.00   0.00    0.00     0.00   32.00   30.03    2.25  95.60


2026년 06월 29일 19시 06분 03초
avg-cpu:  %user   %nice %system %iowait  %steal   %idle
           5.21    0.00    2.67   24.52    0.00   67.60

Device            r/s     rkB/s   rrqm/s  %rrqm r_await rareq-sz     w/s     wkB/s   wrqm/s  %wrqm w_await wareq-sz     d/s     dkB/s   drqm/s  %drqm d_await dareq-sz     f/s f_await  aqu-sz  %util
sda              4.00     40.00     0.00   0.00  113.00    10.00  101.00   3376.00   673.00  86.95   47.17    33.43    0.00      0.00     0.00   0.00    0.00     0.00   26.00   38.19    6.21  85.60


2026년 06월 29일 19시 06분 04초
avg-cpu:  %user   %nice %system %iowait  %steal   %idle
           5.78    0.00    3.27   14.95    0.00   76.01

Device            r/s     rkB/s   rrqm/s  %rrqm r_await rareq-sz     w/s     wkB/s   wrqm/s  %wrqm w_await wareq-sz     d/s     dkB/s   drqm/s  %drqm d_await dareq-sz     f/s f_await  aqu-sz  %util
sda              2.00     12.00     1.00  33.33   46.50     6.00   69.00    740.00    70.00  50.36   17.77    10.72    0.00      0.00     0.00   0.00    0.00     0.00   34.00   28.09    2.27  96.80


2026년 06월 29일 19시 06분 05초
avg-cpu:  %user   %nice %system %iowait  %steal   %idle
           7.39    0.00    4.46   12.74    0.00   75.41

Device            r/s     rkB/s   rrqm/s  %rrqm r_await rareq-sz     w/s     wkB/s   wrqm/s  %wrqm w_await wareq-sz     d/s     dkB/s   drqm/s  %drqm d_await dareq-sz     f/s f_await  aqu-sz  %util
sda              0.00      0.00     0.00   0.00    0.00     0.00   77.00    944.00    98.00  56.00   15.90    12.26    0.00      0.00     0.00   0.00    0.00     0.00   39.00   25.18    2.21  96.80


2026년 06월 29일 19시 06분 06초
avg-cpu:  %user   %nice %system %iowait  %steal   %idle
           5.50    0.00    2.56   23.15    0.00   68.80

Device            r/s     rkB/s   rrqm/s  %rrqm r_await rareq-sz     w/s     wkB/s   wrqm/s  %wrqm w_await wareq-sz     d/s     dkB/s   drqm/s  %drqm d_await dareq-sz     f/s f_await  aqu-sz  %util
sda              0.00      0.00     0.00   0.00    0.00     0.00   86.00   1808.00    64.00  42.67   21.53    21.02    0.00      0.00     0.00   0.00    0.00     0.00   33.00   28.64    2.80  93.60


2026년 06월 29일 19시 06분 07초
avg-cpu:  %user   %nice %system %iowait  %steal   %idle
           2.14    0.00    1.64   21.01    0.00   75.22

Device            r/s     rkB/s   rrqm/s  %rrqm r_await rareq-sz     w/s     wkB/s   wrqm/s  %wrqm w_await wareq-sz     d/s     dkB/s   drqm/s  %drqm d_await dareq-sz     f/s f_await  aqu-sz  %util
sda              0.00      0.00     0.00   0.00    0.00     0.00   89.00   1468.00    44.00  33.08   21.06    16.49    0.00      0.00     0.00   0.00    0.00     0.00   39.00   25.90    2.88 102.00


2026년 06월 29일 19시 06분 08초
avg-cpu:  %user   %nice %system %iowait  %steal   %idle
           4.21    0.00    1.40   20.31    0.00   74.07

Device            r/s     rkB/s   rrqm/s  %rrqm r_await rareq-sz     w/s     wkB/s   wrqm/s  %wrqm w_await wareq-sz     d/s     dkB/s   drqm/s  %drqm d_await dareq-sz     f/s f_await  aqu-sz  %util
sda              0.00      0.00     0.00   0.00    0.00     0.00   90.00   1716.00    57.00  38.78   19.50    19.07    0.00      0.00     0.00   0.00    0.00     0.00   36.00   27.33    2.74  99.60


2026년 06월 29일 19시 06분 09초
avg-cpu:  %user   %nice %system %iowait  %steal   %idle
           4.29    0.00    2.78   17.30    0.00   75.63

Device            r/s     rkB/s   rrqm/s  %rrqm r_await rareq-sz     w/s     wkB/s   wrqm/s  %wrqm w_await wareq-sz     d/s     dkB/s   drqm/s  %drqm d_await dareq-sz     f/s f_await  aqu-sz  %util
sda              1.00     32.00     7.00  87.50   44.00    32.00   88.00   1228.00    65.00  42.48   18.17    13.95    0.00      0.00     0.00   0.00    0.00     0.00   36.00   26.89    2.61  96.80


2026년 06월 29일 19시 06분 10초
avg-cpu:  %user   %nice %system %iowait  %steal   %idle
           7.35    0.00    3.80   16.86    0.00   71.99

Device            r/s     rkB/s   rrqm/s  %rrqm r_await rareq-sz     w/s     wkB/s   wrqm/s  %wrqm w_await wareq-sz     d/s     dkB/s   drqm/s  %drqm d_await dareq-sz     f/s f_await  aqu-sz  %util
sda              0.00      0.00     0.00   0.00    0.00     0.00   70.00    872.00    80.00  53.33   20.99    12.46    0.00      0.00     0.00   0.00    0.00     0.00   32.00   29.59    2.42  97.60


2026년 06월 29일 19시 06분 11초
avg-cpu:  %user   %nice %system %iowait  %steal   %idle
           5.34    0.00    2.54   13.60    0.00   78.53

Device            r/s     rkB/s   rrqm/s  %rrqm r_await rareq-sz     w/s     wkB/s   wrqm/s  %wrqm w_await wareq-sz     d/s     dkB/s   drqm/s  %drqm d_await dareq-sz     f/s f_await  aqu-sz  %util
sda              0.00      0.00     0.00   0.00    0.00     0.00   65.00    772.00    66.00  50.38   18.49    11.88    0.00      0.00     0.00   0.00    0.00     0.00   32.00   31.22    2.20 102.00


2026년 06월 29일 19시 06분 12초
avg-cpu:  %user   %nice %system %iowait  %steal   %idle
           4.91    0.00    3.90   13.73    0.00   77.46

Device            r/s     rkB/s   rrqm/s  %rrqm r_await rareq-sz     w/s     wkB/s   wrqm/s  %wrqm w_await wareq-sz     d/s     dkB/s   drqm/s  %drqm d_await dareq-sz     f/s f_await  aqu-sz  %util
sda              0.00      0.00     0.00   0.00    0.00     0.00   78.00    840.00    74.00  48.68   15.40    10.77    0.00      0.00     0.00   0.00    0.00     0.00   38.00   25.39    2.17  99.60


2026년 06월 29일 19시 06분 13초
avg-cpu:  %user   %nice %system %iowait  %steal   %idle
           6.79    0.00    4.78   14.59    0.00   73.84

Device            r/s     rkB/s   rrqm/s  %rrqm r_await rareq-sz     w/s     wkB/s   wrqm/s  %wrqm w_await wareq-sz     d/s     dkB/s   drqm/s  %drqm d_await dareq-sz     f/s f_await  aqu-sz  %util
sda              0.00      0.00     0.00   0.00    0.00     0.00   57.00    736.00    67.00  54.03   21.51    12.91    0.00      0.00     0.00   0.00    0.00     0.00   30.00   31.20    2.16  90.00


2026년 06월 29일 19시 06분 14초
avg-cpu:  %user   %nice %system %iowait  %steal   %idle
           4.70    0.00    2.54   18.04    0.00   74.71

Device            r/s     rkB/s   rrqm/s  %rrqm r_await rareq-sz     w/s     wkB/s   wrqm/s  %wrqm w_await wareq-sz     d/s     dkB/s   drqm/s  %drqm d_await dareq-sz     f/s f_await  aqu-sz  %util
sda              0.00      0.00     0.00   0.00    0.00     0.00   85.00    892.00    68.00  44.44   19.21    10.49    0.00      0.00     0.00   0.00    0.00     0.00   38.00   26.11    2.63 103.60


2026년 06월 29일 19시 06분 15초
avg-cpu:  %user   %nice %system %iowait  %steal   %idle
           5.47    0.00    2.80   13.36    0.00   78.37

Device            r/s     rkB/s   rrqm/s  %rrqm r_await rareq-sz     w/s     wkB/s   wrqm/s  %wrqm w_await wareq-sz     d/s     dkB/s   drqm/s  %drqm d_await dareq-sz     f/s f_await  aqu-sz  %util
sda              0.00      0.00     0.00   0.00    0.00     0.00   77.00    760.00    66.00  46.15   15.78     9.87    0.00      0.00     0.00   0.00    0.00     0.00   38.00   26.11    2.21  94.40


2026년 06월 29일 19시 06분 16초
avg-cpu:  %user   %nice %system %iowait  %steal   %idle
           5.61    0.00    2.68   16.45    0.00   75.26

Device            r/s     rkB/s   rrqm/s  %rrqm r_await rareq-sz     w/s     wkB/s   wrqm/s  %wrqm w_await wareq-sz     d/s     dkB/s   drqm/s  %drqm d_await dareq-sz     f/s f_await  aqu-sz  %util
sda              0.00      0.00     0.00   0.00    0.00     0.00   74.00    800.00    64.00  46.38   18.62    10.81    0.00      0.00     0.00   0.00    0.00     0.00   37.00   25.54    2.32  95.20


2026년 06월 29일 19시 06분 17초
avg-cpu:  %user   %nice %system %iowait  %steal   %idle
           7.24    0.00    3.68   15.50    0.00   73.57

Device            r/s     rkB/s   rrqm/s  %rrqm r_await rareq-sz     w/s     wkB/s   wrqm/s  %wrqm w_await wareq-sz     d/s     dkB/s   drqm/s  %drqm d_await dareq-sz     f/s f_await  aqu-sz  %util
sda              0.00      0.00     0.00   0.00    0.00     0.00   79.00    852.00    77.00  49.36   16.58    10.78    0.00      0.00     0.00   0.00    0.00     0.00   40.00   24.90    2.31  96.00


2026년 06월 29일 19시 06분 18초
avg-cpu:  %user   %nice %system %iowait  %steal   %idle
           6.10    0.00    3.43   15.50    0.00   74.97

Device            r/s     rkB/s   rrqm/s  %rrqm r_await rareq-sz     w/s     wkB/s   wrqm/s  %wrqm w_await wareq-sz     d/s     dkB/s   drqm/s  %drqm d_await dareq-sz     f/s f_await  aqu-sz  %util
sda              0.00      0.00     0.00   0.00    0.00     0.00   75.00    824.00    64.00  46.04   18.57    10.99    0.00      0.00     0.00   0.00    0.00     0.00   37.00   26.22    2.36 103.20


2026년 06월 29일 19시 06분 19초
avg-cpu:  %user   %nice %system %iowait  %steal   %idle
           4.19    0.00    2.41   17.92    0.00   75.48

Device            r/s     rkB/s   rrqm/s  %rrqm r_await rareq-sz     w/s     wkB/s   wrqm/s  %wrqm w_await wareq-sz     d/s     dkB/s   drqm/s  %drqm d_await dareq-sz     f/s f_await  aqu-sz  %util
sda              0.00      0.00     0.00   0.00    0.00     0.00   71.00   1392.00    52.00  42.28   18.37    19.61    0.00      0.00     0.00   0.00    0.00     0.00   31.00   29.48    2.22  94.80


2026년 06월 29일 19시 06분 20초
avg-cpu:  %user   %nice %system %iowait  %steal   %idle
           4.80    0.00    2.15   19.70    0.00   73.36

Device            r/s     rkB/s   rrqm/s  %rrqm r_await rareq-sz     w/s     wkB/s   wrqm/s  %wrqm w_await wareq-sz     d/s     dkB/s   drqm/s  %drqm d_await dareq-sz     f/s f_await  aqu-sz  %util
sda              0.00      0.00     0.00   0.00    0.00     0.00   90.00   1828.00    47.00  34.31   20.22    20.31    0.00      0.00     0.00   0.00    0.00     0.00   38.00   26.37    2.82  95.60


2026년 06월 29일 19시 06분 21초
avg-cpu:  %user   %nice %system %iowait  %steal   %idle
           2.40    0.00    1.77   21.97    0.00   73.86

Device            r/s     rkB/s   rrqm/s  %rrqm r_await rareq-sz     w/s     wkB/s   wrqm/s  %wrqm w_await wareq-sz     d/s     dkB/s   drqm/s  %drqm d_await dareq-sz     f/s f_await  aqu-sz  %util
sda              0.00      0.00     0.00   0.00    0.00     0.00   92.00   1608.00    52.00  36.11   20.26    17.48    0.00      0.00     0.00   0.00    0.00     0.00   36.00   27.67    2.86  90.00


2026년 06월 29일 19시 06분 22초
avg-cpu:  %user   %nice %system %iowait  %steal   %idle
           3.05    0.00    1.65   20.36    0.00   74.94

Device            r/s     rkB/s   rrqm/s  %rrqm r_await rareq-sz     w/s     wkB/s   wrqm/s  %wrqm w_await wareq-sz     d/s     dkB/s   drqm/s  %drqm d_await dareq-sz     f/s f_await  aqu-sz  %util
sda              0.00      0.00     0.00   0.00    0.00     0.00   72.00   1376.00    49.00  40.50   28.43    19.11    0.00      0.00     0.00   0.00    0.00     0.00   28.00   35.89    3.05  97.20


2026년 06월 29일 19시 06분 23초
avg-cpu:  %user   %nice %system %iowait  %steal   %idle
           4.79    0.00    2.77   15.11    0.00   77.33

Device            r/s     rkB/s   rrqm/s  %rrqm r_await rareq-sz     w/s     wkB/s   wrqm/s  %wrqm w_await wareq-sz     d/s     dkB/s   drqm/s  %drqm d_await dareq-sz     f/s f_await  aqu-sz  %util
sda              0.00      0.00     0.00   0.00    0.00     0.00   81.00   1020.00    62.00  43.36   16.69    12.59    0.00      0.00     0.00   0.00    0.00     0.00   36.00   26.00    2.29 102.40


2026년 06월 29일 19시 06분 24초
avg-cpu:  %user   %nice %system %iowait  %steal   %idle
           5.56    0.00    3.67   14.79    0.00   75.98

Device            r/s     rkB/s   rrqm/s  %rrqm r_await rareq-sz     w/s     wkB/s   wrqm/s  %wrqm w_await wareq-sz     d/s     dkB/s   drqm/s  %drqm d_await dareq-sz     f/s f_await  aqu-sz  %util
sda              0.00      0.00     0.00   0.00    0.00     0.00   78.00    892.00    87.00  52.73   17.06    11.44    0.00      0.00     0.00   0.00    0.00     0.00   36.00   26.50    2.29  92.00


2026년 06월 29일 19시 06분 25초
avg-cpu:  %user   %nice %system %iowait  %steal   %idle
           7.88    0.00    4.07   13.60    0.00   74.46

Device            r/s     rkB/s   rrqm/s  %rrqm r_await rareq-sz     w/s     wkB/s   wrqm/s  %wrqm w_await wareq-sz     d/s     dkB/s   drqm/s  %drqm d_await dareq-sz     f/s f_await  aqu-sz  %util
sda              0.00      0.00     0.00   0.00    0.00     0.00   87.00    944.00    85.00  49.42   19.63    10.85    0.00      0.00     0.00   0.00    0.00     0.00   35.00   28.23    2.70 100.40


2026년 06월 29일 19시 06분 26초
avg-cpu:  %user   %nice %system %iowait  %steal   %idle
           4.31    0.00    2.79   16.37    0.00   76.52

Device            r/s     rkB/s   rrqm/s  %rrqm r_await rareq-sz     w/s     wkB/s   wrqm/s  %wrqm w_await wareq-sz     d/s     dkB/s   drqm/s  %drqm d_await dareq-sz     f/s f_await  aqu-sz  %util
sda              0.00      0.00     0.00   0.00    0.00     0.00   68.00    744.00    58.00  46.03   21.38    10.94    0.00      0.00     0.00   0.00    0.00     0.00   33.00   30.12    2.45  95.20


2026년 06월 29일 19시 06분 27초
avg-cpu:  %user   %nice %system %iowait  %steal   %idle
           6.98    0.00    4.06   14.09    0.00   74.87

Device            r/s     rkB/s   rrqm/s  %rrqm r_await rareq-sz     w/s     wkB/s   wrqm/s  %wrqm w_await wareq-sz     d/s     dkB/s   drqm/s  %drqm d_await dareq-sz     f/s f_await  aqu-sz  %util
sda              0.00      0.00     0.00   0.00    0.00     0.00   77.00    856.00    74.00  49.01   17.04    11.12    0.00      0.00     0.00   0.00    0.00     0.00   36.00   26.75    2.28 101.60


2026년 06월 29일 19시 06분 28초
avg-cpu:  %user   %nice %system %iowait  %steal   %idle
           5.30    0.00    3.53   13.37    0.00   77.81

Device            r/s     rkB/s   rrqm/s  %rrqm r_await rareq-sz     w/s     wkB/s   wrqm/s  %wrqm w_await wareq-sz     d/s     dkB/s   drqm/s  %drqm d_await dareq-sz     f/s f_await  aqu-sz  %util
sda              0.00      0.00     0.00   0.00    0.00     0.00   73.00    900.00    85.00  53.80   15.90    12.33    0.00      0.00     0.00   0.00    0.00     0.00   36.00   26.61    2.12  98.80


2026년 06월 29일 19시 06분 29초
avg-cpu:  %user   %nice %system %iowait  %steal   %idle
           3.82    0.00    2.29   17.18    0.00   76.72

Device            r/s     rkB/s   rrqm/s  %rrqm r_await rareq-sz     w/s     wkB/s   wrqm/s  %wrqm w_await wareq-sz     d/s     dkB/s   drqm/s  %drqm d_await dareq-sz     f/s f_await  aqu-sz  %util
sda              1.00     32.00     7.00  87.50   50.00    32.00   64.00    736.00    46.00  41.82   23.44    11.50    0.00      0.00     0.00   0.00    0.00     0.00   26.00   38.73    2.56 102.00


2026년 06월 29일 19시 06분 30초
avg-cpu:  %user   %nice %system %iowait  %steal   %idle
           4.78    0.00    4.03   15.97    0.00   75.22

Device            r/s     rkB/s   rrqm/s  %rrqm r_await rareq-sz     w/s     wkB/s   wrqm/s  %wrqm w_await wareq-sz     d/s     dkB/s   drqm/s  %drqm d_await dareq-sz     f/s f_await  aqu-sz  %util
sda              0.00      0.00     0.00   0.00    0.00     0.00   76.00    732.00    58.00  43.28   17.95     9.63    0.00      0.00     0.00   0.00    0.00     0.00   37.00   26.08    2.33  96.00


2026년 06월 29일 19시 06분 31초
avg-cpu:  %user   %nice %system %iowait  %steal   %idle
           5.45    0.00    3.17   13.81    0.00   77.57

Device            r/s     rkB/s   rrqm/s  %rrqm r_await rareq-sz     w/s     wkB/s   wrqm/s  %wrqm w_await wareq-sz     d/s     dkB/s   drqm/s  %drqm d_await dareq-sz     f/s f_await  aqu-sz  %util
sda              0.00      0.00     0.00   0.00    0.00     0.00   75.00    796.00    64.00  46.04   16.79    10.61    0.00      0.00     0.00   0.00    0.00     0.00   36.00   27.28    2.24  99.20


2026년 06월 29일 19시 06분 32초
avg-cpu:  %user   %nice %system %iowait  %steal   %idle
           6.89    0.00    3.32   13.78    0.00   76.02

Device            r/s     rkB/s   rrqm/s  %rrqm r_await rareq-sz     w/s     wkB/s   wrqm/s  %wrqm w_await wareq-sz     d/s     dkB/s   drqm/s  %drqm d_await dareq-sz     f/s f_await  aqu-sz  %util
sda              0.00      0.00     0.00   0.00    0.00     0.00   71.00    880.00    84.00  54.19   16.69    12.39    0.00      0.00     0.00   0.00    0.00     0.00   34.00   27.94    2.13  92.80


2026년 06월 29일 19시 06분 33초
avg-cpu:  %user   %nice %system %iowait  %steal   %idle
           6.68    0.00    4.29   14.88    0.00   74.15

Device            r/s     rkB/s   rrqm/s  %rrqm r_await rareq-sz     w/s     wkB/s   wrqm/s  %wrqm w_await wareq-sz     d/s     dkB/s   drqm/s  %drqm d_await dareq-sz     f/s f_await  aqu-sz  %util
sda              0.00      0.00     0.00   0.00    0.00     0.00   75.00    872.00    80.00  51.61   17.81    11.63    0.00      0.00     0.00   0.00    0.00     0.00   38.00   26.13    2.33  95.60


2026년 06월 29일 19시 06분 34초
avg-cpu:  %user   %nice %system %iowait  %steal   %idle
           4.03    0.00    3.90   13.08    0.00   78.99

Device            r/s     rkB/s   rrqm/s  %rrqm r_await rareq-sz     w/s     wkB/s   wrqm/s  %wrqm w_await wareq-sz     d/s     dkB/s   drqm/s  %drqm d_await dareq-sz     f/s f_await  aqu-sz  %util
sda              0.00      0.00     0.00   0.00    0.00     0.00   82.00    848.00    63.00  43.45   24.28    10.34    0.00      0.00     0.00   0.00    0.00     0.00   23.00   34.96    2.79  76.40


2026년 06월 29일 19시 06분 35초
avg-cpu:  %user   %nice %system %iowait  %steal   %idle
           6.51    0.00    3.95   13.65    0.00   75.89

Device            r/s     rkB/s   rrqm/s  %rrqm r_await rareq-sz     w/s     wkB/s   wrqm/s  %wrqm w_await wareq-sz     d/s     dkB/s   drqm/s  %drqm d_await dareq-sz     f/s f_await  aqu-sz  %util
sda              0.00      0.00     0.00   0.00    0.00     0.00   80.00    884.00    96.00  54.55   18.46    11.05    0.00      0.00     0.00   0.00    0.00     0.00   39.00   29.41    2.62 114.00


2026년 06월 29일 19시 06분 36초
avg-cpu:  %user   %nice %system %iowait  %steal   %idle
           6.74    0.00    2.16   13.74    0.00   77.35

Device            r/s     rkB/s   rrqm/s  %rrqm r_await rareq-sz     w/s     wkB/s   wrqm/s  %wrqm w_await wareq-sz     d/s     dkB/s   drqm/s  %drqm d_await dareq-sz     f/s f_await  aqu-sz  %util
sda              0.00      0.00     0.00   0.00    0.00     0.00   69.00    800.00    65.00  48.51   16.96    11.59    0.00      0.00     0.00   0.00    0.00     0.00   31.00   30.74    2.12  88.80


2026년 06월 29일 19시 06분 37초
avg-cpu:  %user   %nice %system %iowait  %steal   %idle
           6.79    0.00    3.02   14.72    0.00   75.47

Device            r/s     rkB/s   rrqm/s  %rrqm r_await rareq-sz     w/s     wkB/s   wrqm/s  %wrqm w_await wareq-sz     d/s     dkB/s   drqm/s  %drqm d_await dareq-sz     f/s f_await  aqu-sz  %util
sda              0.00      0.00     0.00   0.00    0.00     0.00   79.00    828.00    65.00  45.14   18.30    10.48    0.00      0.00     0.00   0.00    0.00     0.00   40.00   24.68    2.43  95.20


2026년 06월 29일 19시 06분 38초
avg-cpu:  %user   %nice %system %iowait  %steal   %idle
           6.27    0.00    4.89   15.06    0.00   73.78

Device            r/s     rkB/s   rrqm/s  %rrqm r_await rareq-sz     w/s     wkB/s   wrqm/s  %wrqm w_await wareq-sz     d/s     dkB/s   drqm/s  %drqm d_await dareq-sz     f/s f_await  aqu-sz  %util
sda              0.00      0.00     0.00   0.00    0.00     0.00   77.00    872.00    67.00  46.53   17.87    11.32    0.00      0.00     0.00   0.00    0.00     0.00   35.00   27.57    2.34  98.40


2026년 06월 29일 19시 06분 39초
avg-cpu:  %user   %nice %system %iowait  %steal   %idle
           4.06    0.00    2.28   15.72    0.00   77.95

Device            r/s     rkB/s   rrqm/s  %rrqm r_await rareq-sz     w/s     wkB/s   wrqm/s  %wrqm w_await wareq-sz     d/s     dkB/s   drqm/s  %drqm d_await dareq-sz     f/s f_await  aqu-sz  %util
sda              0.00      0.00     0.00   0.00    0.00     0.00   68.00    768.00    71.00  51.08   22.16    11.29    0.00      0.00     0.00   0.00    0.00     0.00   31.00   31.84    2.49  99.60


2026년 06월 29일 19시 06분 40초
avg-cpu:  %user   %nice %system %iowait  %steal   %idle
           5.82    0.00    3.16   14.29    0.00   76.74

Device            r/s     rkB/s   rrqm/s  %rrqm r_await rareq-sz     w/s     wkB/s   wrqm/s  %wrqm w_await wareq-sz     d/s     dkB/s   drqm/s  %drqm d_await dareq-sz     f/s f_await  aqu-sz  %util
sda              0.00      0.00     0.00   0.00    0.00     0.00   82.00    852.00    71.00  46.41   19.52    10.39    0.00      0.00     0.00   0.00    0.00     0.00   35.00   26.89    2.54  96.80


2026년 06월 29일 19시 06분 41초
avg-cpu:  %user   %nice %system %iowait  %steal   %idle
           5.32    0.00    2.28   17.59    0.00   74.81

Device            r/s     rkB/s   rrqm/s  %rrqm r_await rareq-sz     w/s     wkB/s   wrqm/s  %wrqm w_await wareq-sz     d/s     dkB/s   drqm/s  %drqm d_await dareq-sz     f/s f_await  aqu-sz  %util
sda              5.00     28.00     0.00   0.00   34.80     5.60   67.00    708.00    58.00  46.40   29.03    10.57    0.00      0.00     0.00   0.00    0.00     0.00   26.00   37.50    3.09  88.80


2026년 06월 29일 19시 06분 42초
avg-cpu:  %user   %nice %system %iowait  %steal   %idle
           8.83    0.00    3.20   13.32    0.00   74.65

Device            r/s     rkB/s   rrqm/s  %rrqm r_await rareq-sz     w/s     wkB/s   wrqm/s  %wrqm w_await wareq-sz     d/s     dkB/s   drqm/s  %drqm d_await dareq-sz     f/s f_await  aqu-sz  %util
sda              0.00      0.00     0.00   0.00    0.00     0.00   84.00    960.00    88.00  51.16   13.80    11.43    0.00      0.00     0.00   0.00    0.00     0.00   41.00   23.37    2.12  98.80


2026년 06월 29일 19시 06분 43초
avg-cpu:  %user   %nice %system %iowait  %steal   %idle
           7.19    0.00    4.41   15.13    0.00   73.27

Device            r/s     rkB/s   rrqm/s  %rrqm r_await rareq-sz     w/s     wkB/s   wrqm/s  %wrqm w_await wareq-sz     d/s     dkB/s   drqm/s  %drqm d_await dareq-sz     f/s f_await  aqu-sz  %util
sda              0.00      0.00     0.00   0.00    0.00     0.00   67.00    864.00    73.00  52.14   18.82    12.90    0.00      0.00     0.00   0.00    0.00     0.00   32.00   30.53    2.24 100.40


2026년 06월 29일 19시 06분 44초
avg-cpu:  %user   %nice %system %iowait  %steal   %idle
           5.67    0.00    3.40   14.38    0.00   76.54

Device            r/s     rkB/s   rrqm/s  %rrqm r_await rareq-sz     w/s     wkB/s   wrqm/s  %wrqm w_await wareq-sz     d/s     dkB/s   drqm/s  %drqm d_await dareq-sz     f/s f_await  aqu-sz  %util
sda              2.00     24.00     4.00  66.67  106.00    12.00   76.00    808.00    67.00  46.85   15.21    10.63    0.00      0.00     0.00   0.00    0.00     0.00   38.00   25.53    2.34  95.20


2026년 06월 29일 19시 06분 45초
avg-cpu:  %user   %nice %system %iowait  %steal   %idle
           4.93    0.00    3.03   18.71    0.00   73.32

Device            r/s     rkB/s   rrqm/s  %rrqm r_await rareq-sz     w/s     wkB/s   wrqm/s  %wrqm w_await wareq-sz     d/s     dkB/s   drqm/s  %drqm d_await dareq-sz     f/s f_await  aqu-sz  %util
sda              1.00      4.00     0.00   0.00   44.00     4.00   72.00   4840.00    60.00  45.45   29.65    67.22    0.00      0.00     0.00   0.00    0.00     0.00   27.00   35.63    3.14  95.60


2026년 06월 29일 19시 06분 46초
avg-cpu:  %user   %nice %system %iowait  %steal   %idle
           5.09    0.00    3.05   14.89    0.00   76.97

Device            r/s     rkB/s   rrqm/s  %rrqm r_await rareq-sz     w/s     wkB/s   wrqm/s  %wrqm w_await wareq-sz     d/s     dkB/s   drqm/s  %drqm d_await dareq-sz     f/s f_await  aqu-sz  %util
sda              0.00      0.00     0.00   0.00    0.00     0.00   76.00    832.00    78.00  50.65   17.62    10.95    0.00      0.00     0.00   0.00    0.00     0.00   39.00   25.41    2.33  98.00


2026년 06월 29일 19시 06분 47초
avg-cpu:  %user   %nice %system %iowait  %steal   %idle
           6.21    0.00    3.55   15.59    0.00   74.65

Device            r/s     rkB/s   rrqm/s  %rrqm r_await rareq-sz     w/s     wkB/s   wrqm/s  %wrqm w_await wareq-sz     d/s     dkB/s   drqm/s  %drqm d_await dareq-sz     f/s f_await  aqu-sz  %util
sda              0.00      0.00     0.00   0.00    0.00     0.00   74.00    876.00    84.00  53.16   17.77    11.84    0.00      0.00     0.00   0.00    0.00     0.00   37.00   26.05    2.28  98.00


2026년 06월 29일 19시 06분 48초
avg-cpu:  %user   %nice %system %iowait  %steal   %idle
           4.96    0.00    2.93   15.90    0.00   76.21

Device            r/s     rkB/s   rrqm/s  %rrqm r_await rareq-sz     w/s     wkB/s   wrqm/s  %wrqm w_await wareq-sz     d/s     dkB/s   drqm/s  %drqm d_await dareq-sz     f/s f_await  aqu-sz  %util
sda              0.00      0.00     0.00   0.00    0.00     0.00   71.00    852.00    82.00  53.59   19.76    12.00    0.00      0.00     0.00   0.00    0.00     0.00   33.00   29.48    2.38 102.00


2026년 06월 29일 19시 06분 49초
avg-cpu:  %user   %nice %system %iowait  %steal   %idle
           6.25    0.00    3.57   16.20    0.00   73.98

Device            r/s     rkB/s   rrqm/s  %rrqm r_await rareq-sz     w/s     wkB/s   wrqm/s  %wrqm w_await wareq-sz     d/s     dkB/s   drqm/s  %drqm d_await dareq-sz     f/s f_await  aqu-sz  %util
sda              0.00      0.00     0.00   0.00    0.00     0.00   79.00    864.00    71.00  47.33   17.29    10.94    0.00      0.00     0.00   0.00    0.00     0.00   39.00   24.38    2.32  95.60


2026년 06월 29일 19시 06분 50초
avg-cpu:  %user   %nice %system %iowait  %steal   %idle
           4.45    0.00    2.67   16.92    0.00   75.95

Device            r/s     rkB/s   rrqm/s  %rrqm r_await rareq-sz     w/s     wkB/s   wrqm/s  %wrqm w_await wareq-sz     d/s     dkB/s   drqm/s  %drqm d_await dareq-sz     f/s f_await  aqu-sz  %util
sda              0.00      0.00     0.00   0.00    0.00     0.00   73.00    756.00    66.00  47.48   18.47    10.36    0.00      0.00     0.00   0.00    0.00     0.00   35.00   28.20    2.33 102.00


2026년 06월 29일 19시 06분 51초
avg-cpu:  %user   %nice %system %iowait  %steal   %idle
           6.08    0.00    3.55   14.96    0.00   75.41

Device            r/s     rkB/s   rrqm/s  %rrqm r_await rareq-sz     w/s     wkB/s   wrqm/s  %wrqm w_await wareq-sz     d/s     dkB/s   drqm/s  %drqm d_await dareq-sz     f/s f_await  aqu-sz  %util
sda              0.00      0.00     0.00   0.00    0.00     0.00   83.00    868.00    71.00  46.10   14.83    10.46    0.00      0.00     0.00   0.00    0.00     0.00   40.00   23.68    2.18  89.60


2026년 06월 29일 19시 06분 52초
avg-cpu:  %user   %nice %system %iowait  %steal   %idle
           5.72    0.00    2.41   15.63    0.00   76.24

Device            r/s     rkB/s   rrqm/s  %rrqm r_await rareq-sz     w/s     wkB/s   wrqm/s  %wrqm w_await wareq-sz     d/s     dkB/s   drqm/s  %drqm d_await dareq-sz     f/s f_await  aqu-sz  %util
sda              0.00      0.00     0.00   0.00    0.00     0.00   70.00    796.00    72.00  50.70   20.49    11.37    0.00      0.00     0.00   0.00    0.00     0.00   33.00   30.09    2.43 101.20


2026년 06월 29일 19시 06분 53초
avg-cpu:  %user   %nice %system %iowait  %steal   %idle
           7.02    0.00    4.21   12.76    0.00   76.02

Device            r/s     rkB/s   rrqm/s  %rrqm r_await rareq-sz     w/s     wkB/s   wrqm/s  %wrqm w_await wareq-sz     d/s     dkB/s   drqm/s  %drqm d_await dareq-sz     f/s f_await  aqu-sz  %util
sda              0.00      0.00     0.00   0.00    0.00     0.00   79.00    968.00   101.00  56.11   14.20    12.25    0.00      0.00     0.00   0.00    0.00     0.00   38.00   25.45    2.09  97.60


2026년 06월 29일 19시 06분 54초
avg-cpu:  %user   %nice %system %iowait  %steal   %idle
           6.33    0.00    4.05   14.94    0.00   74.68

Device            r/s     rkB/s   rrqm/s  %rrqm r_await rareq-sz     w/s     wkB/s   wrqm/s  %wrqm w_await wareq-sz     d/s     dkB/s   drqm/s  %drqm d_await dareq-sz     f/s f_await  aqu-sz  %util
sda              0.00      0.00     0.00   0.00    0.00     0.00   72.00    888.00    93.00  56.36   19.17    12.33    0.00      0.00     0.00   0.00    0.00     0.00   33.00   29.06    2.34  94.80


2026년 06월 29일 19시 06분 55초
avg-cpu:  %user   %nice %system %iowait  %steal   %idle
           6.24    0.00    4.33   13.12    0.00   76.31

Device            r/s     rkB/s   rrqm/s  %rrqm r_await rareq-sz     w/s     wkB/s   wrqm/s  %wrqm w_await wareq-sz     d/s     dkB/s   drqm/s  %drqm d_await dareq-sz     f/s f_await  aqu-sz  %util
sda              1.00     12.00     2.00  66.67   52.00    12.00   77.00   1104.00   132.00  63.16   16.27    14.34    0.00      0.00     0.00   0.00    0.00     0.00   34.00   29.26    2.30  95.60


2026년 06월 29일 19시 06분 56초
avg-cpu:  %user   %nice %system %iowait  %steal   %idle
           5.83    0.00    2.28   16.73    0.00   75.16

Device            r/s     rkB/s   rrqm/s  %rrqm r_await rareq-sz     w/s     wkB/s   wrqm/s  %wrqm w_await wareq-sz     d/s     dkB/s   drqm/s  %drqm d_await dareq-sz     f/s f_await  aqu-sz  %util
sda              0.00      0.00     0.00   0.00    0.00     0.00   68.00    856.00    86.00  55.84   20.44    12.59    0.00      0.00     0.00   0.00    0.00     0.00   34.00   28.79    2.37  95.60


2026년 06월 29일 19시 06분 57초
avg-cpu:  %user   %nice %system %iowait  %steal   %idle
           6.48    0.00    3.94   13.98    0.00   75.60

Device            r/s     rkB/s   rrqm/s  %rrqm r_await rareq-sz     w/s     wkB/s   wrqm/s  %wrqm w_await wareq-sz     d/s     dkB/s   drqm/s  %drqm d_await dareq-sz     f/s f_await  aqu-sz  %util
sda              0.00      0.00     0.00   0.00    0.00     0.00   81.00    952.00   101.00  55.49   15.68    11.75    0.00      0.00     0.00   0.00    0.00     0.00   38.00   25.08    2.22  98.40


2026년 06월 29일 19시 06분 58초
avg-cpu:  %user   %nice %system %iowait  %steal   %idle
           5.49    0.00    2.94   13.67    0.00   77.91

Device            r/s     rkB/s   rrqm/s  %rrqm r_await rareq-sz     w/s     wkB/s   wrqm/s  %wrqm w_await wareq-sz     d/s     dkB/s   drqm/s  %drqm d_await dareq-sz     f/s f_await  aqu-sz  %util
sda              0.00      0.00     0.00   0.00    0.00     0.00   84.00    996.00    91.00  52.00   14.14    11.86    0.00      0.00     0.00   0.00    0.00     0.00   41.00   23.93    2.17  96.40


2026년 06월 29일 19시 06분 59초
avg-cpu:  %user   %nice %system %iowait  %steal   %idle
           6.72    0.00    3.17   12.93    0.00   77.19

Device            r/s     rkB/s   rrqm/s  %rrqm r_await rareq-sz     w/s     wkB/s   wrqm/s  %wrqm w_await wareq-sz     d/s     dkB/s   drqm/s  %drqm d_await dareq-sz     f/s f_await  aqu-sz  %util
sda              0.00      0.00     3.00 100.00    0.00     0.00   80.00    916.00    97.00  54.80   14.75    11.45    0.00      0.00     0.00   0.00    0.00     0.00   39.00   24.72    2.14  96.00


2026년 06월 29일 19시 07분 00초
avg-cpu:  %user   %nice %system %iowait  %steal   %idle
           7.74    0.00    3.17   17.01    0.00   72.08

Device            r/s     rkB/s   rrqm/s  %rrqm r_await rareq-sz     w/s     wkB/s   wrqm/s  %wrqm w_await wareq-sz     d/s     dkB/s   drqm/s  %drqm d_await dareq-sz     f/s f_await  aqu-sz  %util
sda              4.00     32.00     1.00  20.00   57.75     8.00   74.00    888.00    88.00  54.32   17.16    12.00    0.00      0.00     0.00   0.00    0.00     0.00   37.00   26.11    2.47  94.40


2026년 06월 29일 19시 07분 01초
avg-cpu:  %user   %nice %system %iowait  %steal   %idle
           3.81    0.00    3.17   19.16    0.00   73.86

Device            r/s     rkB/s   rrqm/s  %rrqm r_await rareq-sz     w/s     wkB/s   wrqm/s  %wrqm w_await wareq-sz     d/s     dkB/s   drqm/s  %drqm d_await dareq-sz     f/s f_await  aqu-sz  %util
sda              0.00      0.00     0.00   0.00    0.00     0.00   94.00   2140.00    76.00  44.71   15.97    22.77    0.00      0.00     0.00   0.00    0.00     0.00   38.00   25.79    2.48  97.20


2026년 06월 29일 19시 07분 02초
avg-cpu:  %user   %nice %system %iowait  %steal   %idle
           2.39    0.00    1.51   20.65    0.00   75.44

Device            r/s     rkB/s   rrqm/s  %rrqm r_await rareq-sz     w/s     wkB/s   wrqm/s  %wrqm w_await wareq-sz     d/s     dkB/s   drqm/s  %drqm d_await dareq-sz     f/s f_await  aqu-sz  %util
sda              0.00      0.00     0.00   0.00    0.00     0.00   92.00   1904.00    52.00  36.11   18.57    20.70    0.00      0.00     0.00   0.00    0.00     0.00   38.00   25.92    2.69  99.60


2026년 06월 29일 19시 07분 03초
avg-cpu:  %user   %nice %system %iowait  %steal   %idle
           4.53    0.00    2.77   23.40    0.00   69.31

Device            r/s     rkB/s   rrqm/s  %rrqm r_await rareq-sz     w/s     wkB/s   wrqm/s  %wrqm w_await wareq-sz     d/s     dkB/s   drqm/s  %drqm d_await dareq-sz     f/s f_await  aqu-sz  %util
sda              1.00     16.00     3.00  75.00   43.00    16.00   94.00   1788.00    61.00  39.35   20.01    19.02    0.00      0.00     0.00   0.00    0.00     0.00   35.00   26.91    2.87  96.00


2026년 06월 29일 19시 07분 04초
avg-cpu:  %user   %nice %system %iowait  %steal   %idle
           4.57    0.00    1.91   18.30    0.00   75.22

Device            r/s     rkB/s   rrqm/s  %rrqm r_await rareq-sz     w/s     wkB/s   wrqm/s  %wrqm w_await wareq-sz     d/s     dkB/s   drqm/s  %drqm d_await dareq-sz     f/s f_await  aqu-sz  %util
sda              0.00      0.00     0.00   0.00    0.00     0.00   83.00   1548.00    76.00  47.80   19.10    18.65    0.00      0.00     0.00   0.00    0.00     0.00   41.00   23.78    2.56  94.80


2026년 06월 29일 19시 07분 05초
avg-cpu:  %user   %nice %system %iowait  %steal   %idle
           3.54    0.00    2.65   12.77    0.00   81.04

Device            r/s     rkB/s   rrqm/s  %rrqm r_await rareq-sz     w/s     wkB/s   wrqm/s  %wrqm w_await wareq-sz     d/s     dkB/s   drqm/s  %drqm d_await dareq-sz     f/s f_await  aqu-sz  %util
sda              0.00      0.00     0.00   0.00    0.00     0.00   82.00   1520.00    70.00  46.05   18.91    18.54    0.00      0.00     0.00   0.00    0.00     0.00   25.00   32.56    2.37  76.40


2026년 06월 29일 19시 07분 06초
avg-cpu:  %user   %nice %system %iowait  %steal   %idle
           4.57    0.00    3.68   14.85    0.00   76.90

Device            r/s     rkB/s   rrqm/s  %rrqm r_await rareq-sz     w/s     wkB/s   wrqm/s  %wrqm w_await wareq-sz     d/s     dkB/s   drqm/s  %drqm d_await dareq-sz     f/s f_await  aqu-sz  %util
sda              0.00      0.00     0.00   0.00    0.00     0.00   86.00    936.00    77.00  47.24   17.26    10.88    0.00      0.00     0.00   0.00    0.00     0.00   39.00   28.49    2.60 114.00


2026년 06월 29일 19시 07분 07초
avg-cpu:  %user   %nice %system %iowait  %steal   %idle
           6.98    0.00    3.81   14.21    0.00   75.00

Device            r/s     rkB/s   rrqm/s  %rrqm r_await rareq-sz     w/s     wkB/s   wrqm/s  %wrqm w_await wareq-sz     d/s     dkB/s   drqm/s  %drqm d_await dareq-sz     f/s f_await  aqu-sz  %util
sda              0.00      0.00     0.00   0.00    0.00     0.00   86.00    980.00    79.00  47.88   15.24    11.40    0.00      0.00     0.00   0.00    0.00     0.00   39.00   26.03    2.33 104.40


2026년 06월 29일 19시 07분 08초
avg-cpu:  %user   %nice %system %iowait  %steal   %idle
           6.21    0.00    3.55   13.18    0.00   77.06

Device            r/s     rkB/s   rrqm/s  %rrqm r_await rareq-sz     w/s     wkB/s   wrqm/s  %wrqm w_await wareq-sz     d/s     dkB/s   drqm/s  %drqm d_await dareq-sz     f/s f_await  aqu-sz  %util
sda              0.00      0.00     0.00   0.00    0.00     0.00   73.00    884.00    84.00  53.50   15.97    12.11    0.00      0.00     0.00   0.00    0.00     0.00   40.00   24.73    2.16  97.60


2026년 06월 29일 19시 07분 09초
avg-cpu:  %user   %nice %system %iowait  %steal   %idle
           6.68    0.00    4.79   13.85    0.00   74.69

Device            r/s     rkB/s   rrqm/s  %rrqm r_await rareq-sz     w/s     wkB/s   wrqm/s  %wrqm w_await wareq-sz     d/s     dkB/s   drqm/s  %drqm d_await dareq-sz     f/s f_await  aqu-sz  %util
sda              0.00      0.00     0.00   0.00    0.00     0.00   77.00    864.00    74.00  49.01   16.44    11.22    0.00      0.00     0.00   0.00    0.00     0.00   38.00   24.71    2.20  98.40


2026년 06월 29일 19시 07분 10초
avg-cpu:  %user   %nice %system %iowait  %steal   %idle
           6.47    0.00    4.19   16.88    0.00   72.46

Device            r/s     rkB/s   rrqm/s  %rrqm r_await rareq-sz     w/s     wkB/s   wrqm/s  %wrqm w_await wareq-sz     d/s     dkB/s   drqm/s  %drqm d_await dareq-sz     f/s f_await  aqu-sz  %util
sda              0.00      0.00     0.00   0.00    0.00     0.00   83.00   1016.00   101.00  54.89   17.73    12.24    0.00      0.00     0.00   0.00    0.00     0.00   40.00   24.05    2.43  99.60


2026년 06월 29일 19시 07분 11초
avg-cpu:  %user   %nice %system %iowait  %steal   %idle
           5.79    0.00    4.15   13.46    0.00   76.60

Device            r/s     rkB/s   rrqm/s  %rrqm r_await rareq-sz     w/s     wkB/s   wrqm/s  %wrqm w_await wareq-sz     d/s     dkB/s   drqm/s  %drqm d_await dareq-sz     f/s f_await  aqu-sz  %util
sda              0.00      0.00     0.00   0.00    0.00     0.00   71.00    816.00    77.00  52.03   15.85    11.49    0.00      0.00     0.00   0.00    0.00     0.00   37.00   24.43    2.03  90.40


2026년 06월 29일 19시 07분 12초
avg-cpu:  %user   %nice %system %iowait  %steal   %idle
           6.72    0.00    3.68   13.69    0.00   75.92

Device            r/s     rkB/s   rrqm/s  %rrqm r_await rareq-sz     w/s     wkB/s   wrqm/s  %wrqm w_await wareq-sz     d/s     dkB/s   drqm/s  %drqm d_await dareq-sz     f/s f_await  aqu-sz  %util
sda              0.00      0.00     0.00   0.00    0.00     0.00   79.00    900.00    80.00  50.31   17.19    11.39    0.00      0.00     0.00   0.00    0.00     0.00   38.00   27.68    2.41 105.20


2026년 06월 29일 19시 07분 13초
avg-cpu:  %user   %nice %system %iowait  %steal   %idle
           5.72    0.00    3.81   16.14    0.00   74.33

Device            r/s     rkB/s   rrqm/s  %rrqm r_await rareq-sz     w/s     wkB/s   wrqm/s  %wrqm w_await wareq-sz     d/s     dkB/s   drqm/s  %drqm d_await dareq-sz     f/s f_await  aqu-sz  %util
sda              0.00      0.00     0.00   0.00    0.00     0.00   82.00    844.00    73.00  47.10   16.77    10.29    0.00      0.00     0.00   0.00    0.00     0.00   35.00   26.11    2.29  92.80


2026년 06월 29일 19시 07분 14초
avg-cpu:  %user   %nice %system %iowait  %steal   %idle
           7.85    0.00    3.92   14.81    0.00   73.42

Device            r/s     rkB/s   rrqm/s  %rrqm r_await rareq-sz     w/s     wkB/s   wrqm/s  %wrqm w_await wareq-sz     d/s     dkB/s   drqm/s  %drqm d_await dareq-sz     f/s f_await  aqu-sz  %util
sda              1.00     20.00     4.00  80.00   94.00    20.00   77.00    956.00    83.00  51.88   16.34    12.42    0.00      0.00     0.00   0.00    0.00     0.00   37.00   27.08    2.35  99.20


2026년 06월 29일 19시 07분 15초
avg-cpu:  %user   %nice %system %iowait  %steal   %idle
           5.98    0.00    3.56   12.72    0.00   77.74

Device            r/s     rkB/s   rrqm/s  %rrqm r_await rareq-sz     w/s     wkB/s   wrqm/s  %wrqm w_await wareq-sz     d/s     dkB/s   drqm/s  %drqm d_await dareq-sz     f/s f_await  aqu-sz  %util
sda              0.00      0.00     0.00   0.00    0.00     0.00   74.00    840.00    77.00  50.99   15.24    11.35    0.00      0.00     0.00   0.00    0.00     0.00   39.00   24.72    2.09  98.40


2026년 06월 29일 19시 07분 16초
avg-cpu:  %user   %nice %system %iowait  %steal   %idle
           7.33    0.00    3.54   15.30    0.00   73.83

Device            r/s     rkB/s   rrqm/s  %rrqm r_await rareq-sz     w/s     wkB/s   wrqm/s  %wrqm w_await wareq-sz     d/s     dkB/s   drqm/s  %drqm d_await dareq-sz     f/s f_await  aqu-sz  %util
sda              0.00      0.00     0.00   0.00    0.00     0.00   76.00    960.00    89.00  53.94   15.05    12.63    0.00      0.00     0.00   0.00    0.00     0.00   36.00   25.28    2.05  84.00


2026년 06월 29일 19시 07분 17초
avg-cpu:  %user   %nice %system %iowait  %steal   %idle
           5.52    0.00    3.76   15.81    0.00   74.91

Device            r/s     rkB/s   rrqm/s  %rrqm r_await rareq-sz     w/s     wkB/s   wrqm/s  %wrqm w_await wareq-sz     d/s     dkB/s   drqm/s  %drqm d_await dareq-sz     f/s f_await  aqu-sz  %util
sda              0.00      0.00     0.00   0.00    0.00     0.00   61.00    696.00    68.00  52.71   27.13    11.41    0.00      0.00     0.00   0.00    0.00     0.00   31.00   33.87    2.70 105.20


2026년 06월 29일 19시 07분 18초
avg-cpu:  %user   %nice %system %iowait  %steal   %idle
           5.08    0.00    3.43   15.10    0.00   76.40

Device            r/s     rkB/s   rrqm/s  %rrqm r_await rareq-sz     w/s     wkB/s   wrqm/s  %wrqm w_await wareq-sz     d/s     dkB/s   drqm/s  %drqm d_await dareq-sz     f/s f_await  aqu-sz  %util
sda              0.00      0.00     0.00   0.00    0.00     0.00   82.00    916.00    68.00  45.33   15.16    11.17    0.00      0.00     0.00   0.00    0.00     0.00   37.00   26.14    2.21  91.60


2026년 06월 29일 19시 07분 19초
avg-cpu:  %user   %nice %system %iowait  %steal   %idle
           5.56    0.00    4.04   14.14    0.00   76.26

Device            r/s     rkB/s   rrqm/s  %rrqm r_await rareq-sz     w/s     wkB/s   wrqm/s  %wrqm w_await wareq-sz     d/s     dkB/s   drqm/s  %drqm d_await dareq-sz     f/s f_await  aqu-sz  %util
sda              0.00      0.00     0.00   0.00    0.00     0.00   70.00    724.00    62.00  46.97   17.91    10.34    0.00      0.00     0.00   0.00    0.00     0.00   37.00   25.78    2.21 103.20


2026년 06월 29일 19시 07분 20초
avg-cpu:  %user   %nice %system %iowait  %steal   %idle
           6.48    0.00    3.56   14.49    0.00   75.48

Device            r/s     rkB/s   rrqm/s  %rrqm r_await rareq-sz     w/s     wkB/s   wrqm/s  %wrqm w_await wareq-sz     d/s     dkB/s   drqm/s  %drqm d_await dareq-sz     f/s f_await  aqu-sz  %util
sda              0.00      0.00     0.00   0.00    0.00     0.00   93.00   1040.00    81.00  46.55   13.77    11.18    0.00      0.00     0.00   0.00    0.00     0.00   42.00   22.52    2.23  97.60


2026년 06월 29일 19시 07분 21초
avg-cpu:  %user   %nice %system %iowait  %steal   %idle
           5.84    0.00    3.56   12.96    0.00   77.64

Device            r/s     rkB/s   rrqm/s  %rrqm r_await rareq-sz     w/s     wkB/s   wrqm/s  %wrqm w_await wareq-sz     d/s     dkB/s   drqm/s  %drqm d_await dareq-sz     f/s f_await  aqu-sz  %util
sda              0.00      0.00     0.00   0.00    0.00     0.00   73.00    776.00    63.00  46.32   15.93    10.63    0.00      0.00     0.00   0.00    0.00     0.00   36.00   27.42    2.15 100.40


2026년 06월 29일 19시 07분 22초
avg-cpu:  %user   %nice %system %iowait  %steal   %idle
           4.30    0.00    2.66   14.05    0.00   78.99

Device            r/s     rkB/s   rrqm/s  %rrqm r_await rareq-sz     w/s     wkB/s   wrqm/s  %wrqm w_await wareq-sz     d/s     dkB/s   drqm/s  %drqm d_await dareq-sz     f/s f_await  aqu-sz  %util
sda              0.00      0.00     0.00   0.00    0.00     0.00   80.00    868.00    67.00  45.58   15.20    10.85    0.00      0.00     0.00   0.00    0.00     0.00   40.00   24.43    2.19  96.00


2026년 06월 29일 19시 07분 23초
avg-cpu:  %user   %nice %system %iowait  %steal   %idle
           7.12    0.00    4.83   12.07    0.00   75.98

Device            r/s     rkB/s   rrqm/s  %rrqm r_await rareq-sz     w/s     wkB/s   wrqm/s  %wrqm w_await wareq-sz     d/s     dkB/s   drqm/s  %drqm d_await dareq-sz     f/s f_await  aqu-sz  %util
sda              0.00      0.00     0.00   0.00    0.00     0.00   74.00    892.00    84.00  53.16   14.07    12.05    0.00      0.00     0.00   0.00    0.00     0.00   40.00   24.38    2.02  90.00


2026년 06월 29일 19시 07분 24초
avg-cpu:  %user   %nice %system %iowait  %steal   %idle
           8.99    0.00    4.68   15.95    0.00   70.38

Device            r/s     rkB/s   rrqm/s  %rrqm r_await rareq-sz     w/s     wkB/s   wrqm/s  %wrqm w_await wareq-sz     d/s     dkB/s   drqm/s  %drqm d_await dareq-sz     f/s f_await  aqu-sz  %util
sda              1.00     16.00     3.00  75.00   34.00    16.00   79.00    932.00    88.00  52.69   18.56    11.80    0.00      0.00     0.00   0.00    0.00     0.00   35.00   27.60    2.46 103.60


2026년 06월 29일 19시 07분 25초
avg-cpu:  %user   %nice %system %iowait  %steal   %idle
           5.96    0.00    3.80   14.58    0.00   75.67

Device            r/s     rkB/s   rrqm/s  %rrqm r_await rareq-sz     w/s     wkB/s   wrqm/s  %wrqm w_await wareq-sz     d/s     dkB/s   drqm/s  %drqm d_await dareq-sz     f/s f_await  aqu-sz  %util
sda              0.00      0.00     0.00   0.00    0.00     0.00   74.00    844.00    80.00  51.95   16.41    11.41    0.00      0.00     0.00   0.00    0.00     0.00   37.00   25.38    2.15  96.00


2026년 06월 29일 19시 07분 26초
avg-cpu:  %user   %nice %system %iowait  %steal   %idle
           6.64    0.00    3.19   15.20    0.00   74.97

Device            r/s     rkB/s   rrqm/s  %rrqm r_await rareq-sz     w/s     wkB/s   wrqm/s  %wrqm w_await wareq-sz     d/s     dkB/s   drqm/s  %drqm d_await dareq-sz     f/s f_await  aqu-sz  %util
sda              1.00     32.00     7.00  87.50   70.00    32.00   65.00    844.00    99.00  60.37   21.40    12.98    0.00      0.00     0.00   0.00    0.00     0.00   33.00   30.21    2.46  98.00


2026년 06월 29일 19시 07분 27초
avg-cpu:  %user   %nice %system %iowait  %steal   %idle
           2.38    0.00    1.63   10.65    0.00   85.34

Device            r/s     rkB/s   rrqm/s  %rrqm r_await rareq-sz     w/s     wkB/s   wrqm/s  %wrqm w_await wareq-sz     d/s     dkB/s   drqm/s  %drqm d_await dareq-sz     f/s f_await  aqu-sz  %util
sda              0.00      0.00     0.00   0.00    0.00     0.00   55.00    552.00    25.00  31.25   17.55    10.04    0.00      0.00     0.00   0.00    0.00     0.00   22.00   28.18    1.58  66.00


2026년 06월 29일 19시 07분 28초
avg-cpu:  %user   %nice %system %iowait  %steal   %idle
           0.25    0.00    0.13    7.93    0.00   91.69

Device            r/s     rkB/s   rrqm/s  %rrqm r_await rareq-sz     w/s     wkB/s   wrqm/s  %wrqm w_await wareq-sz     d/s     dkB/s   drqm/s  %drqm d_await dareq-sz     f/s f_await  aqu-sz  %util
sda              0.00      0.00     0.00   0.00    0.00     0.00   48.00    428.00     9.00  15.79   15.31     8.92    0.00      0.00     0.00   0.00    0.00     0.00   20.00   17.10    1.08  40.00


2026년 06월 29일 19시 07분 29초
avg-cpu:  %user   %nice %system %iowait  %steal   %idle
           0.38    0.00    0.25    3.77    0.00   95.60

Device            r/s     rkB/s   rrqm/s  %rrqm r_await rareq-sz     w/s     wkB/s   wrqm/s  %wrqm w_await wareq-sz     d/s     dkB/s   drqm/s  %drqm d_await dareq-sz     f/s f_await  aqu-sz  %util
sda              0.00      0.00     0.00   0.00    0.00     0.00   25.74    645.54     6.93  21.21   10.04    25.08    0.00      0.00     0.00   0.00    0.00     0.00   10.89   19.55    0.47  25.74


2026년 06월 29일 19시 07분 30초
avg-cpu:  %user   %nice %system %iowait  %steal   %idle
           0.50    0.00    0.88   14.14    0.00   84.48

Device            r/s     rkB/s   rrqm/s  %rrqm r_await rareq-sz     w/s     wkB/s   wrqm/s  %wrqm w_await wareq-sz     d/s     dkB/s   drqm/s  %drqm d_await dareq-sz     f/s f_await  aqu-sz  %util
sda              0.00      0.00     0.00   0.00    0.00     0.00   77.00   1752.00    30.00  28.04   15.25    22.75    0.00      0.00     0.00   0.00    0.00     0.00   40.00   24.65    2.16  95.20


2026년 06월 29일 19시 07분 31초
avg-cpu:  %user   %nice %system %iowait  %steal   %idle
           0.25    0.00    0.38   12.99    0.00   86.38

Device            r/s     rkB/s   rrqm/s  %rrqm r_await rareq-sz     w/s     wkB/s   wrqm/s  %wrqm w_await wareq-sz     d/s     dkB/s   drqm/s  %drqm d_await dareq-sz     f/s f_await  aqu-sz  %util
sda              0.00      0.00     0.00   0.00    0.00     0.00   88.00   1880.00    34.00  27.87   12.16    21.36    0.00      0.00     0.00   0.00    0.00     0.00   38.00   25.39    2.04 101.20


2026년 06월 29일 19시 07분 32초
avg-cpu:  %user   %nice %system %iowait  %steal   %idle
           0.50    0.00    0.38   15.20    0.00   83.92

Device            r/s     rkB/s   rrqm/s  %rrqm r_await rareq-sz     w/s     wkB/s   wrqm/s  %wrqm w_await wareq-sz     d/s     dkB/s   drqm/s  %drqm d_await dareq-sz     f/s f_await  aqu-sz  %util
sda              0.00      0.00     0.00   0.00    0.00     0.00   97.00   1600.00    31.00  24.22   12.55    16.49    0.00      0.00     0.00   0.00    0.00     0.00   45.00   20.71    2.15  97.20


2026년 06월 29일 19시 07분 33초
avg-cpu:  %user   %nice %system %iowait  %steal   %idle
           0.51    0.00    0.76   15.08    0.00   83.65

Device            r/s     rkB/s   rrqm/s  %rrqm r_await rareq-sz     w/s     wkB/s   wrqm/s  %wrqm w_await wareq-sz     d/s     dkB/s   drqm/s  %drqm d_await dareq-sz     f/s f_await  aqu-sz  %util
sda              0.00      0.00     0.00   0.00    0.00     0.00   91.00   1764.00    42.00  31.58   13.30    19.38    0.00      0.00     0.00   0.00    0.00     0.00   44.00   21.25    2.15  98.40


2026년 06월 29일 19시 07분 34초
avg-cpu:  %user   %nice %system %iowait  %steal   %idle
           1.13    0.00    0.63   15.22    0.00   83.02

Device            r/s     rkB/s   rrqm/s  %rrqm r_await rareq-sz     w/s     wkB/s   wrqm/s  %wrqm w_await wareq-sz     d/s     dkB/s   drqm/s  %drqm d_await dareq-sz     f/s f_await  aqu-sz  %util
sda              0.00      0.00     0.00   0.00    0.00     0.00   83.00   1816.00    39.00  31.97   15.00    21.88    0.00      0.00     0.00   0.00    0.00     0.00   39.00   24.74    2.21 100.40


2026년 06월 29일 19시 07분 35초
avg-cpu:  %user   %nice %system %iowait  %steal   %idle
           0.25    0.00    0.50   12.97    0.00   86.27

Device            r/s     rkB/s   rrqm/s  %rrqm r_await rareq-sz     w/s     wkB/s   wrqm/s  %wrqm w_await wareq-sz     d/s     dkB/s   drqm/s  %drqm d_await dareq-sz     f/s f_await  aqu-sz  %util
sda              0.00      0.00     0.00   0.00    0.00     0.00   88.00   2052.00    30.00  25.42   11.92    23.32    0.00      0.00     0.00   0.00    0.00     0.00   39.00   24.13    1.99 100.00


2026년 06월 29일 19시 07분 36초
avg-cpu:  %user   %nice %system %iowait  %steal   %idle
           1.26    0.00    0.51   18.06    0.00   80.18

Device            r/s     rkB/s   rrqm/s  %rrqm r_await rareq-sz     w/s     wkB/s   wrqm/s  %wrqm w_await wareq-sz     d/s     dkB/s   drqm/s  %drqm d_await dareq-sz     f/s f_await  aqu-sz  %util
sda              0.00      0.00     0.00   0.00    0.00     0.00   81.00   1256.00    37.00  31.36   18.69    15.51    0.00      0.00     0.00   0.00    0.00     0.00   28.00   27.25    2.28  74.40


2026년 06월 29일 19시 07분 37초
avg-cpu:  %user   %nice %system %iowait  %steal   %idle
           0.38    0.00    0.25   15.11    0.00   84.26

Device            r/s     rkB/s   rrqm/s  %rrqm r_await rareq-sz     w/s     wkB/s   wrqm/s  %wrqm w_await wareq-sz     d/s     dkB/s   drqm/s  %drqm d_await dareq-sz     f/s f_await  aqu-sz  %util
sda              0.00      0.00     0.00   0.00    0.00     0.00   81.00   1756.00    28.00  25.69   21.25    21.68    0.00      0.00     0.00   0.00    0.00     0.00   32.00   37.22    2.91 123.20


2026년 06월 29일 19시 07분 38초
avg-cpu:  %user   %nice %system %iowait  %steal   %idle
           0.38    0.00    0.75   14.05    0.00   84.82

Device            r/s     rkB/s   rrqm/s  %rrqm r_await rareq-sz     w/s     wkB/s   wrqm/s  %wrqm w_await wareq-sz     d/s     dkB/s   drqm/s  %drqm d_await dareq-sz     f/s f_await  aqu-sz  %util
sda              0.00      0.00     0.00   0.00    0.00     0.00   92.00   1880.00    29.00  23.97   20.54    20.43    0.00      0.00     0.00   0.00    0.00     0.00   35.00   27.37    2.85  97.20


2026년 06월 29일 19시 07분 39초
avg-cpu:  %user   %nice %system %iowait  %steal   %idle
           0.50    0.00    0.50   14.34    0.00   84.65

Device            r/s     rkB/s   rrqm/s  %rrqm r_await rareq-sz     w/s     wkB/s   wrqm/s  %wrqm w_await wareq-sz     d/s     dkB/s   drqm/s  %drqm d_await dareq-sz     f/s f_await  aqu-sz  %util
sda              0.00      0.00     0.00   0.00    0.00     0.00   74.00   1536.00    24.00  24.49   15.54    20.76    0.00      0.00     0.00   0.00    0.00     0.00   32.00   29.38    2.09  98.00


2026년 06월 29일 19시 07분 40초
avg-cpu:  %user   %nice %system %iowait  %steal   %idle
           0.13    0.00    0.38   13.49    0.00   86.00

Device            r/s     rkB/s   rrqm/s  %rrqm r_await rareq-sz     w/s     wkB/s   wrqm/s  %wrqm w_await wareq-sz     d/s     dkB/s   drqm/s  %drqm d_await dareq-sz     f/s f_await  aqu-sz  %util
sda              0.00      0.00     0.00   0.00    0.00     0.00   79.00   1580.00    28.00  26.17   14.47    20.00    0.00      0.00     0.00   0.00    0.00     0.00   31.00   32.16    2.14 103.60


2026년 06월 29일 19시 07분 41초
avg-cpu:  %user   %nice %system %iowait  %steal   %idle
           1.13    0.00    1.00   15.16    0.00   82.71

Device            r/s     rkB/s   rrqm/s  %rrqm r_await rareq-sz     w/s     wkB/s   wrqm/s  %wrqm w_await wareq-sz     d/s     dkB/s   drqm/s  %drqm d_await dareq-sz     f/s f_await  aqu-sz  %util
sda              0.00      0.00     0.00   0.00    0.00     0.00   79.00   1500.00    40.00  33.61   15.11    18.99    0.00      0.00     0.00   0.00    0.00     0.00   35.00   27.43    2.15  96.80


2026년 06월 29일 19시 07분 42초
avg-cpu:  %user   %nice %system %iowait  %steal   %idle
           0.63    0.00    0.38   15.97    0.00   83.02

Device            r/s     rkB/s   rrqm/s  %rrqm r_await rareq-sz     w/s     wkB/s   wrqm/s  %wrqm w_await wareq-sz     d/s     dkB/s   drqm/s  %drqm d_await dareq-sz     f/s f_await  aqu-sz  %util
sda              0.00      0.00     0.00   0.00    0.00     0.00   91.00   1912.00    34.00  27.20   14.41    21.01    0.00      0.00     0.00   0.00    0.00     0.00   43.00   22.16    2.26  97.60


2026년 06월 29일 19시 07분 43초
avg-cpu:  %user   %nice %system %iowait  %steal   %idle
           0.63    0.00    0.25   14.75    0.00   84.36

Device            r/s     rkB/s   rrqm/s  %rrqm r_await rareq-sz     w/s     wkB/s   wrqm/s  %wrqm w_await wareq-sz     d/s     dkB/s   drqm/s  %drqm d_await dareq-sz     f/s f_await  aqu-sz  %util
sda              0.00      0.00     0.00   0.00    0.00     0.00   97.00   2076.00    41.00  29.71   11.99    21.40    0.00      0.00     0.00   0.00    0.00     0.00   43.00   21.37    2.08 102.40


2026년 06월 29일 19시 07분 44초
avg-cpu:  %user   %nice %system %iowait  %steal   %idle
           2.13    0.00    1.13   14.81    0.00   81.93

Device            r/s     rkB/s   rrqm/s  %rrqm r_await rareq-sz     w/s     wkB/s   wrqm/s  %wrqm w_await wareq-sz     d/s     dkB/s   drqm/s  %drqm d_await dareq-sz     f/s f_await  aqu-sz  %util
sda              0.00      0.00     0.00   0.00    0.00     0.00   87.00   1700.00    42.00  32.56   14.25    19.54    0.00      0.00     0.00   0.00    0.00     0.00   42.00   23.50    2.23  99.60


