Linux 5.15.0-157-generic (cgda) 	2026년 06월 29일 	_x86_64_	(8 CPU)

2026년 06월 29일 22시 13분 12초
avg-cpu:  %user   %nice %system %iowait  %steal   %idle
           0.10    0.00    0.09    0.07    0.00   99.73

Device            r/s     rkB/s   rrqm/s  %rrqm r_await rareq-sz     w/s     wkB/s   wrqm/s  %wrqm w_await wareq-sz     d/s     dkB/s   drqm/s  %drqm d_await dareq-sz     f/s f_await  aqu-sz  %util
sda              0.04      0.55     0.01  25.38   31.18    15.63    1.27     14.52     0.56  30.46    7.57    11.40    0.00      0.00     0.00   0.00    0.00     0.00    0.24   16.94    0.01   0.64


2026년 06월 29일 22시 13분 13초
avg-cpu:  %user   %nice %system %iowait  %steal   %idle
           0.88    0.00    0.38    6.18    0.00   92.56

Device            r/s     rkB/s   rrqm/s  %rrqm r_await rareq-sz     w/s     wkB/s   wrqm/s  %wrqm w_await wareq-sz     d/s     dkB/s   drqm/s  %drqm d_await dareq-sz     f/s f_await  aqu-sz  %util
sda              0.00      0.00     0.00   0.00    0.00     0.00   26.00    316.00    17.00  39.53   24.31    12.15    0.00      0.00     0.00   0.00    0.00     0.00    9.00   23.11    0.84  28.80


2026년 06월 29일 22시 13분 14초
avg-cpu:  %user   %nice %system %iowait  %steal   %idle
           0.25    0.00    0.25    6.55    0.00   92.95

Device            r/s     rkB/s   rrqm/s  %rrqm r_await rareq-sz     w/s     wkB/s   wrqm/s  %wrqm w_await wareq-sz     d/s     dkB/s   drqm/s  %drqm d_await dareq-sz     f/s f_await  aqu-sz  %util
sda              0.00      0.00     0.00   0.00    0.00     0.00   41.00    832.00    17.00  29.31   12.98    20.29    0.00      0.00     0.00   0.00    0.00     0.00   17.00   25.24    0.96  45.20


2026년 06월 29일 22시 13분 15초
avg-cpu:  %user   %nice %system %iowait  %steal   %idle
           1.62    0.00    0.75    6.38    0.00   91.25

Device            r/s     rkB/s   rrqm/s  %rrqm r_await rareq-sz     w/s     wkB/s   wrqm/s  %wrqm w_await wareq-sz     d/s     dkB/s   drqm/s  %drqm d_await dareq-sz     f/s f_await  aqu-sz  %util
sda              0.00      0.00     0.00   0.00    0.00     0.00   39.00    548.00    20.00  33.90   13.41    14.05    0.00      0.00     0.00   0.00    0.00     0.00   23.00   18.91    0.96  46.40


2026년 06월 29일 22시 13분 16초
avg-cpu:  %user   %nice %system %iowait  %steal   %idle
           1.64    0.00    0.76    0.38    0.00   97.22

Device            r/s     rkB/s   rrqm/s  %rrqm r_await rareq-sz     w/s     wkB/s   wrqm/s  %wrqm w_await wareq-sz     d/s     dkB/s   drqm/s  %drqm d_await dareq-sz     f/s f_await  aqu-sz  %util
sda              0.00      0.00     0.00   0.00    0.00     0.00    8.00     48.00     4.00  33.33    6.25     6.00    0.00      0.00     0.00   0.00    0.00     0.00    3.00   14.00    0.09   5.20


2026년 06월 29일 22시 13분 17초
avg-cpu:  %user   %nice %system %iowait  %steal   %idle
           0.25    0.00    0.13    0.00    0.00   99.62

Device            r/s     rkB/s   rrqm/s  %rrqm r_await rareq-sz     w/s     wkB/s   wrqm/s  %wrqm w_await wareq-sz     d/s     dkB/s   drqm/s  %drqm d_await dareq-sz     f/s f_await  aqu-sz  %util


2026년 06월 29일 22시 13분 18초
avg-cpu:  %user   %nice %system %iowait  %steal   %idle
           0.50    0.00    0.25    0.00    0.00   99.25

Device            r/s     rkB/s   rrqm/s  %rrqm r_await rareq-sz     w/s     wkB/s   wrqm/s  %wrqm w_await wareq-sz     d/s     dkB/s   drqm/s  %drqm d_await dareq-sz     f/s f_await  aqu-sz  %util
sda              0.00      0.00     0.00   0.00    0.00     0.00    1.00      4.00     0.00   0.00    0.00     4.00    0.00      0.00     0.00   0.00    0.00     0.00    0.00    0.00    0.00   0.40


2026년 06월 29일 22시 13분 19초
avg-cpu:  %user   %nice %system %iowait  %steal   %idle
           1.00    0.00    0.37    0.37    0.00   98.25

Device            r/s     rkB/s   rrqm/s  %rrqm r_await rareq-sz     w/s     wkB/s   wrqm/s  %wrqm w_await wareq-sz     d/s     dkB/s   drqm/s  %drqm d_await dareq-sz     f/s f_await  aqu-sz  %util
sda              1.00     16.00     4.00  80.00   27.00    16.00    0.00      0.00     0.00   0.00    0.00     0.00    0.00      0.00     0.00   0.00    0.00     0.00    0.00    0.00    0.03   3.20


2026년 06월 29일 22시 13분 20초
avg-cpu:  %user   %nice %system %iowait  %steal   %idle
           2.26    0.00    0.75   15.33    0.00   81.66

Device            r/s     rkB/s   rrqm/s  %rrqm r_await rareq-sz     w/s     wkB/s   wrqm/s  %wrqm w_await wareq-sz     d/s     dkB/s   drqm/s  %drqm d_await dareq-sz     f/s f_await  aqu-sz  %util
sda              4.00     20.00     0.00   0.00   17.25     5.00   67.00    704.00    44.00  39.64   17.43    10.51    0.00      0.00     0.00   0.00    0.00     0.00   37.00   25.03    2.16  99.60


2026년 06월 29일 22시 13분 21초
avg-cpu:  %user   %nice %system %iowait  %steal   %idle
           1.39    0.00    1.14   17.32    0.00   80.15

Device            r/s     rkB/s   rrqm/s  %rrqm r_await rareq-sz     w/s     wkB/s   wrqm/s  %wrqm w_await wareq-sz     d/s     dkB/s   drqm/s  %drqm d_await dareq-sz     f/s f_await  aqu-sz  %util
sda              1.00      4.00     0.00   0.00   30.00     4.00   87.00    908.00    45.00  34.09   16.22    10.44    0.00      0.00     0.00   0.00    0.00     0.00   46.00   20.96    2.40  96.40


2026년 06월 29일 22시 13분 22초
avg-cpu:  %user   %nice %system %iowait  %steal   %idle
           4.28    0.00    1.13   13.10    0.00   81.49

Device            r/s     rkB/s   rrqm/s  %rrqm r_await rareq-sz     w/s     wkB/s   wrqm/s  %wrqm w_await wareq-sz     d/s     dkB/s   drqm/s  %drqm d_await dareq-sz     f/s f_await  aqu-sz  %util
sda              1.00      4.00     0.00   0.00    0.00     4.00   70.00    600.00    45.00  39.13   14.91     8.57    0.00      0.00     0.00   0.00    0.00     0.00   41.00   22.51    1.97  93.20


2026년 06월 29일 22시 13분 23초
avg-cpu:  %user   %nice %system %iowait  %steal   %idle
           1.39    0.00    1.14   13.31    0.00   84.16

Device            r/s     rkB/s   rrqm/s  %rrqm r_await rareq-sz     w/s     wkB/s   wrqm/s  %wrqm w_await wareq-sz     d/s     dkB/s   drqm/s  %drqm d_await dareq-sz     f/s f_await  aqu-sz  %util
sda              0.00      0.00     0.00   0.00    0.00     0.00   71.00    600.00    49.00  40.83   15.18     8.45    0.00      0.00     0.00   0.00    0.00     0.00   43.00   21.67    2.01  91.60


2026년 06월 29일 22시 13분 24초
avg-cpu:  %user   %nice %system %iowait  %steal   %idle
           1.52    0.00    1.39   12.28    0.00   84.81

Device            r/s     rkB/s   rrqm/s  %rrqm r_await rareq-sz     w/s     wkB/s   wrqm/s  %wrqm w_await wareq-sz     d/s     dkB/s   drqm/s  %drqm d_await dareq-sz     f/s f_await  aqu-sz  %util
sda              0.00      0.00     0.00   0.00    0.00     0.00   77.00    680.00    60.00  43.80   14.47     8.83    0.00      0.00     0.00   0.00    0.00     0.00   46.00   20.57    2.06  95.20


2026년 06월 29일 22시 13분 25초
avg-cpu:  %user   %nice %system %iowait  %steal   %idle
           3.01    0.00    2.38   14.30    0.00   80.30

Device            r/s     rkB/s   rrqm/s  %rrqm r_await rareq-sz     w/s     wkB/s   wrqm/s  %wrqm w_await wareq-sz     d/s     dkB/s   drqm/s  %drqm d_await dareq-sz     f/s f_await  aqu-sz  %util
sda              0.00      0.00     0.00   0.00    0.00     0.00   70.00    744.00    69.00  49.64   15.70    10.63    0.00      0.00     0.00   0.00    0.00     0.00   42.00   22.17    2.03  96.80


2026년 06월 29일 22시 13분 26초
avg-cpu:  %user   %nice %system %iowait  %steal   %idle
           3.84    0.00    1.66   12.93    0.00   81.56

Device            r/s     rkB/s   rrqm/s  %rrqm r_await rareq-sz     w/s     wkB/s   wrqm/s  %wrqm w_await wareq-sz     d/s     dkB/s   drqm/s  %drqm d_await dareq-sz     f/s f_await  aqu-sz  %util
sda              0.00      0.00     0.00   0.00    0.00     0.00   77.00    768.00    72.00  48.32   14.14     9.97    0.00      0.00     0.00   0.00    0.00     0.00   45.00   21.18    2.04  96.80


2026년 06월 29일 22시 13분 27초
avg-cpu:  %user   %nice %system %iowait  %steal   %idle
           3.15    0.00    1.26   13.49    0.00   82.09

Device            r/s     rkB/s   rrqm/s  %rrqm r_await rareq-sz     w/s     wkB/s   wrqm/s  %wrqm w_await wareq-sz     d/s     dkB/s   drqm/s  %drqm d_await dareq-sz     f/s f_await  aqu-sz  %util
sda              0.00      0.00     0.00   0.00    0.00     0.00   72.00    732.00    62.00  46.27   15.43    10.17    0.00      0.00     0.00   0.00    0.00     0.00   42.00   21.69    2.02  94.80


2026년 06월 29일 22시 13분 28초
avg-cpu:  %user   %nice %system %iowait  %steal   %idle
           3.03    0.00    2.02   15.80    0.00   79.14

Device            r/s     rkB/s   rrqm/s  %rrqm r_await rareq-sz     w/s     wkB/s   wrqm/s  %wrqm w_await wareq-sz     d/s     dkB/s   drqm/s  %drqm d_await dareq-sz     f/s f_await  aqu-sz  %util
sda              1.00      4.00     0.00   0.00    0.00     4.00   77.00    884.00    73.00  48.67   16.75    11.48    0.00      0.00     0.00   0.00    0.00     0.00   44.00   21.91    2.25  99.60


2026년 06월 29일 22시 13분 29초
avg-cpu:  %user   %nice %system %iowait  %steal   %idle
           2.65    0.00    1.01   15.80    0.00   80.53

Device            r/s     rkB/s   rrqm/s  %rrqm r_await rareq-sz     w/s     wkB/s   wrqm/s  %wrqm w_await wareq-sz     d/s     dkB/s   drqm/s  %drqm d_await dareq-sz     f/s f_await  aqu-sz  %util
sda              1.00      4.00     0.00   0.00   16.00     4.00   64.00    648.00    48.00  42.86   19.50    10.12    0.00      0.00     0.00   0.00    0.00     0.00   37.00   25.46    2.21  95.20


2026년 06월 29일 22시 13분 30초
avg-cpu:  %user   %nice %system %iowait  %steal   %idle
           3.92    0.00    0.76   13.91    0.00   81.42

Device            r/s     rkB/s   rrqm/s  %rrqm r_await rareq-sz     w/s     wkB/s   wrqm/s  %wrqm w_await wareq-sz     d/s     dkB/s   drqm/s  %drqm d_await dareq-sz     f/s f_await  aqu-sz  %util
sda              0.00      0.00     0.00   0.00    0.00     0.00   87.00    876.00    60.00  40.82   15.39    10.07    0.00      0.00     0.00   0.00    0.00     0.00   38.00   21.95    2.17  83.20


2026년 06월 29일 22시 13분 31초
avg-cpu:  %user   %nice %system %iowait  %steal   %idle
           3.78    0.00    1.01   14.23    0.00   80.98

Device            r/s     rkB/s   rrqm/s  %rrqm r_await rareq-sz     w/s     wkB/s   wrqm/s  %wrqm w_await wareq-sz     d/s     dkB/s   drqm/s  %drqm d_await dareq-sz     f/s f_await  aqu-sz  %util
sda              1.00      4.00     0.00   0.00   20.00     4.00   76.00    880.00    63.00  45.32   16.76    11.58    0.00      0.00     0.00   0.00    0.00     0.00   38.00   27.32    2.33 110.80


2026년 06월 29일 22시 13분 32초
avg-cpu:  %user   %nice %system %iowait  %steal   %idle
           3.52    0.00    0.88   14.95    0.00   80.65

Device            r/s     rkB/s   rrqm/s  %rrqm r_await rareq-sz     w/s     wkB/s   wrqm/s  %wrqm w_await wareq-sz     d/s     dkB/s   drqm/s  %drqm d_await dareq-sz     f/s f_await  aqu-sz  %util
sda              0.00      0.00     0.00   0.00    0.00     0.00   76.00    868.00    51.00  40.16   16.01    11.42    0.00      0.00     0.00   0.00    0.00     0.00   38.00   24.37    2.14  94.00


2026년 06월 29일 22시 13분 33초
avg-cpu:  %user   %nice %system %iowait  %steal   %idle
           3.28    0.00    0.63   17.02    0.00   79.07

Device            r/s     rkB/s   rrqm/s  %rrqm r_await rareq-sz     w/s     wkB/s   wrqm/s  %wrqm w_await wareq-sz     d/s     dkB/s   drqm/s  %drqm d_await dareq-sz     f/s f_await  aqu-sz  %util
sda              0.00      0.00     0.00   0.00    0.00     0.00   74.00    872.00    61.00  45.19   19.50    11.78    0.00      0.00     0.00   0.00    0.00     0.00   39.00   24.90    2.41  99.20


2026년 06월 29일 22시 13분 34초
avg-cpu:  %user   %nice %system %iowait  %steal   %idle
           3.27    0.00    1.13   14.82    0.00   80.78

Device            r/s     rkB/s   rrqm/s  %rrqm r_await rareq-sz     w/s     wkB/s   wrqm/s  %wrqm w_await wareq-sz     d/s     dkB/s   drqm/s  %drqm d_await dareq-sz     f/s f_await  aqu-sz  %util
sda              1.00      4.00     0.00   0.00   30.00     4.00   79.00    904.00    57.00  41.91   15.25    11.44    0.00      0.00     0.00   0.00    0.00     0.00   41.00   22.44    2.15  95.20


2026년 06월 29일 22시 13분 35초
avg-cpu:  %user   %nice %system %iowait  %steal   %idle
           3.92    0.00    1.39   16.33    0.00   78.35

Device            r/s     rkB/s   rrqm/s  %rrqm r_await rareq-sz     w/s     wkB/s   wrqm/s  %wrqm w_await wareq-sz     d/s     dkB/s   drqm/s  %drqm d_await dareq-sz     f/s f_await  aqu-sz  %util
sda              0.00      0.00     0.00   0.00    0.00     0.00   71.00   2024.00    63.00  47.01   20.00    28.51    0.00      0.00     0.00   0.00    0.00     0.00   40.00   23.43    2.36  97.60


2026년 06월 29일 22시 13분 36초
avg-cpu:  %user   %nice %system %iowait  %steal   %idle
           4.15    0.00    1.51   17.34    0.00   77.01

Device            r/s     rkB/s   rrqm/s  %rrqm r_await rareq-sz     w/s     wkB/s   wrqm/s  %wrqm w_await wareq-sz     d/s     dkB/s   drqm/s  %drqm d_await dareq-sz     f/s f_await  aqu-sz  %util
sda              0.00      0.00     0.00   0.00    0.00     0.00   69.00   7804.00    70.00  50.36   21.23   113.10    0.00      0.00     0.00   0.00    0.00     0.00   31.00   29.81    2.39  92.80


2026년 06월 29일 22시 13분 37초
avg-cpu:  %user   %nice %system %iowait  %steal   %idle
           4.67    0.00    0.88   14.00    0.00   80.45

Device            r/s     rkB/s   rrqm/s  %rrqm r_await rareq-sz     w/s     wkB/s   wrqm/s  %wrqm w_await wareq-sz     d/s     dkB/s   drqm/s  %drqm d_await dareq-sz     f/s f_await  aqu-sz  %util
sda              2.00      8.00     0.00   0.00   38.00     4.00   66.00    892.00    54.00  45.00   18.21    13.52    0.00      0.00     0.00   0.00    0.00     0.00   37.00   24.81    2.20  92.40


2026년 06월 29일 22시 13분 38초
avg-cpu:  %user   %nice %system %iowait  %steal   %idle
           3.99    0.00    1.75   14.46    0.00   79.80

Device            r/s     rkB/s   rrqm/s  %rrqm r_await rareq-sz     w/s     wkB/s   wrqm/s  %wrqm w_await wareq-sz     d/s     dkB/s   drqm/s  %drqm d_await dareq-sz     f/s f_await  aqu-sz  %util
sda              0.00      0.00     0.00   0.00    0.00     0.00   78.00    760.00    46.00  37.10   16.56     9.74    0.00      0.00     0.00   0.00    0.00     0.00   41.00   23.54    2.26 100.80


2026년 06월 29일 22시 13분 39초
avg-cpu:  %user   %nice %system %iowait  %steal   %idle
           3.91    0.00    1.01   13.76    0.00   81.31

Device            r/s     rkB/s   rrqm/s  %rrqm r_await rareq-sz     w/s     wkB/s   wrqm/s  %wrqm w_await wareq-sz     d/s     dkB/s   drqm/s  %drqm d_await dareq-sz     f/s f_await  aqu-sz  %util
sda              4.00     60.00    11.00  73.33   35.75    15.00   75.00    776.00    42.00  35.90   14.68    10.35    0.00      0.00     0.00   0.00    0.00     0.00   39.00   22.59    2.13  91.20


2026년 06월 29일 22시 13분 40초
avg-cpu:  %user   %nice %system %iowait  %steal   %idle
           4.14    0.00    1.13   15.06    0.00   79.67

Device            r/s     rkB/s   rrqm/s  %rrqm r_await rareq-sz     w/s     wkB/s   wrqm/s  %wrqm w_await wareq-sz     d/s     dkB/s   drqm/s  %drqm d_await dareq-sz     f/s f_await  aqu-sz  %util
sda              2.00     44.00     9.00  81.82   23.00    22.00   79.00    776.00    48.00  37.80   15.09     9.82    0.00      0.00     0.00   0.00    0.00     0.00   43.00   21.28    2.15  95.60


2026년 06월 29일 22시 13분 41초
avg-cpu:  %user   %nice %system %iowait  %steal   %idle
           5.14    0.00    1.00   15.41    0.00   78.45

Device            r/s     rkB/s   rrqm/s  %rrqm r_await rareq-sz     w/s     wkB/s   wrqm/s  %wrqm w_await wareq-sz     d/s     dkB/s   drqm/s  %drqm d_await dareq-sz     f/s f_await  aqu-sz  %util
sda              0.00      0.00     0.00   0.00    0.00     0.00   72.00    748.00    43.00  37.39   17.85    10.39    0.00      0.00     0.00   0.00    0.00     0.00   39.00   24.69    2.25  96.40


2026년 06월 29일 22시 13분 42초
avg-cpu:  %user   %nice %system %iowait  %steal   %idle
           4.65    0.00    1.01   13.46    0.00   80.88

Device            r/s     rkB/s   rrqm/s  %rrqm r_await rareq-sz     w/s     wkB/s   wrqm/s  %wrqm w_await wareq-sz     d/s     dkB/s   drqm/s  %drqm d_await dareq-sz     f/s f_await  aqu-sz  %util
sda              0.00      0.00     0.00   0.00    0.00     0.00   72.00    768.00    50.00  40.98   15.08    10.67    0.00      0.00     0.00   0.00    0.00     0.00   36.00   25.64    2.01  91.20


2026년 06월 29일 22시 13분 43초
avg-cpu:  %user   %nice %system %iowait  %steal   %idle
           4.18    0.00    0.76   22.43    0.00   72.62

Device            r/s     rkB/s   rrqm/s  %rrqm r_await rareq-sz     w/s     wkB/s   wrqm/s  %wrqm w_await wareq-sz     d/s     dkB/s   drqm/s  %drqm d_await dareq-sz     f/s f_await  aqu-sz  %util
sda              0.00      0.00     0.00   0.00    0.00     0.00   98.00    884.00    65.00  39.88   36.36     9.02    0.00      0.00     0.00   0.00    0.00     0.00   37.00   25.46    4.50  94.00


2026년 06월 29일 22시 13분 44초
avg-cpu:  %user   %nice %system %iowait  %steal   %idle
           5.02    0.00    1.38   15.43    0.00   78.17

Device            r/s     rkB/s   rrqm/s  %rrqm r_await rareq-sz     w/s     wkB/s   wrqm/s  %wrqm w_await wareq-sz     d/s     dkB/s   drqm/s  %drqm d_await dareq-sz     f/s f_await  aqu-sz  %util
sda              1.00     16.00     3.00  75.00   39.00    16.00   81.00    816.00    41.00  33.61   16.09    10.07    0.00      0.00     0.00   0.00    0.00     0.00   40.00   23.48    2.28  97.20


2026년 06월 29일 22시 13분 45초
avg-cpu:  %user   %nice %system %iowait  %steal   %idle
           4.39    0.00    1.50   17.92    0.00   76.19

Device            r/s     rkB/s   rrqm/s  %rrqm r_await rareq-sz     w/s     wkB/s   wrqm/s  %wrqm w_await wareq-sz     d/s     dkB/s   drqm/s  %drqm d_await dareq-sz     f/s f_await  aqu-sz  %util
sda              1.00      4.00     0.00   0.00   36.00     4.00   67.00    748.00    52.00  43.70   20.63    11.16    0.00      0.00     0.00   0.00    0.00     0.00   38.00   25.26    2.38  98.00


2026년 06월 29일 22시 13분 46초
avg-cpu:  %user   %nice %system %iowait  %steal   %idle
           6.29    0.00    1.76   12.70    0.00   79.25

Device            r/s     rkB/s   rrqm/s  %rrqm r_await rareq-sz     w/s     wkB/s   wrqm/s  %wrqm w_await wareq-sz     d/s     dkB/s   drqm/s  %drqm d_await dareq-sz     f/s f_await  aqu-sz  %util
sda              0.00      0.00     0.00   0.00    0.00     0.00   83.00    964.00    78.00  48.45   12.87    11.61    0.00      0.00     0.00   0.00    0.00     0.00   47.00   19.72    2.00  94.80


2026년 06월 29일 22시 13분 47초
avg-cpu:  %user   %nice %system %iowait  %steal   %idle
           4.01    0.00    1.25   14.52    0.00   80.23

Device            r/s     rkB/s   rrqm/s  %rrqm r_await rareq-sz     w/s     wkB/s   wrqm/s  %wrqm w_await wareq-sz     d/s     dkB/s   drqm/s  %drqm d_await dareq-sz     f/s f_await  aqu-sz  %util
sda              0.00      0.00     0.00   0.00    0.00     0.00   79.00    828.00    52.00  39.69   17.33    10.48    0.00      0.00     0.00   0.00    0.00     0.00   37.00   25.89    2.33  96.00


2026년 06월 29일 22시 13분 48초
avg-cpu:  %user   %nice %system %iowait  %steal   %idle
           4.99    0.00    1.37   15.96    0.00   77.68

Device            r/s     rkB/s   rrqm/s  %rrqm r_await rareq-sz     w/s     wkB/s   wrqm/s  %wrqm w_await wareq-sz     d/s     dkB/s   drqm/s  %drqm d_await dareq-sz     f/s f_await  aqu-sz  %util
sda              0.99      3.96     0.00   0.00   10.00     4.00   72.28    796.04    43.56  37.61   17.64    11.01    0.00      0.00     0.00   0.00    0.00     0.00   35.64   24.69    2.16  85.15


2026년 06월 29일 22시 13분 49초
avg-cpu:  %user   %nice %system %iowait  %steal   %idle
           3.54    0.00    0.63   16.08    0.00   79.75

Device            r/s     rkB/s   rrqm/s  %rrqm r_await rareq-sz     w/s     wkB/s   wrqm/s  %wrqm w_await wareq-sz     d/s     dkB/s   drqm/s  %drqm d_await dareq-sz     f/s f_await  aqu-sz  %util
sda              0.00      0.00     0.00   0.00    0.00     0.00   84.00    844.00    54.00  39.13   17.27    10.05    0.00      0.00     0.00   0.00    0.00     0.00   47.00   20.36    2.41  98.40


2026년 06월 29일 22시 13분 50초
avg-cpu:  %user   %nice %system %iowait  %steal   %idle
           4.54    0.00    0.88   14.38    0.00   80.20

Device            r/s     rkB/s   rrqm/s  %rrqm r_await rareq-sz     w/s     wkB/s   wrqm/s  %wrqm w_await wareq-sz     d/s     dkB/s   drqm/s  %drqm d_await dareq-sz     f/s f_await  aqu-sz  %util
sda              0.00      0.00     0.00   0.00    0.00     0.00   74.00    776.00    47.00  38.84   15.88    10.49    0.00      0.00     0.00   0.00    0.00     0.00   38.00   23.74    2.08  94.00


2026년 06월 29일 22시 13분 51초
avg-cpu:  %user   %nice %system %iowait  %steal   %idle
           3.79    0.00    0.76   13.78    0.00   81.67

Device            r/s     rkB/s   rrqm/s  %rrqm r_await rareq-sz     w/s     wkB/s   wrqm/s  %wrqm w_await wareq-sz     d/s     dkB/s   drqm/s  %drqm d_await dareq-sz     f/s f_await  aqu-sz  %util
sda              1.00     16.00     3.00  75.00   32.00    16.00   70.00    804.00    42.00  37.50   19.23    11.49    0.00      0.00     0.00   0.00    0.00     0.00   34.00   28.06    2.33  96.00


2026년 06월 29일 22시 13분 52초
avg-cpu:  %user   %nice %system %iowait  %steal   %idle
           4.04    0.00    0.88   14.88    0.00   80.20

Device            r/s     rkB/s   rrqm/s  %rrqm r_await rareq-sz     w/s     wkB/s   wrqm/s  %wrqm w_await wareq-sz     d/s     dkB/s   drqm/s  %drqm d_await dareq-sz     f/s f_await  aqu-sz  %util
sda              1.00      8.00     1.00  50.00   24.00     8.00   72.00   1808.00    53.00  42.40   17.43    25.11    0.00      0.00     0.00   0.00    0.00     0.00   40.00   23.23    2.21  96.40


2026년 06월 29일 22시 13분 53초
avg-cpu:  %user   %nice %system %iowait  %steal   %idle
           4.13    0.00    1.25   16.27    0.00   78.35

Device            r/s     rkB/s   rrqm/s  %rrqm r_await rareq-sz     w/s     wkB/s   wrqm/s  %wrqm w_await wareq-sz     d/s     dkB/s   drqm/s  %drqm d_await dareq-sz     f/s f_await  aqu-sz  %util
sda              0.00      0.00     0.00   0.00    0.00     0.00   90.00    912.00    55.00  37.93   14.73    10.13    0.00      0.00     0.00   0.00    0.00     0.00   45.00   21.02    2.27  89.60


2026년 06월 29일 22시 13분 54초
avg-cpu:  %user   %nice %system %iowait  %steal   %idle
           5.79    0.00    0.50   13.22    0.00   80.48

Device            r/s     rkB/s   rrqm/s  %rrqm r_await rareq-sz     w/s     wkB/s   wrqm/s  %wrqm w_await wareq-sz     d/s     dkB/s   drqm/s  %drqm d_await dareq-sz     f/s f_await  aqu-sz  %util
sda              0.00      0.00     0.00   0.00    0.00     0.00   71.00    760.00    46.00  39.32   16.11    10.70    0.00      0.00     0.00   0.00    0.00     0.00   37.00   24.92    2.07  93.60


2026년 06월 29일 22시 13분 55초
avg-cpu:  %user   %nice %system %iowait  %steal   %idle
           5.36    0.00    1.87   14.96    0.00   77.81

Device            r/s     rkB/s   rrqm/s  %rrqm r_await rareq-sz     w/s     wkB/s   wrqm/s  %wrqm w_await wareq-sz     d/s     dkB/s   drqm/s  %drqm d_await dareq-sz     f/s f_await  aqu-sz  %util
sda              1.00      4.00     0.00   0.00   20.00     4.00   78.00    852.00    57.00  42.22   16.67    10.92    0.00      0.00     0.00   0.00    0.00     0.00   40.00   23.50    2.26  94.00


2026년 06월 29일 22시 13분 56초
avg-cpu:  %user   %nice %system %iowait  %steal   %idle
           5.88    0.00    2.50   14.52    0.00   77.10

Device            r/s     rkB/s   rrqm/s  %rrqm r_await rareq-sz     w/s     wkB/s   wrqm/s  %wrqm w_await wareq-sz     d/s     dkB/s   drqm/s  %drqm d_await dareq-sz     f/s f_await  aqu-sz  %util
sda              1.00      4.00     0.00   0.00   45.00     4.00   84.00    936.00    70.00  45.45   15.65    11.14    0.00      0.00     0.00   0.00    0.00     0.00   43.00   20.98    2.26  96.40


2026년 06월 29일 22시 13분 57초
avg-cpu:  %user   %nice %system %iowait  %steal   %idle
           6.57    0.00    0.88   12.88    0.00   79.67

Device            r/s     rkB/s   rrqm/s  %rrqm r_await rareq-sz     w/s     wkB/s   wrqm/s  %wrqm w_await wareq-sz     d/s     dkB/s   drqm/s  %drqm d_await dareq-sz     f/s f_await  aqu-sz  %util
sda              1.00      4.00     0.00   0.00   20.00     4.00   62.00   1688.00    42.00  40.38   16.58    27.23    0.00      0.00     0.00   0.00    0.00     0.00   32.00   27.47    1.93  89.20


2026년 06월 29일 22시 13분 58초
avg-cpu:  %user   %nice %system %iowait  %steal   %idle
           5.51    0.00    2.25   17.65    0.00   74.59

Device            r/s     rkB/s   rrqm/s  %rrqm r_await rareq-sz     w/s     wkB/s   wrqm/s  %wrqm w_await wareq-sz     d/s     dkB/s   drqm/s  %drqm d_await dareq-sz     f/s f_await  aqu-sz  %util
sda              1.00      4.00     0.00   0.00   24.00     4.00   74.00    868.00    57.00  43.51   21.70    11.73    0.00      0.00     0.00   0.00    0.00     0.00   38.00   24.18    2.55  96.00


2026년 06월 29일 22시 13분 59초
avg-cpu:  %user   %nice %system %iowait  %steal   %idle
           4.40    0.00    1.26   14.21    0.00   80.13

Device            r/s     rkB/s   rrqm/s  %rrqm r_await rareq-sz     w/s     wkB/s   wrqm/s  %wrqm w_await wareq-sz     d/s     dkB/s   drqm/s  %drqm d_await dareq-sz     f/s f_await  aqu-sz  %util
sda              0.00      0.00     0.00   0.00    0.00     0.00   86.00    864.00    56.00  39.44   14.52    10.05    0.00      0.00     0.00   0.00    0.00     0.00   45.00   20.49    2.17  97.60


2026년 06월 29일 22시 14분 00초
avg-cpu:  %user   %nice %system %iowait  %steal   %idle
           2.53    0.00    1.77   13.40    0.00   82.30

Device            r/s     rkB/s   rrqm/s  %rrqm r_await rareq-sz     w/s     wkB/s   wrqm/s  %wrqm w_await wareq-sz     d/s     dkB/s   drqm/s  %drqm d_await dareq-sz     f/s f_await  aqu-sz  %util
sda              1.00      4.00     0.00   0.00   43.00     4.00   67.00    816.00    49.00  42.24   16.06    12.18    0.00      0.00     0.00   0.00    0.00     0.00   32.00   29.06    2.05  90.40


2026년 06월 29일 22시 14분 01초
avg-cpu:  %user   %nice %system %iowait  %steal   %idle
           3.04    0.00    1.27   16.20    0.00   79.49

Device            r/s     rkB/s   rrqm/s  %rrqm r_await rareq-sz     w/s     wkB/s   wrqm/s  %wrqm w_await wareq-sz     d/s     dkB/s   drqm/s  %drqm d_await dareq-sz     f/s f_await  aqu-sz  %util
sda              0.00      0.00     0.00   0.00    0.00     0.00   65.00    652.00    34.00  34.34   19.25    10.03    0.00      0.00     0.00   0.00    0.00     0.00   32.00   28.31    2.16  94.00


2026년 06월 29일 22시 14분 02초
avg-cpu:  %user   %nice %system %iowait  %steal   %idle
           3.88    0.00    1.75   13.28    0.00   81.08

Device            r/s     rkB/s   rrqm/s  %rrqm r_await rareq-sz     w/s     wkB/s   wrqm/s  %wrqm w_await wareq-sz     d/s     dkB/s   drqm/s  %drqm d_await dareq-sz     f/s f_await  aqu-sz  %util
sda              0.00      0.00     0.00   0.00    0.00     0.00   73.00    860.00    46.00  38.66   16.25    11.78    0.00      0.00     0.00   0.00    0.00     0.00   38.00   24.97    2.13  97.20


2026년 06월 29일 22시 14분 03초
avg-cpu:  %user   %nice %system %iowait  %steal   %idle
           3.16    0.00    1.52   16.58    0.00   78.73

Device            r/s     rkB/s   rrqm/s  %rrqm r_await rareq-sz     w/s     wkB/s   wrqm/s  %wrqm w_await wareq-sz     d/s     dkB/s   drqm/s  %drqm d_await dareq-sz     f/s f_await  aqu-sz  %util
sda              3.00     12.00     0.00   0.00   32.33     4.00   84.00    796.00    46.00  35.38   14.92     9.48    0.00      0.00     0.00   0.00    0.00     0.00   43.00   20.86    2.25  96.00


2026년 06월 29일 22시 14분 04초
avg-cpu:  %user   %nice %system %iowait  %steal   %idle
           3.54    0.00    1.14   14.05    0.00   81.27

Device            r/s     rkB/s   rrqm/s  %rrqm r_await rareq-sz     w/s     wkB/s   wrqm/s  %wrqm w_await wareq-sz     d/s     dkB/s   drqm/s  %drqm d_await dareq-sz     f/s f_await  aqu-sz  %util
sda              2.00      8.00     0.00   0.00   59.00     4.00   71.00    820.00    45.00  38.79   15.34    11.55    0.00      0.00     0.00   0.00    0.00     0.00   34.00   27.44    2.14  90.40


2026년 06월 29일 22시 14분 05초
avg-cpu:  %user   %nice %system %iowait  %steal   %idle
           5.20    0.00    1.40   14.21    0.00   79.19

Device            r/s     rkB/s   rrqm/s  %rrqm r_await rareq-sz     w/s     wkB/s   wrqm/s  %wrqm w_await wareq-sz     d/s     dkB/s   drqm/s  %drqm d_await dareq-sz     f/s f_await  aqu-sz  %util
sda              1.00      4.00     0.00   0.00   22.00     4.00   77.00    892.00    56.00  42.11   14.31    11.58    0.00      0.00     0.00   0.00    0.00     0.00   39.00   23.26    2.03  96.00


2026년 06월 29일 22시 14분 06초
avg-cpu:  %user   %nice %system %iowait  %steal   %idle
           5.47    0.00    2.04   12.21    0.00   80.28

Device            r/s     rkB/s   rrqm/s  %rrqm r_await rareq-sz     w/s     wkB/s   wrqm/s  %wrqm w_await wareq-sz     d/s     dkB/s   drqm/s  %drqm d_await dareq-sz     f/s f_await  aqu-sz  %util
sda              0.00      0.00     0.00   0.00    0.00     0.00   81.00    900.00    65.00  44.52   14.11    11.11    0.00      0.00     0.00   0.00    0.00     0.00   41.00   23.44    2.10 102.00


2026년 06월 29일 22시 14분 07초
avg-cpu:  %user   %nice %system %iowait  %steal   %idle
           3.95    0.00    1.53   14.90    0.00   79.62

Device            r/s     rkB/s   rrqm/s  %rrqm r_await rareq-sz     w/s     wkB/s   wrqm/s  %wrqm w_await wareq-sz     d/s     dkB/s   drqm/s  %drqm d_await dareq-sz     f/s f_await  aqu-sz  %util
sda              1.00     16.00     3.00  75.00   47.00    16.00   80.00    908.00    45.00  36.00   17.16    11.35    0.00      0.00     0.00   0.00    0.00     0.00   38.00   22.82    2.29  90.80


2026년 06월 29일 22시 14분 08초
avg-cpu:  %user   %nice %system %iowait  %steal   %idle
           4.30    0.00    1.52   13.53    0.00   80.66

Device            r/s     rkB/s   rrqm/s  %rrqm r_await rareq-sz     w/s     wkB/s   wrqm/s  %wrqm w_await wareq-sz     d/s     dkB/s   drqm/s  %drqm d_await dareq-sz     f/s f_await  aqu-sz  %util
sda              0.00      0.00     0.00   0.00    0.00     0.00   67.00    812.00    48.00  41.74   16.46    12.12    0.00      0.00     0.00   0.00    0.00     0.00   34.00   28.09    2.06  98.80


2026년 06월 29일 22시 14분 09초
avg-cpu:  %user   %nice %system %iowait  %steal   %idle
           3.16    0.00    2.15   15.55    0.00   79.14

Device            r/s     rkB/s   rrqm/s  %rrqm r_await rareq-sz     w/s     wkB/s   wrqm/s  %wrqm w_await wareq-sz     d/s     dkB/s   drqm/s  %drqm d_await dareq-sz     f/s f_await  aqu-sz  %util
sda              0.00      0.00     0.00   0.00    0.00     0.00   83.00    896.00    51.00  38.06   16.46    10.80    0.00      0.00     0.00   0.00    0.00     0.00   45.00   21.62    2.34 100.80


2026년 06월 29일 22시 14분 10초
avg-cpu:  %user   %nice %system %iowait  %steal   %idle
           3.54    0.00    1.52   14.79    0.00   80.15

Device            r/s     rkB/s   rrqm/s  %rrqm r_await rareq-sz     w/s     wkB/s   wrqm/s  %wrqm w_await wareq-sz     d/s     dkB/s   drqm/s  %drqm d_await dareq-sz     f/s f_await  aqu-sz  %util
sda              0.00      0.00     0.00   0.00    0.00     0.00   81.00    924.00    52.00  39.10   15.17    11.41    0.00      0.00     0.00   0.00    0.00     0.00   40.00   23.40    2.17  97.60


2026년 06월 29일 22시 14분 11초
avg-cpu:  %user   %nice %system %iowait  %steal   %idle
           4.03    0.00    2.14   12.85    0.00   80.98

Device            r/s     rkB/s   rrqm/s  %rrqm r_await rareq-sz     w/s     wkB/s   wrqm/s  %wrqm w_await wareq-sz     d/s     dkB/s   drqm/s  %drqm d_await dareq-sz     f/s f_await  aqu-sz  %util
sda              0.00      0.00     0.00   0.00    0.00     0.00   89.00    912.00    55.00  38.19   12.18    10.25    0.00      0.00     0.00   0.00    0.00     0.00   48.00   19.02    2.00  94.80


2026년 06월 29일 22시 14분 12초
avg-cpu:  %user   %nice %system %iowait  %steal   %idle
           4.05    0.00    1.27   13.92    0.00   80.76

Device            r/s     rkB/s   rrqm/s  %rrqm r_await rareq-sz     w/s     wkB/s   wrqm/s  %wrqm w_await wareq-sz     d/s     dkB/s   drqm/s  %drqm d_await dareq-sz     f/s f_await  aqu-sz  %util
sda              2.00     20.00     3.00  60.00   23.00    10.00   78.00    836.00    50.00  39.06   14.96    10.72    0.00      0.00     0.00   0.00    0.00     0.00   40.00   21.77    2.08  92.80


2026년 06월 29일 22시 14분 13초
avg-cpu:  %user   %nice %system %iowait  %steal   %idle
           4.17    0.00    1.77   17.42    0.00   76.64

Device            r/s     rkB/s   rrqm/s  %rrqm r_await rareq-sz     w/s     wkB/s   wrqm/s  %wrqm w_await wareq-sz     d/s     dkB/s   drqm/s  %drqm d_await dareq-sz     f/s f_await  aqu-sz  %util
sda              1.00      4.00     0.00   0.00   76.00     4.00   70.00    876.00    60.00  46.15   19.50    12.51    0.00      0.00     0.00   0.00    0.00     0.00   38.00   25.39    2.41  94.80


2026년 06월 29일 22시 14분 14초
avg-cpu:  %user   %nice %system %iowait  %steal   %idle
           4.40    0.00    1.64   13.08    0.00   80.88

Device            r/s     rkB/s   rrqm/s  %rrqm r_await rareq-sz     w/s     wkB/s   wrqm/s  %wrqm w_await wareq-sz     d/s     dkB/s   drqm/s  %drqm d_await dareq-sz     f/s f_await  aqu-sz  %util
sda              0.00      0.00     0.00   0.00    0.00     0.00   87.00    836.00    43.00  33.08   23.91     9.61    0.00      0.00     0.00   0.00    0.00     0.00   33.00   28.76    3.03  98.80


2026년 06월 29일 22시 14분 15초
avg-cpu:  %user   %nice %system %iowait  %steal   %idle
           3.79    0.00    1.77   16.54    0.00   77.90

Device            r/s     rkB/s   rrqm/s  %rrqm r_await rareq-sz     w/s     wkB/s   wrqm/s  %wrqm w_await wareq-sz     d/s     dkB/s   drqm/s  %drqm d_await dareq-sz     f/s f_await  aqu-sz  %util
sda              2.00      8.00     0.00   0.00   17.00     4.00   82.00   2060.00    46.00  35.94   20.87    25.12    0.00      0.00     0.00   0.00    0.00     0.00   39.00   23.69    2.67  93.20


2026년 06월 29일 22시 14분 16초
avg-cpu:  %user   %nice %system %iowait  %steal   %idle
           6.44    0.00    3.16   14.90    0.00   75.51

Device            r/s     rkB/s   rrqm/s  %rrqm r_await rareq-sz     w/s     wkB/s   wrqm/s  %wrqm w_await wareq-sz     d/s     dkB/s   drqm/s  %drqm d_await dareq-sz     f/s f_await  aqu-sz  %util
sda              0.00      0.00     0.00   0.00    0.00     0.00   80.00   1048.00    77.00  49.04   16.44    13.10    0.00      0.00     0.00   0.00    0.00     0.00   42.00   21.55    2.22  91.60


2026년 06월 29일 22시 14분 17초
avg-cpu:  %user   %nice %system %iowait  %steal   %idle
           4.16    0.00    2.14   15.37    0.00   78.34

Device            r/s     rkB/s   rrqm/s  %rrqm r_await rareq-sz     w/s     wkB/s   wrqm/s  %wrqm w_await wareq-sz     d/s     dkB/s   drqm/s  %drqm d_await dareq-sz     f/s f_await  aqu-sz  %util
sda              1.00      4.00     0.00   0.00   26.00     4.00   70.00    804.00    50.00  41.67   18.33    11.49    0.00      0.00     0.00   0.00    0.00     0.00   37.00   24.70    2.22  91.20


2026년 06월 29일 22시 14분 18초
avg-cpu:  %user   %nice %system %iowait  %steal   %idle
           3.16    0.00    1.90   14.66    0.00   80.28

Device            r/s     rkB/s   rrqm/s  %rrqm r_await rareq-sz     w/s     wkB/s   wrqm/s  %wrqm w_await wareq-sz     d/s     dkB/s   drqm/s  %drqm d_await dareq-sz     f/s f_await  aqu-sz  %util
sda              0.00      0.00     0.00   0.00    0.00     0.00   82.00    904.00    49.00  37.40   14.72    11.02    0.00      0.00     0.00   0.00    0.00     0.00   36.00   24.75    2.10  90.40


2026년 06월 29일 22시 14분 19초
avg-cpu:  %user   %nice %system %iowait  %steal   %idle
           4.53    0.00    2.39   15.37    0.00   77.71

Device            r/s     rkB/s   rrqm/s  %rrqm r_await rareq-sz     w/s     wkB/s   wrqm/s  %wrqm w_await wareq-sz     d/s     dkB/s   drqm/s  %drqm d_await dareq-sz     f/s f_await  aqu-sz  %util
sda              2.00     20.00     3.00  60.00   22.50    10.00   73.00    840.00    43.00  37.07   16.48    11.51    0.00      0.00     0.00   0.00    0.00     0.00   36.00   24.75    2.14  90.00


2026년 06월 29일 22시 14분 20초
avg-cpu:  %user   %nice %system %iowait  %steal   %idle
           7.05    0.00    1.26   14.36    0.00   77.33

Device            r/s     rkB/s   rrqm/s  %rrqm r_await rareq-sz     w/s     wkB/s   wrqm/s  %wrqm w_await wareq-sz     d/s     dkB/s   drqm/s  %drqm d_await dareq-sz     f/s f_await  aqu-sz  %util
sda              0.00      0.00     0.00   0.00    0.00     0.00   80.00    840.00    47.00  37.01   16.09    10.50    0.00      0.00     0.00   0.00    0.00     0.00   42.00   21.90    2.21  95.60


2026년 06월 29일 22시 14분 21초
avg-cpu:  %user   %nice %system %iowait  %steal   %idle
           3.29    0.00    2.02   13.91    0.00   80.78

Device            r/s     rkB/s   rrqm/s  %rrqm r_await rareq-sz     w/s     wkB/s   wrqm/s  %wrqm w_await wareq-sz     d/s     dkB/s   drqm/s  %drqm d_await dareq-sz     f/s f_await  aqu-sz  %util
sda              0.00      0.00     0.00   0.00    0.00     0.00   80.00    896.00    52.00  39.39   12.93    11.20    0.00      0.00     0.00   0.00    0.00     0.00   42.00   22.71    1.99  91.60


2026년 06월 29일 22시 14분 22초
avg-cpu:  %user   %nice %system %iowait  %steal   %idle
           3.52    0.00    2.01   14.57    0.00   79.90

Device            r/s     rkB/s   rrqm/s  %rrqm r_await rareq-sz     w/s     wkB/s   wrqm/s  %wrqm w_await wareq-sz     d/s     dkB/s   drqm/s  %drqm d_await dareq-sz     f/s f_await  aqu-sz  %util
sda              2.00      8.00     0.00   0.00   61.00     4.00   88.00    888.00    48.00  35.29   15.62    10.09    0.00      0.00     0.00   0.00    0.00     0.00   45.00   20.53    2.42  96.80


2026년 06월 29일 22시 14분 23초
avg-cpu:  %user   %nice %system %iowait  %steal   %idle
           3.43    0.00    1.27   15.76    0.00   79.54

Device            r/s     rkB/s   rrqm/s  %rrqm r_await rareq-sz     w/s     wkB/s   wrqm/s  %wrqm w_await wareq-sz     d/s     dkB/s   drqm/s  %drqm d_await dareq-sz     f/s f_await  aqu-sz  %util
sda              0.00      0.00     0.00   0.00    0.00     0.00   78.00    956.00    52.00  40.00   17.26    12.26    0.00      0.00     0.00   0.00    0.00     0.00   39.00   23.72    2.27  95.20


2026년 06월 29일 22시 14분 24초
avg-cpu:  %user   %nice %system %iowait  %steal   %idle
           4.16    0.00    2.40   15.76    0.00   77.68

Device            r/s     rkB/s   rrqm/s  %rrqm r_await rareq-sz     w/s     wkB/s   wrqm/s  %wrqm w_await wareq-sz     d/s     dkB/s   drqm/s  %drqm d_await dareq-sz     f/s f_await  aqu-sz  %util
sda              0.00      0.00     0.00   0.00    0.00     0.00   71.00    852.00    49.00  40.83   16.94    12.00    0.00      0.00     0.00   0.00    0.00     0.00   38.00   23.68    2.10  91.20


2026년 06월 29일 22시 14분 25초
avg-cpu:  %user   %nice %system %iowait  %steal   %idle
           3.81    0.00    1.65   14.74    0.00   79.80

Device            r/s     rkB/s   rrqm/s  %rrqm r_await rareq-sz     w/s     wkB/s   wrqm/s  %wrqm w_await wareq-sz     d/s     dkB/s   drqm/s  %drqm d_await dareq-sz     f/s f_await  aqu-sz  %util
sda              1.00      4.00     0.00   0.00   22.00     4.00   80.00    908.00    48.00  37.50   16.48    11.35    0.00      0.00     0.00   0.00    0.00     0.00   41.00   22.95    2.28  94.00


2026년 06월 29일 22시 14분 26초
avg-cpu:  %user   %nice %system %iowait  %steal   %idle
           5.82    0.00    3.16   14.16    0.00   76.86

Device            r/s     rkB/s   rrqm/s  %rrqm r_await rareq-sz     w/s     wkB/s   wrqm/s  %wrqm w_await wareq-sz     d/s     dkB/s   drqm/s  %drqm d_await dareq-sz     f/s f_await  aqu-sz  %util
sda              0.00      0.00     0.00   0.00    0.00     0.00   86.00   1012.00    75.00  46.58   14.60    11.77    0.00      0.00     0.00   0.00    0.00     0.00   46.00   21.46    2.24 100.00


2026년 06월 29일 22시 14분 27초
avg-cpu:  %user   %nice %system %iowait  %steal   %idle
           3.68    0.00    2.03   13.71    0.00   80.58

Device            r/s     rkB/s   rrqm/s  %rrqm r_await rareq-sz     w/s     wkB/s   wrqm/s  %wrqm w_await wareq-sz     d/s     dkB/s   drqm/s  %drqm d_await dareq-sz     f/s f_await  aqu-sz  %util
sda              0.00      0.00     0.00   0.00    0.00     0.00   72.00    852.00    52.00  41.94   15.18    11.83    0.00      0.00     0.00   0.00    0.00     0.00   36.00   26.19    2.04  94.40


2026년 06월 29일 22시 14분 28초
avg-cpu:  %user   %nice %system %iowait  %steal   %idle
           4.40    0.00    2.52   14.09    0.00   78.99

Device            r/s     rkB/s   rrqm/s  %rrqm r_await rareq-sz     w/s     wkB/s   wrqm/s  %wrqm w_await wareq-sz     d/s     dkB/s   drqm/s  %drqm d_await dareq-sz     f/s f_await  aqu-sz  %util
sda              1.00      4.00     0.00   0.00   40.00     4.00   64.00    764.00    47.00  42.34   16.39    11.94    0.00      0.00     0.00   0.00    0.00     0.00   28.00   31.64    1.98  90.80


2026년 06월 29일 22시 14분 29초
avg-cpu:  %user   %nice %system %iowait  %steal   %idle
           4.17    0.00    1.77   14.54    0.00   79.52

Device            r/s     rkB/s   rrqm/s  %rrqm r_await rareq-sz     w/s     wkB/s   wrqm/s  %wrqm w_await wareq-sz     d/s     dkB/s   drqm/s  %drqm d_await dareq-sz     f/s f_await  aqu-sz  %util
sda              0.00      0.00     0.00   0.00    0.00     0.00   82.00    940.00    48.00  36.92   17.87    11.46    0.00      0.00     0.00   0.00    0.00     0.00   38.00   25.29    2.43  99.20


2026년 06월 29일 22시 14분 30초
avg-cpu:  %user   %nice %system %iowait  %steal   %idle
           3.29    0.00    1.77   14.18    0.00   80.76

Device            r/s     rkB/s   rrqm/s  %rrqm r_await rareq-sz     w/s     wkB/s   wrqm/s  %wrqm w_await wareq-sz     d/s     dkB/s   drqm/s  %drqm d_await dareq-sz     f/s f_await  aqu-sz  %util
sda              0.00      0.00     0.00   0.00    0.00     0.00   76.00    828.00    53.00  41.09   14.28    10.89    0.00      0.00     0.00   0.00    0.00     0.00   44.00   21.23    2.02  89.20


2026년 06월 29일 22시 14분 31초
avg-cpu:  %user   %nice %system %iowait  %steal   %idle
           6.31    0.00    1.13   17.78    0.00   74.78

Device            r/s     rkB/s   rrqm/s  %rrqm r_await rareq-sz     w/s     wkB/s   wrqm/s  %wrqm w_await wareq-sz     d/s     dkB/s   drqm/s  %drqm d_await dareq-sz     f/s f_await  aqu-sz  %util
sda              2.00      8.00     0.00   0.00   16.50     4.00   70.00    840.00    41.00  36.94   22.61    12.00    0.00      0.00     0.00   0.00    0.00     0.00   36.00   26.53    2.57 101.60


2026년 06월 29일 22시 14분 32초
avg-cpu:  %user   %nice %system %iowait  %steal   %idle
           3.03    0.00    1.89   16.67    0.00   78.41

Device            r/s     rkB/s   rrqm/s  %rrqm r_await rareq-sz     w/s     wkB/s   wrqm/s  %wrqm w_await wareq-sz     d/s     dkB/s   drqm/s  %drqm d_await dareq-sz     f/s f_await  aqu-sz  %util
sda              4.00     16.00     0.00   0.00   35.25     4.00   79.00   3820.00    40.00  33.61   17.70    48.35    0.00      0.00     0.00   0.00    0.00     0.00   35.00   25.74    2.44 102.00


2026년 06월 29일 22시 14분 33초
avg-cpu:  %user   %nice %system %iowait  %steal   %idle
           3.80    0.00    1.65   14.81    0.00   79.75

Device            r/s     rkB/s   rrqm/s  %rrqm r_await rareq-sz     w/s     wkB/s   wrqm/s  %wrqm w_await wareq-sz     d/s     dkB/s   drqm/s  %drqm d_await dareq-sz     f/s f_await  aqu-sz  %util
sda              0.00      0.00     0.00   0.00    0.00     0.00   74.00    964.00    51.00  40.80   16.70    13.03    0.00      0.00     0.00   0.00    0.00     0.00   38.00   23.53    2.13  93.20


2026년 06월 29일 22시 14분 34초
avg-cpu:  %user   %nice %system %iowait  %steal   %idle
           4.17    0.00    1.89   13.64    0.00   80.30

Device            r/s     rkB/s   rrqm/s  %rrqm r_await rareq-sz     w/s     wkB/s   wrqm/s  %wrqm w_await wareq-sz     d/s     dkB/s   drqm/s  %drqm d_await dareq-sz     f/s f_await  aqu-sz  %util
sda              0.00      0.00     0.00   0.00    0.00     0.00   82.00    908.00    49.00  37.40   14.15    11.07    0.00      0.00     0.00   0.00    0.00     0.00   44.00   21.70    2.12  97.60


2026년 06월 29일 22시 14분 35초
avg-cpu:  %user   %nice %system %iowait  %steal   %idle
           3.15    0.00    2.27   16.62    0.00   77.96

Device            r/s     rkB/s   rrqm/s  %rrqm r_await rareq-sz     w/s     wkB/s   wrqm/s  %wrqm w_await wareq-sz     d/s     dkB/s   drqm/s  %drqm d_await dareq-sz     f/s f_await  aqu-sz  %util
sda              2.00     20.00     3.00  60.00   51.00    10.00   95.00    920.00    52.00  35.37   31.12     9.68    0.00      0.00     0.00   0.00    0.00     0.00   26.00   35.65    3.98  91.20


2026년 06월 29일 22시 14분 36초
avg-cpu:  %user   %nice %system %iowait  %steal   %idle
           6.15    0.00    2.01   13.05    0.00   78.80

Device            r/s     rkB/s   rrqm/s  %rrqm r_await rareq-sz     w/s     wkB/s   wrqm/s  %wrqm w_await wareq-sz     d/s     dkB/s   drqm/s  %drqm d_await dareq-sz     f/s f_await  aqu-sz  %util
sda              0.00      0.00     0.00   0.00    0.00     0.00   82.00    972.00    63.00  43.45   14.11    11.85    0.00      0.00     0.00   0.00    0.00     0.00   41.00   22.88    2.09  96.00


2026년 06월 29일 22시 14분 37초
avg-cpu:  %user   %nice %system %iowait  %steal   %idle
           5.56    0.00    2.65   12.39    0.00   79.39

Device            r/s     rkB/s   rrqm/s  %rrqm r_await rareq-sz     w/s     wkB/s   wrqm/s  %wrqm w_await wareq-sz     d/s     dkB/s   drqm/s  %drqm d_await dareq-sz     f/s f_await  aqu-sz  %util
sda              0.00      0.00     0.00   0.00    0.00     0.00   72.00    904.00    62.00  46.27   14.00    12.56    0.00      0.00     0.00   0.00    0.00     0.00   35.00   25.94    1.92  75.20


2026년 06월 29일 22시 14분 38초
avg-cpu:  %user   %nice %system %iowait  %steal   %idle
           3.41    0.00    1.77   14.66    0.00   80.15

Device            r/s     rkB/s   rrqm/s  %rrqm r_await rareq-sz     w/s     wkB/s   wrqm/s  %wrqm w_await wareq-sz     d/s     dkB/s   drqm/s  %drqm d_await dareq-sz     f/s f_await  aqu-sz  %util
sda              0.00      0.00     0.00   0.00    0.00     0.00   73.00    816.00    47.00  39.17   17.01    11.18    0.00      0.00     0.00   0.00    0.00     0.00   35.00   26.26    2.16 102.00


2026년 06월 29일 22시 14분 39초
avg-cpu:  %user   %nice %system %iowait  %steal   %idle
           4.44    0.00    1.27   14.96    0.00   79.34

Device            r/s     rkB/s   rrqm/s  %rrqm r_await rareq-sz     w/s     wkB/s   wrqm/s  %wrqm w_await wareq-sz     d/s     dkB/s   drqm/s  %drqm d_await dareq-sz     f/s f_await  aqu-sz  %util
sda              1.00      4.00     0.00   0.00   39.00     4.00   77.00    856.00    43.00  35.83   16.27    11.12    0.00      0.00     0.00   0.00    0.00     0.00   41.00   22.98    2.23  98.40


2026년 06월 29일 22시 14분 40초
avg-cpu:  %user   %nice %system %iowait  %steal   %idle
           4.07    0.00    1.27   13.36    0.00   81.30

Device            r/s     rkB/s   rrqm/s  %rrqm r_await rareq-sz     w/s     wkB/s   wrqm/s  %wrqm w_await wareq-sz     d/s     dkB/s   drqm/s  %drqm d_await dareq-sz     f/s f_await  aqu-sz  %util
sda              0.00      0.00     0.00   0.00    0.00     0.00   84.00   1424.00    55.00  39.57   13.60    16.95    0.00      0.00     0.00   0.00    0.00     0.00   43.00   21.12    2.05  95.60


2026년 06월 29일 22시 14분 41초
avg-cpu:  %user   %nice %system %iowait  %steal   %idle
           4.16    0.00    1.51   18.89    0.00   75.44

Device            r/s     rkB/s   rrqm/s  %rrqm r_await rareq-sz     w/s     wkB/s   wrqm/s  %wrqm w_await wareq-sz     d/s     dkB/s   drqm/s  %drqm d_await dareq-sz     f/s f_await  aqu-sz  %util
sda              1.00      4.00     0.00   0.00   46.00     4.00   75.00   1468.00    44.00  36.97   23.69    19.57    0.00      0.00     0.00   0.00    0.00     0.00   35.00   28.20    2.81 101.20


2026년 06월 29일 22시 14분 42초
avg-cpu:  %user   %nice %system %iowait  %steal   %idle
           3.16    0.00    1.39   18.71    0.00   76.74

Device            r/s     rkB/s   rrqm/s  %rrqm r_await rareq-sz     w/s     wkB/s   wrqm/s  %wrqm w_await wareq-sz     d/s     dkB/s   drqm/s  %drqm d_await dareq-sz     f/s f_await  aqu-sz  %util
sda              0.00      0.00     0.00   0.00    0.00     0.00   78.00   1452.00    46.00  37.10   19.87    18.62    0.00      0.00     0.00   0.00    0.00     0.00   33.00   29.12    2.51  94.80


2026년 06월 29일 22시 14분 43초
avg-cpu:  %user   %nice %system %iowait  %steal   %idle
           6.31    0.00    2.40   16.39    0.00   74.91

Device            r/s     rkB/s   rrqm/s  %rrqm r_await rareq-sz     w/s     wkB/s   wrqm/s  %wrqm w_await wareq-sz     d/s     dkB/s   drqm/s  %drqm d_await dareq-sz     f/s f_await  aqu-sz  %util
sda              0.00      0.00     0.00   0.00    0.00     0.00   74.00   1148.00    47.00  38.84   15.96    15.51    0.00      0.00     0.00   0.00    0.00     0.00   36.00   24.94    2.08  93.60


2026년 06월 29일 22시 14분 44초
avg-cpu:  %user   %nice %system %iowait  %steal   %idle
           4.55    0.00    1.26   23.77    0.00   70.42

Device            r/s     rkB/s   rrqm/s  %rrqm r_await rareq-sz     w/s     wkB/s   wrqm/s  %wrqm w_await wareq-sz     d/s     dkB/s   drqm/s  %drqm d_await dareq-sz     f/s f_await  aqu-sz  %util
sda              1.00      4.00     0.00   0.00  108.00     4.00  102.00   1980.00    42.00  29.17   19.15    19.41    0.00      0.00     0.00   0.00    0.00     0.00   45.00   23.24    3.11  98.40


2026년 06월 29일 22시 14분 45초
avg-cpu:  %user   %nice %system %iowait  %steal   %idle
           3.30    0.00    1.27   19.39    0.00   76.05

Device            r/s     rkB/s   rrqm/s  %rrqm r_await rareq-sz     w/s     wkB/s   wrqm/s  %wrqm w_await wareq-sz     d/s     dkB/s   drqm/s  %drqm d_await dareq-sz     f/s f_await  aqu-sz  %util
sda              0.00      0.00     0.00   0.00    0.00     0.00  104.00   1360.00    40.00  27.78   34.48    13.08    0.00      0.00     0.00   0.00    0.00     0.00   28.00   33.61    4.53  87.20


2026년 06월 29일 22시 14분 46초
avg-cpu:  %user   %nice %system %iowait  %steal   %idle
           5.32    0.00    2.53   15.57    0.00   76.58

Device            r/s     rkB/s   rrqm/s  %rrqm r_await rareq-sz     w/s     wkB/s   wrqm/s  %wrqm w_await wareq-sz     d/s     dkB/s   drqm/s  %drqm d_await dareq-sz     f/s f_await  aqu-sz  %util
sda              2.00      8.00     0.00   0.00   17.50     4.00   82.00   1176.00    63.00  43.45   16.30    14.34    0.00      0.00     0.00   0.00    0.00     0.00   42.00   22.86    2.33  93.20


2026년 06월 29일 22시 14분 47초
avg-cpu:  %user   %nice %system %iowait  %steal   %idle
           6.41    0.00    3.52   12.81    0.00   77.26

Device            r/s     rkB/s   rrqm/s  %rrqm r_await rareq-sz     w/s     wkB/s   wrqm/s  %wrqm w_await wareq-sz     d/s     dkB/s   drqm/s  %drqm d_await dareq-sz     f/s f_await  aqu-sz  %util
sda              0.00      0.00     0.00   0.00    0.00     0.00   72.00   2352.00    61.00  45.86   18.18    32.67    0.00      0.00     0.00   0.00    0.00     0.00   37.00   25.16    2.24  96.80


2026년 06월 29일 22시 14분 48초
avg-cpu:  %user   %nice %system %iowait  %steal   %idle
           4.31    0.00    1.14   19.39    0.00   75.16

Device            r/s     rkB/s   rrqm/s  %rrqm r_await rareq-sz     w/s     wkB/s   wrqm/s  %wrqm w_await wareq-sz     d/s     dkB/s   drqm/s  %drqm d_await dareq-sz     f/s f_await  aqu-sz  %util
sda              0.00      0.00     0.00   0.00    0.00     0.00   86.00   1732.00    32.00  27.12   21.48    20.14    0.00      0.00     0.00   0.00    0.00     0.00   37.00   26.00    2.81  90.40


2026년 06월 29일 22시 14분 49초
avg-cpu:  %user   %nice %system %iowait  %steal   %idle
           4.20    0.00    1.40   19.24    0.00   75.16

Device            r/s     rkB/s   rrqm/s  %rrqm r_await rareq-sz     w/s     wkB/s   wrqm/s  %wrqm w_await wareq-sz     d/s     dkB/s   drqm/s  %drqm d_await dareq-sz     f/s f_await  aqu-sz  %util
sda              1.00      4.00     0.00   0.00   26.00     4.00   93.00   2376.00    53.00  36.30   17.85    25.55    0.00      0.00     0.00   0.00    0.00     0.00   36.00   26.61    2.65  94.00


2026년 06월 29일 22시 14분 50초
avg-cpu:  %user   %nice %system %iowait  %steal   %idle
           3.79    0.00    2.28   22.12    0.00   71.81

Device            r/s     rkB/s   rrqm/s  %rrqm r_await rareq-sz     w/s     wkB/s   wrqm/s  %wrqm w_await wareq-sz     d/s     dkB/s   drqm/s  %drqm d_await dareq-sz     f/s f_await  aqu-sz  %util
sda              2.00      8.00     0.00   0.00   38.00     4.00   79.00   1484.00    45.00  36.29   21.37    18.78    0.00      0.00     0.00   0.00    0.00     0.00   35.00   28.06    2.75  91.60


2026년 06월 29일 22시 14분 51초
avg-cpu:  %user   %nice %system %iowait  %steal   %idle
           3.40    0.00    2.64   15.99    0.00   77.96

Device            r/s     rkB/s   rrqm/s  %rrqm r_await rareq-sz     w/s     wkB/s   wrqm/s  %wrqm w_await wareq-sz     d/s     dkB/s   drqm/s  %drqm d_await dareq-sz     f/s f_await  aqu-sz  %util
sda              1.00     16.00     3.00  75.00   40.00    16.00   80.00   1468.00    45.00  36.00   16.98    18.35    0.00      0.00     0.00   0.00    0.00     0.00   41.00   23.76    2.37  99.20


2026년 06월 29일 22시 14분 52초
avg-cpu:  %user   %nice %system %iowait  %steal   %idle
           3.30    0.00    2.54   18.81    0.00   75.35

Device            r/s     rkB/s   rrqm/s  %rrqm r_await rareq-sz     w/s     wkB/s   wrqm/s  %wrqm w_await wareq-sz     d/s     dkB/s   drqm/s  %drqm d_await dareq-sz     f/s f_await  aqu-sz  %util
sda              1.00      8.00     1.00  50.00   34.00     8.00   87.00   2176.00    53.00  37.86   17.34    25.01    0.00      0.00     0.00   0.00    0.00     0.00   36.00   26.31    2.49  98.80


2026년 06월 29일 22시 14분 53초
avg-cpu:  %user   %nice %system %iowait  %steal   %idle
           3.15    0.00    2.14   20.18    0.00   74.53

Device            r/s     rkB/s   rrqm/s  %rrqm r_await rareq-sz     w/s     wkB/s   wrqm/s  %wrqm w_await wareq-sz     d/s     dkB/s   drqm/s  %drqm d_await dareq-sz     f/s f_await  aqu-sz  %util
sda              0.00      0.00     0.00   0.00    0.00     0.00   80.00   1784.00    45.00  36.00   22.73    22.30    0.00      0.00     0.00   0.00    0.00     0.00   35.00   27.34    2.78  95.20


2026년 06월 29일 22시 14분 54초
avg-cpu:  %user   %nice %system %iowait  %steal   %idle
           4.16    0.00    2.40   22.70    0.00   70.74

Device            r/s     rkB/s   rrqm/s  %rrqm r_await rareq-sz     w/s     wkB/s   wrqm/s  %wrqm w_await wareq-sz     d/s     dkB/s   drqm/s  %drqm d_await dareq-sz     f/s f_await  aqu-sz  %util
sda              1.00      4.00     0.00   0.00   31.00     4.00   79.00   1736.00    46.00  36.80   23.28    21.97    0.00      0.00     0.00   0.00    0.00     0.00   37.00   26.81    2.86  94.00


2026년 06월 29일 22시 14분 55초
avg-cpu:  %user   %nice %system %iowait  %steal   %idle
           4.83    0.00    1.91   18.93    0.00   74.33

Device            r/s     rkB/s   rrqm/s  %rrqm r_await rareq-sz     w/s     wkB/s   wrqm/s  %wrqm w_await wareq-sz     d/s     dkB/s   drqm/s  %drqm d_await dareq-sz     f/s f_await  aqu-sz  %util
sda              0.00      0.00     0.00   0.00    0.00     0.00   82.00   1892.00    41.00  33.33   20.51    23.07    0.00      0.00     0.00   0.00    0.00     0.00   33.00   28.55    2.62  94.00


2026년 06월 29일 22시 14분 56초
avg-cpu:  %user   %nice %system %iowait  %steal   %idle
           4.69    0.00    2.15   21.42    0.00   71.74

Device            r/s     rkB/s   rrqm/s  %rrqm r_await rareq-sz     w/s     wkB/s   wrqm/s  %wrqm w_await wareq-sz     d/s     dkB/s   drqm/s  %drqm d_await dareq-sz     f/s f_await  aqu-sz  %util
sda              1.00     16.00     3.00  75.00   91.00    16.00   80.00   1588.00    62.00  43.66   22.79    19.85    0.00      0.00     0.00   0.00    0.00     0.00   39.00   26.44    2.94 102.40


2026년 06월 29일 22시 14분 57초
avg-cpu:  %user   %nice %system %iowait  %steal   %idle
           6.34    0.00    3.17   19.14    0.00   71.36

Device            r/s     rkB/s   rrqm/s  %rrqm r_await rareq-sz     w/s     wkB/s   wrqm/s  %wrqm w_await wareq-sz     d/s     dkB/s   drqm/s  %drqm d_await dareq-sz     f/s f_await  aqu-sz  %util
sda              1.00      8.00     1.00  50.00   62.00     8.00   69.00   1584.00    61.00  46.92   22.12    22.96    0.00      0.00     0.00   0.00    0.00     0.00   34.00   28.71    2.56  93.20


2026년 06월 29일 22시 14분 58초
avg-cpu:  %user   %nice %system %iowait  %steal   %idle
           4.04    0.00    3.03   20.93    0.00   72.01

Device            r/s     rkB/s   rrqm/s  %rrqm r_await rareq-sz     w/s     wkB/s   wrqm/s  %wrqm w_await wareq-sz     d/s     dkB/s   drqm/s  %drqm d_await dareq-sz     f/s f_await  aqu-sz  %util
sda              1.00      4.00     0.00   0.00   45.00     4.00   87.00   2824.00    51.00  36.96   20.64    32.46    0.00      0.00     0.00   0.00    0.00     0.00   34.00   28.00    2.79  98.40


2026년 06월 29일 22시 14분 59초
avg-cpu:  %user   %nice %system %iowait  %steal   %idle
           4.68    0.00    2.28   16.31    0.00   76.74

Device            r/s     rkB/s   rrqm/s  %rrqm r_await rareq-sz     w/s     wkB/s   wrqm/s  %wrqm w_await wareq-sz     d/s     dkB/s   drqm/s  %drqm d_await dareq-sz     f/s f_await  aqu-sz  %util
sda              1.00      4.00     0.00   0.00   29.00     4.00   85.00   1720.00    44.00  34.11   18.24    20.24    0.00      0.00     0.00   0.00    0.00     0.00   44.00   23.02    2.59  96.40


2026년 06월 29일 22시 15분 00초
avg-cpu:  %user   %nice %system %iowait  %steal   %idle
           3.53    0.00    2.14   15.51    0.00   78.81

Device            r/s     rkB/s   rrqm/s  %rrqm r_await rareq-sz     w/s     wkB/s   wrqm/s  %wrqm w_await wareq-sz     d/s     dkB/s   drqm/s  %drqm d_await dareq-sz     f/s f_await  aqu-sz  %util
sda              0.00      0.00     0.00   0.00    0.00     0.00   79.00   1564.00    50.00  38.76   16.59    19.80    0.00      0.00     0.00   0.00    0.00     0.00   37.00   25.22    2.24  99.60


2026년 06월 29일 22시 15분 01초
avg-cpu:  %user   %nice %system %iowait  %steal   %idle
           2.80    0.00    2.80   17.15    0.00   77.26

Device            r/s     rkB/s   rrqm/s  %rrqm r_await rareq-sz     w/s     wkB/s   wrqm/s  %wrqm w_await wareq-sz     d/s     dkB/s   drqm/s  %drqm d_await dareq-sz     f/s f_await  aqu-sz  %util
sda              0.00      0.00     0.00   0.00    0.00     0.00   79.00   1608.00    40.00  33.61   16.56    20.35    0.00      0.00     0.00   0.00    0.00     0.00   41.00   23.73    2.28  92.40


2026년 06월 29일 22시 15분 02초
avg-cpu:  %user   %nice %system %iowait  %steal   %idle
           4.03    0.00    2.64   22.01    0.00   71.32

Device            r/s     rkB/s   rrqm/s  %rrqm r_await rareq-sz     w/s     wkB/s   wrqm/s  %wrqm w_await wareq-sz     d/s     dkB/s   drqm/s  %drqm d_await dareq-sz     f/s f_await  aqu-sz  %util
sda              5.00     68.00     3.00  37.50  143.40    13.60   86.00   1928.00    48.00  35.82   20.21    22.42    0.00      0.00     0.00   0.00    0.00     0.00   38.00   25.95    3.44  96.40


2026년 06월 29일 22시 15분 03초
avg-cpu:  %user   %nice %system %iowait  %steal   %idle
           3.54    0.00    2.41   20.76    0.00   73.29

Device            r/s     rkB/s   rrqm/s  %rrqm r_await rareq-sz     w/s     wkB/s   wrqm/s  %wrqm w_await wareq-sz     d/s     dkB/s   drqm/s  %drqm d_await dareq-sz     f/s f_await  aqu-sz  %util
sda              1.00      4.00     0.00   0.00   25.00     4.00   98.00   2016.00    59.00  37.58   16.90    20.57    0.00      0.00     0.00   0.00    0.00     0.00   51.00   18.86    2.64  97.20


2026년 06월 29일 22시 15분 04초
avg-cpu:  %user   %nice %system %iowait  %steal   %idle
           4.55    0.00    2.28   17.70    0.00   75.47

Device            r/s     rkB/s   rrqm/s  %rrqm r_await rareq-sz     w/s     wkB/s   wrqm/s  %wrqm w_await wareq-sz     d/s     dkB/s   drqm/s  %drqm d_await dareq-sz     f/s f_await  aqu-sz  %util
sda              0.00      0.00     0.00   0.00    0.00     0.00   75.00   1848.00    54.00  41.86   18.65    24.64    0.00      0.00     0.00   0.00    0.00     0.00   36.00   26.44    2.35  91.60


2026년 06월 29일 22시 15분 05초
avg-cpu:  %user   %nice %system %iowait  %steal   %idle
           2.80    0.00    2.16   20.08    0.00   74.97

Device            r/s     rkB/s   rrqm/s  %rrqm r_await rareq-sz     w/s     wkB/s   wrqm/s  %wrqm w_await wareq-sz     d/s     dkB/s   drqm/s  %drqm d_await dareq-sz     f/s f_await  aqu-sz  %util
sda              1.00     16.00     3.00  75.00   22.00    16.00   88.00   1988.00    41.00  31.78   19.55    22.59    0.00      0.00     0.00   0.00    0.00     0.00   39.00   25.21    2.73  97.60


2026년 06월 29일 22시 15분 06초
avg-cpu:  %user   %nice %system %iowait  %steal   %idle
           6.62    0.00    2.68   21.66    0.00   69.04

Device            r/s     rkB/s   rrqm/s  %rrqm r_await rareq-sz     w/s     wkB/s   wrqm/s  %wrqm w_await wareq-sz     d/s     dkB/s   drqm/s  %drqm d_await dareq-sz     f/s f_await  aqu-sz  %util
sda              0.00      0.00     0.00   0.00    0.00     0.00   88.00   2268.00    46.00  34.33   21.22    25.77    0.00      0.00     0.00   0.00    0.00     0.00   37.00   26.57    2.85  97.60


2026년 06월 29일 22시 15분 07초
avg-cpu:  %user   %nice %system %iowait  %steal   %idle
           6.68    0.00    2.90   20.43    0.00   69.99

Device            r/s     rkB/s   rrqm/s  %rrqm r_await rareq-sz     w/s     wkB/s   wrqm/s  %wrqm w_await wareq-sz     d/s     dkB/s   drqm/s  %drqm d_await dareq-sz     f/s f_await  aqu-sz  %util
sda              0.00      0.00     0.00   0.00    0.00     0.00   93.00   2352.00    55.00  37.16   19.34    25.29    0.00      0.00     0.00   0.00    0.00     0.00   38.00   24.89    2.75  96.40


2026년 06월 29일 22시 15분 08초
avg-cpu:  %user   %nice %system %iowait  %steal   %idle
           3.68    0.00    1.77   20.28    0.00   74.27

Device            r/s     rkB/s   rrqm/s  %rrqm r_await rareq-sz     w/s     wkB/s   wrqm/s  %wrqm w_await wareq-sz     d/s     dkB/s   drqm/s  %drqm d_await dareq-sz     f/s f_await  aqu-sz  %util
sda              0.00      0.00     0.00   0.00    0.00     0.00   83.00   2496.00    34.00  29.06   20.40    30.07    0.00      0.00     0.00   0.00    0.00     0.00   43.00   22.81    2.67  89.20


2026년 06월 29일 22시 15분 09초
avg-cpu:  %user   %nice %system %iowait  %steal   %idle
           4.42    0.00    2.53   16.94    0.00   76.11

Device            r/s     rkB/s   rrqm/s  %rrqm r_await rareq-sz     w/s     wkB/s   wrqm/s  %wrqm w_await wareq-sz     d/s     dkB/s   drqm/s  %drqm d_await dareq-sz     f/s f_await  aqu-sz  %util
sda              1.00     16.00     3.00  75.00   27.00    16.00   79.00   1456.00    51.00  39.23   17.39    18.43    0.00      0.00     0.00   0.00    0.00     0.00   40.00   24.75    2.39  99.60


2026년 06월 29일 22시 15분 10초
avg-cpu:  %user   %nice %system %iowait  %steal   %idle
           3.04    0.00    2.03   18.88    0.00   76.05

Device            r/s     rkB/s   rrqm/s  %rrqm r_await rareq-sz     w/s     wkB/s   wrqm/s  %wrqm w_await wareq-sz     d/s     dkB/s   drqm/s  %drqm d_await dareq-sz     f/s f_await  aqu-sz  %util
sda              0.00      0.00     0.00   0.00    0.00     0.00   92.00   1892.00    38.00  29.23   19.00    20.57    0.00      0.00     0.00   0.00    0.00     0.00   34.00   28.79    2.73  97.60


2026년 06월 29일 22시 15분 11초
avg-cpu:  %user   %nice %system %iowait  %steal   %idle
           6.19    0.00    2.02   16.56    0.00   75.22

Device            r/s     rkB/s   rrqm/s  %rrqm r_await rareq-sz     w/s     wkB/s   wrqm/s  %wrqm w_await wareq-sz     d/s     dkB/s   drqm/s  %drqm d_await dareq-sz     f/s f_await  aqu-sz  %util
sda              0.00      0.00     0.00   0.00    0.00     0.00  101.00   2288.00    60.00  37.27   14.90    22.65    0.00      0.00     0.00   0.00    0.00     0.00   42.00   23.00    2.47  94.80


2026년 06월 29일 22시 15분 12초
avg-cpu:  %user   %nice %system %iowait  %steal   %idle
           4.67    0.00    2.15   18.81    0.00   74.37

Device            r/s     rkB/s   rrqm/s  %rrqm r_await rareq-sz     w/s     wkB/s   wrqm/s  %wrqm w_await wareq-sz     d/s     dkB/s   drqm/s  %drqm d_await dareq-sz     f/s f_await  aqu-sz  %util
sda              1.00     16.00     3.00  75.00   54.00    16.00   81.00   1404.00    35.00  30.17   19.20    17.33    0.00      0.00     0.00   0.00    0.00     0.00   32.00   30.72    2.59  87.20


2026년 06월 29일 22시 15분 13초
avg-cpu:  %user   %nice %system %iowait  %steal   %idle
           4.32    0.00    2.16   18.04    0.00   75.48

Device            r/s     rkB/s   rrqm/s  %rrqm r_await rareq-sz     w/s     wkB/s   wrqm/s  %wrqm w_await wareq-sz     d/s     dkB/s   drqm/s  %drqm d_await dareq-sz     f/s f_await  aqu-sz  %util
sda              0.00      0.00     0.00   0.00    0.00     0.00   81.00   1784.00    48.00  37.21   18.26    22.02    0.00      0.00     0.00   0.00    0.00     0.00   31.00   28.71    2.37  94.80


2026년 06월 29일 22시 15분 14초
avg-cpu:  %user   %nice %system %iowait  %steal   %idle
           4.82    0.00    2.28   17.26    0.00   75.63

Device            r/s     rkB/s   rrqm/s  %rrqm r_await rareq-sz     w/s     wkB/s   wrqm/s  %wrqm w_await wareq-sz     d/s     dkB/s   drqm/s  %drqm d_await dareq-sz     f/s f_await  aqu-sz  %util
sda              0.00      0.00     0.00   0.00    0.00     0.00   99.00   1312.00    56.00  36.13   16.51    13.25    0.00      0.00     0.00   0.00    0.00     0.00   49.00   21.00    2.66 106.00


2026년 06월 29일 22시 15분 15초
avg-cpu:  %user   %nice %system %iowait  %steal   %idle
           3.66    0.00    2.65   14.14    0.00   79.55

Device            r/s     rkB/s   rrqm/s  %rrqm r_await rareq-sz     w/s     wkB/s   wrqm/s  %wrqm w_await wareq-sz     d/s     dkB/s   drqm/s  %drqm d_await dareq-sz     f/s f_await  aqu-sz  %util
sda              0.00      0.00     0.00   0.00    0.00     0.00   83.00   1084.00    51.00  38.06   13.45    13.06    0.00      0.00     0.00   0.00    0.00     0.00   38.00   22.82    1.98  89.60


2026년 06월 29일 22시 15분 16초
avg-cpu:  %user   %nice %system %iowait  %steal   %idle
           5.07    0.00    2.28   12.29    0.00   80.35

Device            r/s     rkB/s   rrqm/s  %rrqm r_await rareq-sz     w/s     wkB/s   wrqm/s  %wrqm w_await wareq-sz     d/s     dkB/s   drqm/s  %drqm d_await dareq-sz     f/s f_await  aqu-sz  %util
sda              1.00     16.00     3.00  75.00   23.00    16.00   87.00    900.00    42.00  32.56   38.28    10.34    0.00      0.00     0.00   0.00    0.00     0.00   26.00   35.92    4.29  97.20


2026년 06월 29일 22시 15분 17초
avg-cpu:  %user   %nice %system %iowait  %steal   %idle
           5.56    0.00    3.16   14.52    0.00   76.77

Device            r/s     rkB/s   rrqm/s  %rrqm r_await rareq-sz     w/s     wkB/s   wrqm/s  %wrqm w_await wareq-sz     d/s     dkB/s   drqm/s  %drqm d_await dareq-sz     f/s f_await  aqu-sz  %util
sda              1.00      4.00     0.00   0.00   19.00     4.00   83.00   1120.00    65.00  43.92   15.11    13.49    0.00      0.00     0.00   0.00    0.00     0.00   41.00   24.20    2.27  96.00


2026년 06월 29일 22시 15분 18초
avg-cpu:  %user   %nice %system %iowait  %steal   %idle
           4.20    0.00    1.53   13.12    0.00   81.15

Device            r/s     rkB/s   rrqm/s  %rrqm r_await rareq-sz     w/s     wkB/s   wrqm/s  %wrqm w_await wareq-sz     d/s     dkB/s   drqm/s  %drqm d_await dareq-sz     f/s f_await  aqu-sz  %util
sda              1.00      8.00     1.00  50.00   18.00     8.00   62.00    880.00    35.00  36.08   17.65    14.19    0.00      0.00     0.00   0.00    0.00     0.00   29.00   31.21    2.02  87.60


2026년 06월 29일 22시 15분 19초
avg-cpu:  %user   %nice %system %iowait  %steal   %idle
           3.79    0.00    2.02   15.68    0.00   78.51

Device            r/s     rkB/s   rrqm/s  %rrqm r_await rareq-sz     w/s     wkB/s   wrqm/s  %wrqm w_await wareq-sz     d/s     dkB/s   drqm/s  %drqm d_await dareq-sz     f/s f_await  aqu-sz  %util
sda              1.00      4.00     0.00   0.00   19.00     4.00   63.00   1796.00    43.00  40.57   19.08    28.51    0.00      0.00     0.00   0.00    0.00     0.00   33.00   27.64    2.13  79.60


2026년 06월 29일 22시 15분 20초
avg-cpu:  %user   %nice %system %iowait  %steal   %idle
           4.94    0.00    2.03   14.43    0.00   78.61

Device            r/s     rkB/s   rrqm/s  %rrqm r_await rareq-sz     w/s     wkB/s   wrqm/s  %wrqm w_await wareq-sz     d/s     dkB/s   drqm/s  %drqm d_await dareq-sz     f/s f_await  aqu-sz  %util
sda              1.00      4.00     0.00   0.00   17.00     4.00   73.00   1096.00    44.00  37.61   19.08    15.01    0.00      0.00     0.00   0.00    0.00     0.00   32.00   27.81    2.30 102.00


2026년 06월 29일 22시 15분 21초
avg-cpu:  %user   %nice %system %iowait  %steal   %idle
           5.18    0.00    1.77   12.63    0.00   80.43

Device            r/s     rkB/s   rrqm/s  %rrqm r_await rareq-sz     w/s     wkB/s   wrqm/s  %wrqm w_await wareq-sz     d/s     dkB/s   drqm/s  %drqm d_await dareq-sz     f/s f_await  aqu-sz  %util
sda              1.00      4.00     0.00   0.00   16.00     4.00   74.00    984.00    51.00  40.80   13.50    13.30    0.00      0.00     0.00   0.00    0.00     0.00   39.00   21.64    1.86  89.60


2026년 06월 29일 22시 15분 22초
avg-cpu:  %user   %nice %system %iowait  %steal   %idle
           4.19    0.00    1.91   14.49    0.00   79.42

Device            r/s     rkB/s   rrqm/s  %rrqm r_await rareq-sz     w/s     wkB/s   wrqm/s  %wrqm w_await wareq-sz     d/s     dkB/s   drqm/s  %drqm d_await dareq-sz     f/s f_await  aqu-sz  %util
sda              0.00      0.00     0.00   0.00    0.00     0.00   68.00    948.00    41.00  37.61   17.74    13.94    0.00      0.00     0.00   0.00    0.00     0.00   34.00   27.35    2.14  95.60


2026년 06월 29일 22시 15분 23초
avg-cpu:  %user   %nice %system %iowait  %steal   %idle
           4.53    0.00    2.27   15.74    0.00   77.46

Device            r/s     rkB/s   rrqm/s  %rrqm r_await rareq-sz     w/s     wkB/s   wrqm/s  %wrqm w_await wareq-sz     d/s     dkB/s   drqm/s  %drqm d_await dareq-sz     f/s f_await  aqu-sz  %util
sda              1.00      4.00     0.00   0.00   97.00     4.00   69.00   1372.00    46.00  40.00   18.58    19.88    0.00      0.00     0.00   0.00    0.00     0.00   35.00   27.17    2.33  92.40


2026년 06월 29일 22시 15분 24초
avg-cpu:  %user   %nice %system %iowait  %steal   %idle
           4.06    0.00    1.77   23.07    0.00   71.10

Device            r/s     rkB/s   rrqm/s  %rrqm r_await rareq-sz     w/s     wkB/s   wrqm/s  %wrqm w_await wareq-sz     d/s     dkB/s   drqm/s  %drqm d_await dareq-sz     f/s f_await  aqu-sz  %util
sda              1.00      4.00     0.00   0.00   56.00     4.00   96.00   1936.00    41.00  29.93   18.80    20.17    0.00      0.00     0.00   0.00    0.00     0.00   37.00   28.00    2.90 101.60


2026년 06월 29일 22시 15분 25초
avg-cpu:  %user   %nice %system %iowait  %steal   %idle
           3.79    0.00    1.77   17.30    0.00   77.15

Device            r/s     rkB/s   rrqm/s  %rrqm r_await rareq-sz     w/s     wkB/s   wrqm/s  %wrqm w_await wareq-sz     d/s     dkB/s   drqm/s  %drqm d_await dareq-sz     f/s f_await  aqu-sz  %util
sda              0.00      0.00     0.00   0.00    0.00     0.00   94.00   1788.00    32.00  25.40   17.14    19.02    0.00      0.00     0.00   0.00    0.00     0.00   36.00   26.47    2.56  97.20


2026년 06월 29일 22시 15분 26초
avg-cpu:  %user   %nice %system %iowait  %steal   %idle
           5.76    0.00    2.38   18.90    0.00   72.97

Device            r/s     rkB/s   rrqm/s  %rrqm r_await rareq-sz     w/s     wkB/s   wrqm/s  %wrqm w_await wareq-sz     d/s     dkB/s   drqm/s  %drqm d_await dareq-sz     f/s f_await  aqu-sz  %util
sda              0.00      0.00     0.00   0.00    0.00     0.00   85.00   1808.00    49.00  36.57   19.94    21.27    0.00      0.00     0.00   0.00    0.00     0.00   41.00   24.27    2.69  97.60


2026년 06월 29일 22시 15분 27초
avg-cpu:  %user   %nice %system %iowait  %steal   %idle
           8.31    0.00    2.64   23.55    0.00   65.49

Device            r/s     rkB/s   rrqm/s  %rrqm r_await rareq-sz     w/s     wkB/s   wrqm/s  %wrqm w_await wareq-sz     d/s     dkB/s   drqm/s  %drqm d_await dareq-sz     f/s f_await  aqu-sz  %util
sda              2.00      8.00     0.00   0.00   47.00     4.00   83.00   2276.00    57.00  40.71   22.99    27.42    0.00      0.00     0.00   0.00    0.00     0.00   37.00   26.84    3.00  93.20


2026년 06월 29일 22시 15분 28초
avg-cpu:  %user   %nice %system %iowait  %steal   %idle
           6.03    0.00    2.76   16.96    0.00   74.25

Device            r/s     rkB/s   rrqm/s  %rrqm r_await rareq-sz     w/s     wkB/s   wrqm/s  %wrqm w_await wareq-sz     d/s     dkB/s   drqm/s  %drqm d_await dareq-sz     f/s f_await  aqu-sz  %util
sda              2.00      8.00     0.00   0.00   54.00     4.00   75.00   1748.00    53.00  41.41   18.03    23.31    0.00      0.00     0.00   0.00    0.00     0.00   37.00   25.38    2.40 100.80


2026년 06월 29일 22시 15분 29초
avg-cpu:  %user   %nice %system %iowait  %steal   %idle
           4.05    0.00    1.90   20.99    0.00   73.07

Device            r/s     rkB/s   rrqm/s  %rrqm r_await rareq-sz     w/s     wkB/s   wrqm/s  %wrqm w_await wareq-sz     d/s     dkB/s   drqm/s  %drqm d_await dareq-sz     f/s f_await  aqu-sz  %util
sda              1.00      4.00     0.00   0.00  119.00     4.00   81.00   2788.00    51.00  38.64   17.90    34.42    0.00      0.00     0.00   0.00    0.00     0.00   31.00   30.87    2.52  95.60


2026년 06월 29일 22시 15분 30초
avg-cpu:  %user   %nice %system %iowait  %steal   %idle
           3.69    0.00    1.40   18.22    0.00   76.69

Device            r/s     rkB/s   rrqm/s  %rrqm r_await rareq-sz     w/s     wkB/s   wrqm/s  %wrqm w_await wareq-sz     d/s     dkB/s   drqm/s  %drqm d_await dareq-sz     f/s f_await  aqu-sz  %util
sda              1.00      4.00     0.00   0.00   36.00     4.00   83.00   1800.00    46.00  35.66   17.52    21.69    0.00      0.00     0.00   0.00    0.00     0.00   42.00   22.93    2.45  94.00


2026년 06월 29일 22시 15분 31초
avg-cpu:  %user   %nice %system %iowait  %steal   %idle
           6.11    0.00    1.40   19.59    0.00   72.90

Device            r/s     rkB/s   rrqm/s  %rrqm r_await rareq-sz     w/s     wkB/s   wrqm/s  %wrqm w_await wareq-sz     d/s     dkB/s   drqm/s  %drqm d_await dareq-sz     f/s f_await  aqu-sz  %util
sda              2.00     20.00     3.00  60.00   52.50    10.00   85.00   2172.00    56.00  39.72   18.86    25.55    0.00      0.00     0.00   0.00    0.00     0.00   35.00   26.97    2.65  99.20


2026년 06월 29일 22시 15분 32초
avg-cpu:  %user   %nice %system %iowait  %steal   %idle
           4.95    0.00    2.03   16.12    0.00   76.90

Device            r/s     rkB/s   rrqm/s  %rrqm r_await rareq-sz     w/s     wkB/s   wrqm/s  %wrqm w_await wareq-sz     d/s     dkB/s   drqm/s  %drqm d_await dareq-sz     f/s f_await  aqu-sz  %util
sda              0.00      0.00     0.00   0.00    0.00     0.00   96.00   1344.00    49.00  33.79   25.19    14.00    0.00      0.00     0.00   0.00    0.00     0.00   38.00   24.58    3.35  96.00


2026년 06월 29일 22시 15분 33초
avg-cpu:  %user   %nice %system %iowait  %steal   %idle
           4.85    0.00    1.15   23.85    0.00   70.15

Device            r/s     rkB/s   rrqm/s  %rrqm r_await rareq-sz     w/s     wkB/s   wrqm/s  %wrqm w_await wareq-sz     d/s     dkB/s   drqm/s  %drqm d_await dareq-sz     f/s f_await  aqu-sz  %util
sda              2.00     12.00     1.00  33.33   74.50     6.00   85.00   1812.00    40.00  32.00   50.73    21.32    0.00      0.00     0.00   0.00    0.00     0.00   25.00   40.76    5.48  98.00


2026년 06월 29일 22시 15분 34초
avg-cpu:  %user   %nice %system %iowait  %steal   %idle
           5.10    0.00    1.40   22.04    0.00   71.46

Device            r/s     rkB/s   rrqm/s  %rrqm r_await rareq-sz     w/s     wkB/s   wrqm/s  %wrqm w_await wareq-sz     d/s     dkB/s   drqm/s  %drqm d_await dareq-sz     f/s f_await  aqu-sz  %util
sda              0.00      0.00     0.00   0.00    0.00     0.00   92.00   2040.00    36.00  28.12   19.45    22.17    0.00      0.00     0.00   0.00    0.00     0.00   31.00   30.45    2.73  93.20


2026년 06월 29일 22시 15분 35초
avg-cpu:  %user   %nice %system %iowait  %steal   %idle
           4.73    0.00    0.77   19.05    0.00   75.45

Device            r/s     rkB/s   rrqm/s  %rrqm r_await rareq-sz     w/s     wkB/s   wrqm/s  %wrqm w_await wareq-sz     d/s     dkB/s   drqm/s  %drqm d_await dareq-sz     f/s f_await  aqu-sz  %util
sda              1.00      4.00     0.00   0.00  106.00     4.00   76.00   1732.00    38.00  33.33   22.50    22.79    0.00      0.00     0.00   0.00    0.00     0.00   34.00   29.71    2.83  99.60


2026년 06월 29일 22시 15분 36초
avg-cpu:  %user   %nice %system %iowait  %steal   %idle
           4.70    0.00    2.03   16.65    0.00   76.62

Device            r/s     rkB/s   rrqm/s  %rrqm r_await rareq-sz     w/s     wkB/s   wrqm/s  %wrqm w_await wareq-sz     d/s     dkB/s   drqm/s  %drqm d_await dareq-sz     f/s f_await  aqu-sz  %util
sda              1.00      4.00     0.00   0.00   64.00     4.00   71.00   1996.00    48.00  40.34   20.17    28.11    0.00      0.00     0.00   0.00    0.00     0.00   33.00   30.06    2.49 100.00


2026년 06월 29일 22시 15분 37초
avg-cpu:  %user   %nice %system %iowait  %steal   %idle
           6.28    0.00    2.18   22.82    0.00   68.72

Device            r/s     rkB/s   rrqm/s  %rrqm r_await rareq-sz     w/s     wkB/s   wrqm/s  %wrqm w_await wareq-sz     d/s     dkB/s   drqm/s  %drqm d_await dareq-sz     f/s f_await  aqu-sz  %util
sda              2.00      8.00     0.00   0.00   62.50     4.00   62.00   2664.00    54.00  46.55   26.35    42.97    0.00      0.00     0.00   0.00    0.00     0.00   33.00   29.67    2.74  98.00


2026년 06월 29일 22시 15분 38초
avg-cpu:  %user   %nice %system %iowait  %steal   %idle
           5.49    0.00    1.02   20.05    0.00   73.44

Device            r/s     rkB/s   rrqm/s  %rrqm r_await rareq-sz     w/s     wkB/s   wrqm/s  %wrqm w_await wareq-sz     d/s     dkB/s   drqm/s  %drqm d_await dareq-sz     f/s f_await  aqu-sz  %util
sda              3.00     12.00     0.00   0.00   98.00     4.00   66.00   1688.00    40.00  37.74   22.67    25.58    0.00      0.00     0.00   0.00    0.00     0.00   25.00   37.24    2.72  95.20


2026년 06월 29일 22시 15분 39초
avg-cpu:  %user   %nice %system %iowait  %steal   %idle
           5.46    0.00    1.52   16.65    0.00   76.37

Device            r/s     rkB/s   rrqm/s  %rrqm r_await rareq-sz     w/s     wkB/s   wrqm/s  %wrqm w_await wareq-sz     d/s     dkB/s   drqm/s  %drqm d_await dareq-sz     f/s f_await  aqu-sz  %util
sda              1.00      4.00     0.00   0.00   59.00     4.00   74.00   1460.00    46.00  38.33   17.74    19.73    0.00      0.00     0.00   0.00    0.00     0.00   31.00   31.32    2.34  95.20


2026년 06월 29일 22시 15분 40초
avg-cpu:  %user   %nice %system %iowait  %steal   %idle
           4.44    0.00    1.14   23.98    0.00   70.43

Device            r/s     rkB/s   rrqm/s  %rrqm r_await rareq-sz     w/s     wkB/s   wrqm/s  %wrqm w_await wareq-sz     d/s     dkB/s   drqm/s  %drqm d_await dareq-sz     f/s f_await  aqu-sz  %util
sda              4.00     16.00     0.00   0.00   28.25     4.00   74.00   3296.00    43.00  36.75   21.93    44.54    0.00      0.00     0.00   0.00    0.00     0.00   34.00   24.76    2.58  97.20


2026년 06월 29일 22시 15분 41초
avg-cpu:  %user   %nice %system %iowait  %steal   %idle
           5.52    0.00    1.16   16.69    0.00   76.64

Device            r/s     rkB/s   rrqm/s  %rrqm r_await rareq-sz     w/s     wkB/s   wrqm/s  %wrqm w_await wareq-sz     d/s     dkB/s   drqm/s  %drqm d_await dareq-sz     f/s f_await  aqu-sz  %util
sda              4.00     16.00     0.00   0.00   27.75     4.00   89.00   1744.00    48.00  35.04   16.83    19.60    0.00      0.00     0.00   0.00    0.00     0.00   47.00   21.40    2.62 100.40


2026년 06월 29일 22시 15분 42초
avg-cpu:  %user   %nice %system %iowait  %steal   %idle
           5.10    0.00    1.40   17.07    0.00   76.43

Device            r/s     rkB/s   rrqm/s  %rrqm r_await rareq-sz     w/s     wkB/s   wrqm/s  %wrqm w_await wareq-sz     d/s     dkB/s   drqm/s  %drqm d_await dareq-sz     f/s f_await  aqu-sz  %util
sda              2.00      8.00     0.00   0.00   16.00     4.00   87.00   1440.00    51.00  36.96   15.70    16.55    0.00      0.00     0.00   0.00    0.00     0.00   44.00   20.89    2.32  95.20


2026년 06월 29일 22시 15분 43초
avg-cpu:  %user   %nice %system %iowait  %steal   %idle
           5.22    0.00    1.65   14.63    0.00   78.50

Device            r/s     rkB/s   rrqm/s  %rrqm r_await rareq-sz     w/s     wkB/s   wrqm/s  %wrqm w_await wareq-sz     d/s     dkB/s   drqm/s  %drqm d_await dareq-sz     f/s f_await  aqu-sz  %util
sda              1.00      4.00     0.00   0.00   32.00     4.00   81.00   1700.00    41.00  33.61   15.06    20.99    0.00      0.00     0.00   0.00    0.00     0.00   37.00   24.84    2.17  92.80


2026년 06월 29일 22시 15분 44초
avg-cpu:  %user   %nice %system %iowait  %steal   %idle
           5.87    0.00    1.53   18.77    0.00   73.82

Device            r/s     rkB/s   rrqm/s  %rrqm r_await rareq-sz     w/s     wkB/s   wrqm/s  %wrqm w_await wareq-sz     d/s     dkB/s   drqm/s  %drqm d_await dareq-sz     f/s f_await  aqu-sz  %util
sda              2.00      8.00     0.00   0.00   46.00     4.00   77.00   2060.00    55.00  41.67   20.17    26.75    0.00      0.00     0.00   0.00    0.00     0.00   34.00   27.94    2.60  97.20


2026년 06월 29일 22시 15분 45초
avg-cpu:  %user   %nice %system %iowait  %steal   %idle
           4.18    0.00    2.03   20.53    0.00   73.26

Device            r/s     rkB/s   rrqm/s  %rrqm r_await rareq-sz     w/s     wkB/s   wrqm/s  %wrqm w_await wareq-sz     d/s     dkB/s   drqm/s  %drqm d_await dareq-sz     f/s f_await  aqu-sz  %util
sda              2.00     20.00     3.00  60.00   21.00    10.00   73.00   2524.00    47.00  39.17   22.49    34.58    0.00      0.00     0.00   0.00    0.00     0.00   39.00   24.46    2.64  94.40


2026년 06월 29일 22시 15분 46초
avg-cpu:  %user   %nice %system %iowait  %steal   %idle
           8.54    0.00    1.40   18.98    0.00   71.08

Device            r/s     rkB/s   rrqm/s  %rrqm r_await rareq-sz     w/s     wkB/s   wrqm/s  %wrqm w_await wareq-sz     d/s     dkB/s   drqm/s  %drqm d_await dareq-sz     f/s f_await  aqu-sz  %util
sda              1.00      4.00     0.00   0.00   47.00     4.00   74.00   2024.00    59.00  44.36   20.31    27.35    0.00      0.00     0.00   0.00    0.00     0.00   31.00   28.71    2.44  90.00


2026년 06월 29일 22시 15분 47초
avg-cpu:  %user   %nice %system %iowait  %steal   %idle
           7.85    0.00    2.28   13.54    0.00   76.33

Device            r/s     rkB/s   rrqm/s  %rrqm r_await rareq-sz     w/s     wkB/s   wrqm/s  %wrqm w_await wareq-sz     d/s     dkB/s   drqm/s  %drqm d_await dareq-sz     f/s f_await  aqu-sz  %util
sda              1.00      4.00     0.00   0.00   16.00     4.00  102.00   1576.00    64.00  38.55   29.29    15.45    0.00      0.00     0.00   0.00    0.00     0.00   29.00   33.86    3.99  96.80


2026년 06월 29일 22시 15분 48초
avg-cpu:  %user   %nice %system %iowait  %steal   %idle
           4.59    0.00    1.53   17.45    0.00   76.43

Device            r/s     rkB/s   rrqm/s  %rrqm r_await rareq-sz     w/s     wkB/s   wrqm/s  %wrqm w_await wareq-sz     d/s     dkB/s   drqm/s  %drqm d_await dareq-sz     f/s f_await  aqu-sz  %util
sda              1.00      4.00     0.00   0.00   24.00     4.00   71.00   1224.00    50.00  41.32   19.28    17.24    0.00      0.00     0.00   0.00    0.00     0.00   35.00   26.29    2.31  91.60


2026년 06월 29일 22시 15분 49초
avg-cpu:  %user   %nice %system %iowait  %steal   %idle
           4.82    0.00    1.52   20.05    0.00   73.60

Device            r/s     rkB/s   rrqm/s  %rrqm r_await rareq-sz     w/s     wkB/s   wrqm/s  %wrqm w_await wareq-sz     d/s     dkB/s   drqm/s  %drqm d_await dareq-sz     f/s f_await  aqu-sz  %util
sda              2.00      8.00     0.00   0.00   51.00     4.00   82.00   1368.00    41.00  33.33   19.74    16.68    0.00      0.00     0.00   0.00    0.00     0.00   40.00   23.23    2.65  97.20


2026년 06월 29일 22시 15분 50초
avg-cpu:  %user   %nice %system %iowait  %steal   %idle
           4.97    0.00    1.28   18.75    0.00   75.00

Device            r/s     rkB/s   rrqm/s  %rrqm r_await rareq-sz     w/s     wkB/s   wrqm/s  %wrqm w_await wareq-sz     d/s     dkB/s   drqm/s  %drqm d_await dareq-sz     f/s f_await  aqu-sz  %util
sda              1.00      4.00     0.00   0.00   34.00     4.00   81.00   1636.00    43.00  34.68   19.41    20.20    0.00      0.00     0.00   0.00    0.00     0.00   37.00   26.24    2.58  98.00


2026년 06월 29일 22시 15분 51초
avg-cpu:  %user   %nice %system %iowait  %steal   %idle
           6.24    0.00    1.15   23.57    0.00   69.04

Device            r/s     rkB/s   rrqm/s  %rrqm r_await rareq-sz     w/s     wkB/s   wrqm/s  %wrqm w_await wareq-sz     d/s     dkB/s   drqm/s  %drqm d_await dareq-sz     f/s f_await  aqu-sz  %util
sda              1.00      4.00     0.00   0.00   45.00     4.00   87.00   1928.00    42.00  32.56   22.00    22.16    0.00      0.00     0.00   0.00    0.00     0.00   40.00   24.35    2.93  98.40


2026년 06월 29일 22시 15분 52초
avg-cpu:  %user   %nice %system %iowait  %steal   %idle
           4.46    0.00    1.27   17.07    0.00   77.20

Device            r/s     rkB/s   rrqm/s  %rrqm r_await rareq-sz     w/s     wkB/s   wrqm/s  %wrqm w_await wareq-sz     d/s     dkB/s   drqm/s  %drqm d_await dareq-sz     f/s f_await  aqu-sz  %util
sda              1.00      4.00     0.00   0.00   63.00     4.00   76.00   1868.00    43.00  36.13   18.29    24.58    0.00      0.00     0.00   0.00    0.00     0.00   44.00   22.57    2.44 100.00


2026년 06월 29일 22시 15분 53초
avg-cpu:  %user   %nice %system %iowait  %steal   %idle
           4.33    0.00    1.65   20.36    0.00   73.66

Device            r/s     rkB/s   rrqm/s  %rrqm r_await rareq-sz     w/s     wkB/s   wrqm/s  %wrqm w_await wareq-sz     d/s     dkB/s   drqm/s  %drqm d_await dareq-sz     f/s f_await  aqu-sz  %util
sda              0.00      0.00     0.00   0.00    0.00     0.00   86.00   2512.00    58.00  40.28   19.23    29.21    0.00      0.00     0.00   0.00    0.00     0.00   38.00   23.32    2.54  88.80


2026년 06월 29일 22시 15분 54초
avg-cpu:  %user   %nice %system %iowait  %steal   %idle
           5.84    0.00    1.40   12.82    0.00   79.95

Device            r/s     rkB/s   rrqm/s  %rrqm r_await rareq-sz     w/s     wkB/s   wrqm/s  %wrqm w_await wareq-sz     d/s     dkB/s   drqm/s  %drqm d_await dareq-sz     f/s f_await  aqu-sz  %util
sda              1.00      4.00     0.00   0.00   34.00     4.00   87.00   1440.00    44.00  33.59   13.93    16.55    0.00      0.00     0.00   0.00    0.00     0.00   43.00   23.86    2.27 106.00


2026년 06월 29일 22시 15분 55초
avg-cpu:  %user   %nice %system %iowait  %steal   %idle
           4.08    0.00    2.30   19.26    0.00   74.36

Device            r/s     rkB/s   rrqm/s  %rrqm r_await rareq-sz     w/s     wkB/s   wrqm/s  %wrqm w_await wareq-sz     d/s     dkB/s   drqm/s  %drqm d_await dareq-sz     f/s f_await  aqu-sz  %util
sda              0.00      0.00     0.00   0.00    0.00     0.00   93.00   1788.00    37.00  28.46   17.59    19.23    0.00      0.00     0.00   0.00    0.00     0.00   35.00   27.49    2.60  94.80


2026년 06월 29일 22시 15분 56초
avg-cpu:  %user   %nice %system %iowait  %steal   %idle
           5.48    0.00    1.91   16.71    0.00   75.89

Device            r/s     rkB/s   rrqm/s  %rrqm r_await rareq-sz     w/s     wkB/s   wrqm/s  %wrqm w_await wareq-sz     d/s     dkB/s   drqm/s  %drqm d_await dareq-sz     f/s f_await  aqu-sz  %util
sda              0.00      0.00     0.00   0.00    0.00     0.00   81.00   1960.00    50.00  38.17   17.74    24.20    0.00      0.00     0.00   0.00    0.00     0.00   43.00   22.16    2.39  95.20


2026년 06월 29일 22시 15분 57초
avg-cpu:  %user   %nice %system %iowait  %steal   %idle
           5.99    0.00    2.04   17.20    0.00   74.78

Device            r/s     rkB/s   rrqm/s  %rrqm r_await rareq-sz     w/s     wkB/s   wrqm/s  %wrqm w_await wareq-sz     d/s     dkB/s   drqm/s  %drqm d_await dareq-sz     f/s f_await  aqu-sz  %util
sda              0.00      0.00     0.00   0.00    0.00     0.00   93.00   1928.00    58.00  38.41   17.69    20.73    0.00      0.00     0.00   0.00    0.00     0.00   44.00   22.68    2.64  95.20


2026년 06월 29일 22시 15분 58초
avg-cpu:  %user   %nice %system %iowait  %steal   %idle
           5.84    0.00    1.91   13.85    0.00   78.40

Device            r/s     rkB/s   rrqm/s  %rrqm r_await rareq-sz     w/s     wkB/s   wrqm/s  %wrqm w_await wareq-sz     d/s     dkB/s   drqm/s  %drqm d_await dareq-sz     f/s f_await  aqu-sz  %util
sda              1.00      4.00     0.00   0.00   56.00     4.00   77.00   1420.00    54.00  41.22   16.21    18.44    0.00      0.00     0.00   0.00    0.00     0.00   37.00   25.24    2.24 101.20


2026년 06월 29일 22시 15분 59초
avg-cpu:  %user   %nice %system %iowait  %steal   %idle
           5.99    0.00    2.17   13.89    0.00   77.96

Device            r/s     rkB/s   rrqm/s  %rrqm r_await rareq-sz     w/s     wkB/s   wrqm/s  %wrqm w_await wareq-sz     d/s     dkB/s   drqm/s  %drqm d_await dareq-sz     f/s f_await  aqu-sz  %util
sda              1.00      4.00     0.00   0.00   64.00     4.00   91.00   1312.00    64.00  41.29   12.69    14.42    0.00      0.00     0.00   0.00    0.00     0.00   47.00   20.06    2.16  94.80


2026년 06월 29일 22시 16분 00초
avg-cpu:  %user   %nice %system %iowait  %steal   %idle
           5.60    0.00    1.65   20.48    0.00   72.26

Device            r/s     rkB/s   rrqm/s  %rrqm r_await rareq-sz     w/s     wkB/s   wrqm/s  %wrqm w_await wareq-sz     d/s     dkB/s   drqm/s  %drqm d_await dareq-sz     f/s f_await  aqu-sz  %util
sda              1.00      4.00     0.00   0.00   16.00     4.00   94.00   1932.00    51.00  35.17   17.07    20.55    0.00      0.00     0.00   0.00    0.00     0.00   46.00   20.54    2.57  97.60


2026년 06월 29일 22시 16분 01초
avg-cpu:  %user   %nice %system %iowait  %steal   %idle
           4.97    0.00    1.15   20.38    0.00   73.50

Device            r/s     rkB/s   rrqm/s  %rrqm r_await rareq-sz     w/s     wkB/s   wrqm/s  %wrqm w_await wareq-sz     d/s     dkB/s   drqm/s  %drqm d_await dareq-sz     f/s f_await  aqu-sz  %util
sda              1.00      4.00     0.00   0.00  161.00     4.00   87.00   1940.00    47.00  35.07   17.26    22.30    0.00      0.00     0.00   0.00    0.00     0.00   33.00   29.42    2.63  97.20


2026년 06월 29일 22시 16분 02초
avg-cpu:  %user   %nice %system %iowait  %steal   %idle
           3.80    0.00    1.90   20.53    0.00   73.76

Device            r/s     rkB/s   rrqm/s  %rrqm r_await rareq-sz     w/s     wkB/s   wrqm/s  %wrqm w_await wareq-sz     d/s     dkB/s   drqm/s  %drqm d_await dareq-sz     f/s f_await  aqu-sz  %util
sda              0.00      0.00     0.00   0.00    0.00     0.00   85.00   2692.00    30.00  26.09   19.56    31.67    0.00      0.00     0.00   0.00    0.00     0.00   42.00   22.69    2.62  94.80


2026년 06월 29일 22시 16분 03초
avg-cpu:  %user   %nice %system %iowait  %steal   %idle
           6.43    0.00    2.02   25.22    0.00   66.33

Device            r/s     rkB/s   rrqm/s  %rrqm r_await rareq-sz     w/s     wkB/s   wrqm/s  %wrqm w_await wareq-sz     d/s     dkB/s   drqm/s  %drqm d_await dareq-sz     f/s f_await  aqu-sz  %util
sda              2.00      8.00     0.00   0.00   44.50     4.00   88.00   2224.00    52.00  37.14   19.97    25.27    0.00      0.00     0.00   0.00    0.00     0.00   35.00   26.69    2.78  94.80


2026년 06월 29일 22시 16분 04초
avg-cpu:  %user   %nice %system %iowait  %steal   %idle
           5.69    0.00    2.53   14.92    0.00   76.86

Device            r/s     rkB/s   rrqm/s  %rrqm r_await rareq-sz     w/s     wkB/s   wrqm/s  %wrqm w_await wareq-sz     d/s     dkB/s   drqm/s  %drqm d_await dareq-sz     f/s f_await  aqu-sz  %util
sda              3.00     12.00     0.00   0.00   18.33     4.00   83.00   1496.00    45.00  35.16   15.96    18.02    0.00      0.00     0.00   0.00    0.00     0.00   43.00   22.14    2.33  99.60


2026년 06월 29일 22시 16분 05초
avg-cpu:  %user   %nice %system %iowait  %steal   %idle
           5.44    0.00    2.41   16.33    0.00   75.82

Device            r/s     rkB/s   rrqm/s  %rrqm r_await rareq-sz     w/s     wkB/s   wrqm/s  %wrqm w_await wareq-sz     d/s     dkB/s   drqm/s  %drqm d_await dareq-sz     f/s f_await  aqu-sz  %util
sda              0.00      0.00     0.00   0.00    0.00     0.00   82.00   1496.00    51.00  38.35   17.43    18.24    0.00      0.00     0.00   0.00    0.00     0.00   39.00   24.72    2.39  94.00


2026년 06월 29일 22시 16분 06초
avg-cpu:  %user   %nice %system %iowait  %steal   %idle
           7.39    0.00    2.04   16.18    0.00   74.39

Device            r/s     rkB/s   rrqm/s  %rrqm r_await rareq-sz     w/s     wkB/s   wrqm/s  %wrqm w_await wareq-sz     d/s     dkB/s   drqm/s  %drqm d_await dareq-sz     f/s f_await  aqu-sz  %util
sda              1.00      4.00     0.00   0.00   29.00     4.00   73.00   1640.00    45.00  38.14   18.49    22.47    0.00      0.00     0.00   0.00    0.00     0.00   35.00   26.77    2.32  98.00


2026년 06월 29일 22시 16분 07초
avg-cpu:  %user   %nice %system %iowait  %steal   %idle
           7.50    0.00    3.81   20.58    0.00   68.11

Device            r/s     rkB/s   rrqm/s  %rrqm r_await rareq-sz     w/s     wkB/s   wrqm/s  %wrqm w_await wareq-sz     d/s     dkB/s   drqm/s  %drqm d_await dareq-sz     f/s f_await  aqu-sz  %util
sda              1.00      4.00     0.00   0.00   84.00     4.00   82.00   2208.00    60.00  42.25   21.40    26.93    0.00      0.00     0.00   0.00    0.00     0.00   33.00   29.03    2.80  93.20


2026년 06월 29일 22시 16분 08초
avg-cpu:  %user   %nice %system %iowait  %steal   %idle
           6.73    0.00    1.78   18.42    0.00   73.06

Device            r/s     rkB/s   rrqm/s  %rrqm r_await rareq-sz     w/s     wkB/s   wrqm/s  %wrqm w_await wareq-sz     d/s     dkB/s   drqm/s  %drqm d_await dareq-sz     f/s f_await  aqu-sz  %util
sda              2.00      8.00     0.00   0.00   34.00     4.00   78.00   1872.00    54.00  40.91   18.10    24.00    0.00      0.00     0.00   0.00    0.00     0.00   41.00   23.76    2.45  96.00


2026년 06월 29일 22시 16분 09초
avg-cpu:  %user   %nice %system %iowait  %steal   %idle
           2.83    0.00    1.42   17.37    0.00   78.38

Device            r/s     rkB/s   rrqm/s  %rrqm r_await rareq-sz     w/s     wkB/s   wrqm/s  %wrqm w_await wareq-sz     d/s     dkB/s   drqm/s  %drqm d_await dareq-sz     f/s f_await  aqu-sz  %util
sda              3.00     12.00     0.00   0.00   38.33     4.00   82.00   2296.00    37.00  31.09   17.78    28.00    0.00      0.00     0.00   0.00    0.00     0.00   33.00   29.06    2.53  97.20


2026년 06월 29일 22시 16분 10초
avg-cpu:  %user   %nice %system %iowait  %steal   %idle
           3.70    0.00    0.53   16.01    0.00   79.76

Device            r/s     rkB/s   rrqm/s  %rrqm r_await rareq-sz     w/s     wkB/s   wrqm/s  %wrqm w_await wareq-sz     d/s     dkB/s   drqm/s  %drqm d_await dareq-sz     f/s f_await  aqu-sz  %util
sda              4.00     16.00     0.00   0.00   45.50     4.00   76.00   1692.00    43.00  36.13   16.58    22.26    0.00      0.00     0.00   0.00    0.00     0.00   38.00   24.53    2.38  90.80


2026년 06월 29일 22시 16분 11초
avg-cpu:  %user   %nice %system %iowait  %steal   %idle
           4.62    0.00    0.66   13.32    0.00   81.40

Device            r/s     rkB/s   rrqm/s  %rrqm r_await rareq-sz     w/s     wkB/s   wrqm/s  %wrqm w_await wareq-sz     d/s     dkB/s   drqm/s  %drqm d_await dareq-sz     f/s f_await  aqu-sz  %util
sda              1.00      4.00     0.00   0.00   22.00     4.00   79.00   1652.00    47.00  37.30   12.77    20.91    0.00      0.00     0.00   0.00    0.00     0.00   40.00   21.77    1.90  92.40


2026년 06월 29일 22시 16분 12초
avg-cpu:  %user   %nice %system %iowait  %steal   %idle
           0.79    0.00    0.66   19.47    0.00   79.07

Device            r/s     rkB/s   rrqm/s  %rrqm r_await rareq-sz     w/s     wkB/s   wrqm/s  %wrqm w_await wareq-sz     d/s     dkB/s   drqm/s  %drqm d_await dareq-sz     f/s f_await  aqu-sz  %util
sda              1.00      4.00     0.00   0.00   19.00     4.00   90.00   2148.00    44.00  32.84   15.18    23.87    0.00      0.00     0.00   0.00    0.00     0.00   34.00   28.32    2.35  94.40


2026년 06월 29일 22시 16분 13초
avg-cpu:  %user   %nice %system %iowait  %steal   %idle
           2.23    0.00    0.53   20.63    0.00   76.61

Device            r/s     rkB/s   rrqm/s  %rrqm r_await rareq-sz     w/s     wkB/s   wrqm/s  %wrqm w_await wareq-sz     d/s     dkB/s   drqm/s  %drqm d_await dareq-sz     f/s f_await  aqu-sz  %util
sda              1.00      4.00     0.00   0.00   29.00     4.00   81.00   1784.00    39.00  32.50   19.83    22.02    0.00      0.00     0.00   0.00    0.00     0.00   40.00   24.95    2.63 102.00


2026년 06월 29일 22시 16분 14초
avg-cpu:  %user   %nice %system %iowait  %steal   %idle
           3.41    0.00    1.57   17.82    0.00   77.20

Device            r/s     rkB/s   rrqm/s  %rrqm r_await rareq-sz     w/s     wkB/s   wrqm/s  %wrqm w_await wareq-sz     d/s     dkB/s   drqm/s  %drqm d_await dareq-sz     f/s f_await  aqu-sz  %util
sda              4.00     16.00     0.00   0.00   53.00     4.00   66.00   1916.00    41.00  38.32   21.03    29.03    0.00      0.00     0.00   0.00    0.00     0.00   27.00   34.81    2.54  90.00


2026년 06월 29일 22시 16분 15초
avg-cpu:  %user   %nice %system %iowait  %steal   %idle
           2.51    0.00    0.79   20.08    0.00   76.62

Device            r/s     rkB/s   rrqm/s  %rrqm r_await rareq-sz     w/s     wkB/s   wrqm/s  %wrqm w_await wareq-sz     d/s     dkB/s   drqm/s  %drqm d_await dareq-sz     f/s f_await  aqu-sz  %util
sda              2.00      8.00     0.00   0.00   65.00     4.00   86.00   2024.00    39.00  31.20   19.07    23.53    0.00      0.00     0.00   0.00    0.00     0.00   32.00   30.31    2.74 100.80


2026년 06월 29일 22시 16분 16초
avg-cpu:  %user   %nice %system %iowait  %steal   %idle
           2.77    0.00    0.66   20.21    0.00   76.35

Device            r/s     rkB/s   rrqm/s  %rrqm r_await rareq-sz     w/s     wkB/s   wrqm/s  %wrqm w_await wareq-sz     d/s     dkB/s   drqm/s  %drqm d_await dareq-sz     f/s f_await  aqu-sz  %util
sda              4.00     16.00     0.00   0.00   39.75     4.00   70.00   2696.00    36.00  33.96   21.31    38.51    0.00      0.00     0.00   0.00    0.00     0.00   30.00   32.70    2.63  94.40


2026년 06월 29일 22시 16분 17초
avg-cpu:  %user   %nice %system %iowait  %steal   %idle
           5.39    0.00    1.58   24.61    0.00   68.42

Device            r/s     rkB/s   rrqm/s  %rrqm r_await rareq-sz     w/s     wkB/s   wrqm/s  %wrqm w_await wareq-sz     d/s     dkB/s   drqm/s  %drqm d_await dareq-sz     f/s f_await  aqu-sz  %util
sda              3.00     12.00     0.00   0.00   24.67     4.00   75.00   2980.00    81.00  51.92   27.44    39.73    0.00      0.00     0.00   0.00    0.00     0.00   28.00   34.39    3.10  82.80


2026년 06월 29일 22시 16분 18초
avg-cpu:  %user   %nice %system %iowait  %steal   %idle
           2.25    0.00    0.26   26.89    0.00   70.60

Device            r/s     rkB/s   rrqm/s  %rrqm r_await rareq-sz     w/s     wkB/s   wrqm/s  %wrqm w_await wareq-sz     d/s     dkB/s   drqm/s  %drqm d_await dareq-sz     f/s f_await  aqu-sz  %util
sda              1.00      4.00     0.00   0.00   56.00     4.00   79.00   1436.00    33.00  29.46   33.11    18.18    0.00      0.00     0.00   0.00    0.00     0.00   26.00   34.77    3.58  88.80


2026년 06월 29일 22시 16분 19초
avg-cpu:  %user   %nice %system %iowait  %steal   %idle
           2.51    0.00    0.40   19.29    0.00   77.81

Device            r/s     rkB/s   rrqm/s  %rrqm r_await rareq-sz     w/s     wkB/s   wrqm/s  %wrqm w_await wareq-sz     d/s     dkB/s   drqm/s  %drqm d_await dareq-sz     f/s f_await  aqu-sz  %util
sda              1.00      4.00     0.00   0.00   24.00     4.00   97.00   2800.00    48.00  33.10   18.62    28.87    0.00      0.00     0.00   0.00    0.00     0.00   37.00   28.49    2.88 106.40


2026년 06월 29일 22시 16분 20초
avg-cpu:  %user   %nice %system %iowait  %steal   %idle
           1.59    0.00    0.80   18.86    0.00   78.75

Device            r/s     rkB/s   rrqm/s  %rrqm r_await rareq-sz     w/s     wkB/s   wrqm/s  %wrqm w_await wareq-sz     d/s     dkB/s   drqm/s  %drqm d_await dareq-sz     f/s f_await  aqu-sz  %util
sda              1.00     12.00     2.00  66.67   22.00    12.00   87.00   1844.00    36.00  29.27   17.62    21.20    0.00      0.00     0.00   0.00    0.00     0.00   39.00   24.59    2.51  94.00


2026년 06월 29일 22시 16분 21초
avg-cpu:  %user   %nice %system %iowait  %steal   %idle
           1.72    0.00    0.53   17.20    0.00   80.56

Device            r/s     rkB/s   rrqm/s  %rrqm r_await rareq-sz     w/s     wkB/s   wrqm/s  %wrqm w_await wareq-sz     d/s     dkB/s   drqm/s  %drqm d_await dareq-sz     f/s f_await  aqu-sz  %util
sda              0.00      0.00     0.00   0.00    0.00     0.00   76.00   1424.00    38.00  33.33   18.58    18.74    0.00      0.00     0.00   0.00    0.00     0.00   39.00   25.62    2.41  97.20


2026년 06월 29일 22시 16분 22초
avg-cpu:  %user   %nice %system %iowait  %steal   %idle
           3.56    0.00    0.92   17.52    0.00   78.00

Device            r/s     rkB/s   rrqm/s  %rrqm r_await rareq-sz     w/s     wkB/s   wrqm/s  %wrqm w_await wareq-sz     d/s     dkB/s   drqm/s  %drqm d_await dareq-sz     f/s f_await  aqu-sz  %util
sda              3.00     16.00     1.00  25.00   35.33     5.33   75.00   2860.00    50.00  40.00   23.36    38.13    0.00      0.00     0.00   0.00    0.00     0.00   33.00   26.52    2.73  94.80


2026년 06월 29일 22시 16분 23초
avg-cpu:  %user   %nice %system %iowait  %steal   %idle
           2.76    0.00    1.05   19.58    0.00   76.61

Device            r/s     rkB/s   rrqm/s  %rrqm r_await rareq-sz     w/s     wkB/s   wrqm/s  %wrqm w_await wareq-sz     d/s     dkB/s   drqm/s  %drqm d_await dareq-sz     f/s f_await  aqu-sz  %util
sda              1.00      4.00     0.00   0.00   45.00     4.00   86.00   1920.00    38.00  30.65   21.80    22.33    0.00      0.00     0.00   0.00    0.00     0.00   27.00   36.56    2.91  87.20


2026년 06월 29일 22시 16분 24초
avg-cpu:  %user   %nice %system %iowait  %steal   %idle
           3.03    0.00    0.53   17.92    0.00   78.52

Device            r/s     rkB/s   rrqm/s  %rrqm r_await rareq-sz     w/s     wkB/s   wrqm/s  %wrqm w_await wareq-sz     d/s     dkB/s   drqm/s  %drqm d_await dareq-sz     f/s f_await  aqu-sz  %util
sda              0.99      3.96     0.00   0.00    6.00     4.00   82.18   2198.02    43.56  34.65   17.76    26.75    0.00      0.00     0.00   0.00    0.00     0.00   45.54   21.54    2.45  97.82


2026년 06월 29일 22시 16분 25초
avg-cpu:  %user   %nice %system %iowait  %steal   %idle
           3.03    0.00    0.66   19.50    0.00   76.81

Device            r/s     rkB/s   rrqm/s  %rrqm r_await rareq-sz     w/s     wkB/s   wrqm/s  %wrqm w_await wareq-sz     d/s     dkB/s   drqm/s  %drqm d_await dareq-sz     f/s f_await  aqu-sz  %util
sda              1.00      4.00     0.00   0.00    5.00     4.00   82.00   2216.00    59.00  41.84   18.43    27.02    0.00      0.00     0.00   0.00    0.00     0.00   35.00   26.43    2.44  90.80


2026년 06월 29일 22시 16분 26초
avg-cpu:  %user   %nice %system %iowait  %steal   %idle
           2.65    0.00    0.40   26.06    0.00   70.90

Device            r/s     rkB/s   rrqm/s  %rrqm r_await rareq-sz     w/s     wkB/s   wrqm/s  %wrqm w_await wareq-sz     d/s     dkB/s   drqm/s  %drqm d_await dareq-sz     f/s f_await  aqu-sz  %util
sda              2.00     20.00     3.00  60.00   27.50    10.00   69.00   1436.00    32.00  31.68   30.90    20.81    0.00      0.00     0.00   0.00    0.00     0.00   25.00   40.68    3.20 100.00


2026년 06월 29일 22시 16분 27초
avg-cpu:  %user   %nice %system %iowait  %steal   %idle
           7.93    0.00    1.95   21.20    0.00   68.92

Device            r/s     rkB/s   rrqm/s  %rrqm r_await rareq-sz     w/s     wkB/s   wrqm/s  %wrqm w_await wareq-sz     d/s     dkB/s   drqm/s  %drqm d_await dareq-sz     f/s f_await  aqu-sz  %util
sda              1.00      8.00     1.00  50.00   31.00     8.00   93.00   2580.00    64.00  40.76   18.37    27.74    0.00      0.00     0.00   0.00    0.00     0.00   42.00   23.24    2.72  96.80


2026년 06월 29일 22시 16분 28초
avg-cpu:  %user   %nice %system %iowait  %steal   %idle
           3.30    0.00    0.40   16.78    0.00   79.52

Device            r/s     rkB/s   rrqm/s  %rrqm r_await rareq-sz     w/s     wkB/s   wrqm/s  %wrqm w_await wareq-sz     d/s     dkB/s   drqm/s  %drqm d_await dareq-sz     f/s f_await  aqu-sz  %util
sda              1.00      4.00     0.00   0.00   18.00     4.00   81.00   2552.00    51.00  38.64   17.99    31.51    0.00      0.00     0.00   0.00    0.00     0.00   35.00   26.31    2.40  94.40


2026년 06월 29일 22시 16분 29초
avg-cpu:  %user   %nice %system %iowait  %steal   %idle
           5.00    0.00    0.92   16.32    0.00   77.76

Device            r/s     rkB/s   rrqm/s  %rrqm r_await rareq-sz     w/s     wkB/s   wrqm/s  %wrqm w_await wareq-sz     d/s     dkB/s   drqm/s  %drqm d_await dareq-sz     f/s f_await  aqu-sz  %util
sda              2.00      8.00     0.00   0.00   31.50     4.00   84.00   2292.00    62.00  42.47   15.62    27.29    0.00      0.00     0.00   0.00    0.00     0.00   33.00   29.27    2.34  94.00


2026년 06월 29일 22시 16분 30초
avg-cpu:  %user   %nice %system %iowait  %steal   %idle
           2.79    0.00    0.27   20.69    0.00   76.26

Device            r/s     rkB/s   rrqm/s  %rrqm r_await rareq-sz     w/s     wkB/s   wrqm/s  %wrqm w_await wareq-sz     d/s     dkB/s   drqm/s  %drqm d_await dareq-sz     f/s f_await  aqu-sz  %util
sda              1.00      4.00     0.00   0.00   35.00     4.00   81.00   2072.00    57.00  41.30   20.77    25.58    0.00      0.00     0.00   0.00    0.00     0.00   41.00   22.90    2.65  99.20


2026년 06월 29일 22시 16분 31초
avg-cpu:  %user   %nice %system %iowait  %steal   %idle
           3.82    0.00    0.92   18.05    0.00   77.21

Device            r/s     rkB/s   rrqm/s  %rrqm r_await rareq-sz     w/s     wkB/s   wrqm/s  %wrqm w_await wareq-sz     d/s     dkB/s   drqm/s  %drqm d_await dareq-sz     f/s f_await  aqu-sz  %util
sda              2.00      8.00     0.00   0.00   65.00     4.00   82.00   1720.00    49.00  37.40   18.67    20.98    0.00      0.00     0.00   0.00    0.00     0.00   38.00   26.16    2.66 100.00


2026년 06월 29일 22시 16분 32초
avg-cpu:  %user   %nice %system %iowait  %steal   %idle
           3.16    0.00    0.92   17.00    0.00   78.92

Device            r/s     rkB/s   rrqm/s  %rrqm r_await rareq-sz     w/s     wkB/s   wrqm/s  %wrqm w_await wareq-sz     d/s     dkB/s   drqm/s  %drqm d_await dareq-sz     f/s f_await  aqu-sz  %util
sda              1.00      4.00     0.00   0.00   18.00     4.00   85.00   1804.00    38.00  30.89   14.35    21.22    0.00      0.00     0.00   0.00    0.00     0.00   34.00   27.03    2.16  92.00


2026년 06월 29일 22시 16분 33초
avg-cpu:  %user   %nice %system %iowait  %steal   %idle
           1.19    0.00    0.53   21.93    0.00   76.35

Device            r/s     rkB/s   rrqm/s  %rrqm r_await rareq-sz     w/s     wkB/s   wrqm/s  %wrqm w_await wareq-sz     d/s     dkB/s   drqm/s  %drqm d_await dareq-sz     f/s f_await  aqu-sz  %util
sda              1.00      4.00     1.00  50.00   35.00     4.00   93.00   1644.00    36.00  27.91   22.44    17.68    0.00      0.00     0.00   0.00    0.00     0.00   42.00   24.45    3.15  98.40


2026년 06월 29일 22시 16분 34초
avg-cpu:  %user   %nice %system %iowait  %steal   %idle
           3.69    0.00    0.53   17.41    0.00   78.36

Device            r/s     rkB/s   rrqm/s  %rrqm r_await rareq-sz     w/s     wkB/s   wrqm/s  %wrqm w_await wareq-sz     d/s     dkB/s   drqm/s  %drqm d_await dareq-sz     f/s f_await  aqu-sz  %util
sda              3.00     16.00     0.00   0.00   56.00     5.33   68.00   1996.00    42.00  38.18   17.51    29.35    0.00      0.00     0.00   0.00    0.00     0.00   31.00   31.19    2.33  95.60


2026년 06월 29일 22시 16분 35초
avg-cpu:  %user   %nice %system %iowait  %steal   %idle
           3.04    0.00    0.40   17.31    0.00   79.26

Device            r/s     rkB/s   rrqm/s  %rrqm r_await rareq-sz     w/s     wkB/s   wrqm/s  %wrqm w_await wareq-sz     d/s     dkB/s   drqm/s  %drqm d_await dareq-sz     f/s f_await  aqu-sz  %util
sda              1.00      4.00     0.00   0.00   35.00     4.00   92.00   2612.00    52.00  36.11   15.58    28.39    0.00      0.00     0.00   0.00    0.00     0.00   43.00   22.44    2.43  91.20


2026년 06월 29일 22시 16분 36초
avg-cpu:  %user   %nice %system %iowait  %steal   %idle
           1.58    0.00    0.79   17.94    0.00   79.68

Device            r/s     rkB/s   rrqm/s  %rrqm r_await rareq-sz     w/s     wkB/s   wrqm/s  %wrqm w_await wareq-sz     d/s     dkB/s   drqm/s  %drqm d_await dareq-sz     f/s f_await  aqu-sz  %util
sda              0.00      0.00     0.00   0.00    0.00     0.00   92.00   1972.00    32.00  25.81   16.77    21.43    0.00      0.00     0.00   0.00    0.00     0.00   36.00   27.42    2.53 100.80


2026년 06월 29일 22시 16분 37초
avg-cpu:  %user   %nice %system %iowait  %steal   %idle
           3.32    0.00    1.06   17.69    0.00   77.93

Device            r/s     rkB/s   rrqm/s  %rrqm r_await rareq-sz     w/s     wkB/s   wrqm/s  %wrqm w_await wareq-sz     d/s     dkB/s   drqm/s  %drqm d_await dareq-sz     f/s f_await  aqu-sz  %util
sda              2.00     20.00     3.00  60.00   46.50    10.00   81.00   1620.00    48.00  37.21   17.79    20.00    0.00      0.00     0.00   0.00    0.00     0.00   36.00   27.50    2.52 100.00


2026년 06월 29일 22시 16분 38초
avg-cpu:  %user   %nice %system %iowait  %steal   %idle
           5.37    0.00    1.18   14.15    0.00   79.29

Device            r/s     rkB/s   rrqm/s  %rrqm r_await rareq-sz     w/s     wkB/s   wrqm/s  %wrqm w_await wareq-sz     d/s     dkB/s   drqm/s  %drqm d_await dareq-sz     f/s f_await  aqu-sz  %util
sda              2.00      8.00     0.00   0.00   26.00     4.00   76.00   2016.00    51.00  40.16   13.37    26.53    0.00      0.00     0.00   0.00    0.00     0.00   38.00   24.03    1.98  89.20


2026년 06월 29일 22시 16분 39초
avg-cpu:  %user   %nice %system %iowait  %steal   %idle
           1.69    0.00    1.17   23.08    0.00   74.05

Device            r/s     rkB/s   rrqm/s  %rrqm r_await rareq-sz     w/s     wkB/s   wrqm/s  %wrqm w_await wareq-sz     d/s     dkB/s   drqm/s  %drqm d_await dareq-sz     f/s f_await  aqu-sz  %util
sda              0.00      0.00     0.00   0.00    0.00     0.00   89.00   2208.00    33.00  27.05   23.19    24.81    0.00      0.00     0.00   0.00    0.00     0.00   28.00   34.00    3.02  98.00


2026년 06월 29일 22시 16분 40초
avg-cpu:  %user   %nice %system %iowait  %steal   %idle
           4.28    0.00    2.52   22.29    0.00   70.91

Device            r/s     rkB/s   rrqm/s  %rrqm r_await rareq-sz     w/s     wkB/s   wrqm/s  %wrqm w_await wareq-sz     d/s     dkB/s   drqm/s  %drqm d_await dareq-sz     f/s f_await  aqu-sz  %util
sda              0.00      0.00     0.00   0.00    0.00     0.00   89.00   2140.00    29.00  24.58   20.28    24.04    0.00      0.00     0.00   0.00    0.00     0.00   33.00   28.85    2.76  95.60


2026년 06월 29일 22시 16분 41초
avg-cpu:  %user   %nice %system %iowait  %steal   %idle
           6.55    0.00    1.76   23.55    0.00   68.14

Device            r/s     rkB/s   rrqm/s  %rrqm r_await rareq-sz     w/s     wkB/s   wrqm/s  %wrqm w_await wareq-sz     d/s     dkB/s   drqm/s  %drqm d_await dareq-sz     f/s f_await  aqu-sz  %util
sda              2.00      8.00     0.00   0.00   37.50     4.00   94.00   2232.00    50.00  34.72   21.53    23.74    0.00      0.00     0.00   0.00    0.00     0.00   43.00   23.40    3.10  96.80


2026년 06월 29일 22시 16분 42초
avg-cpu:  %user   %nice %system %iowait  %steal   %idle
           5.21    0.00    1.91   16.65    0.00   76.24

Device            r/s     rkB/s   rrqm/s  %rrqm r_await rareq-sz     w/s     wkB/s   wrqm/s  %wrqm w_await wareq-sz     d/s     dkB/s   drqm/s  %drqm d_await dareq-sz     f/s f_await  aqu-sz  %util
sda              2.00     20.00     3.00  60.00   45.50    10.00   89.00   2432.00    38.00  29.92   26.47    27.33    0.00      0.00     0.00   0.00    0.00     0.00   37.00   26.08    3.41  98.80


2026년 06월 29일 22시 16분 43초
avg-cpu:  %user   %nice %system %iowait  %steal   %idle
           5.04    0.00    1.64   18.89    0.00   74.43

Device            r/s     rkB/s   rrqm/s  %rrqm r_await rareq-sz     w/s     wkB/s   wrqm/s  %wrqm w_await wareq-sz     d/s     dkB/s   drqm/s  %drqm d_await dareq-sz     f/s f_await  aqu-sz  %util
sda              0.00      0.00     0.00   0.00    0.00     0.00   82.00   5808.00    45.00  35.43   21.32    70.83    0.00      0.00     0.00   0.00    0.00     0.00   33.00   26.61    2.63  92.40


2026년 06월 29일 22시 16분 44초
avg-cpu:  %user   %nice %system %iowait  %steal   %idle
           4.45    0.00    2.16   13.49    0.00   79.90

Device            r/s     rkB/s   rrqm/s  %rrqm r_await rareq-sz     w/s     wkB/s   wrqm/s  %wrqm w_await wareq-sz     d/s     dkB/s   drqm/s  %drqm d_await dareq-sz     f/s f_await  aqu-sz  %util
sda              3.00     28.00     4.00  57.14   24.33     9.33   90.00   1384.00    60.00  40.00   12.87    15.38    0.00      0.00     0.00   0.00    0.00     0.00   45.00   20.09    2.13  96.40


2026년 06월 29일 22시 16분 45초
avg-cpu:  %user   %nice %system %iowait  %steal   %idle
           3.05    0.00    0.89   22.59    0.00   73.48

Device            r/s     rkB/s   rrqm/s  %rrqm r_await rareq-sz     w/s     wkB/s   wrqm/s  %wrqm w_await wareq-sz     d/s     dkB/s   drqm/s  %drqm d_await dareq-sz     f/s f_await  aqu-sz  %util
sda              0.00      0.00     0.00   0.00    0.00     0.00   91.00   1808.00    46.00  33.58   21.89    19.87    0.00      0.00     0.00   0.00    0.00     0.00   32.00   30.94    2.98 100.00


2026년 06월 29일 22시 16분 46초
avg-cpu:  %user   %nice %system %iowait  %steal   %idle
           3.54    0.00    1.26   19.19    0.00   76.01

Device            r/s     rkB/s   rrqm/s  %rrqm r_await rareq-sz     w/s     wkB/s   wrqm/s  %wrqm w_await wareq-sz     d/s     dkB/s   drqm/s  %drqm d_await dareq-sz     f/s f_await  aqu-sz  %util
sda              0.00      0.00     0.00   0.00    0.00     0.00   91.00   1544.00    33.00  26.61   18.95    16.97    0.00      0.00     0.00   0.00    0.00     0.00   41.00   24.29    2.72  94.40


2026년 06월 29일 22시 16분 47초
avg-cpu:  %user   %nice %system %iowait  %steal   %idle
           3.53    0.00    1.64   21.69    0.00   73.14

Device            r/s     rkB/s   rrqm/s  %rrqm r_await rareq-sz     w/s     wkB/s   wrqm/s  %wrqm w_await wareq-sz     d/s     dkB/s   drqm/s  %drqm d_await dareq-sz     f/s f_await  aqu-sz  %util
sda              1.00     16.00     3.00  75.00   24.00    16.00   85.00   1644.00    60.00  41.38   22.40    19.34    0.00      0.00     0.00   0.00    0.00     0.00   33.00   29.76    2.91  98.00


2026년 06월 29일 22시 16분 48초
avg-cpu:  %user   %nice %system %iowait  %steal   %idle
           2.80    0.00    1.91   18.32    0.00   76.97

Device            r/s     rkB/s   rrqm/s  %rrqm r_await rareq-sz     w/s     wkB/s   wrqm/s  %wrqm w_await wareq-sz     d/s     dkB/s   drqm/s  %drqm d_await dareq-sz     f/s f_await  aqu-sz  %util
sda              0.00      0.00     0.00   0.00    0.00     0.00   91.00   1036.00    70.00  43.48   15.93    11.38    0.00      0.00     0.00   0.00    0.00     0.00   49.00   19.57    2.41  97.60


2026년 06월 29일 22시 16분 49초
avg-cpu:  %user   %nice %system %iowait  %steal   %idle
           1.13    0.00    0.88   17.00    0.00   80.98

Device            r/s     rkB/s   rrqm/s  %rrqm r_await rareq-sz     w/s     wkB/s   wrqm/s  %wrqm w_await wareq-sz     d/s     dkB/s   drqm/s  %drqm d_await dareq-sz     f/s f_await  aqu-sz  %util
sda              0.00      0.00     0.00   0.00    0.00     0.00   87.00    956.00    39.00  30.95   15.86    10.99    0.00      0.00     0.00   0.00    0.00     0.00   41.00   22.80    2.32  91.20


2026년 06월 29일 22시 16분 50초
avg-cpu:  %user   %nice %system %iowait  %steal   %idle
           0.13    0.00    0.50    6.29    0.00   93.08

Device            r/s     rkB/s   rrqm/s  %rrqm r_await rareq-sz     w/s     wkB/s   wrqm/s  %wrqm w_await wareq-sz     d/s     dkB/s   drqm/s  %drqm d_await dareq-sz     f/s f_await  aqu-sz  %util
sda              0.00      0.00     0.00   0.00    0.00     0.00   33.00    500.00     6.00  15.38   14.00    15.15    0.00      0.00     0.00   0.00    0.00     0.00   11.00   28.18    0.77  20.40


2026년 06월 29일 22시 16분 51초
avg-cpu:  %user   %nice %system %iowait  %steal   %idle
           0.50    0.00    0.38    6.91    0.00   92.21

Device            r/s     rkB/s   rrqm/s  %rrqm r_await rareq-sz     w/s     wkB/s   wrqm/s  %wrqm w_await wareq-sz     d/s     dkB/s   drqm/s  %drqm d_await dareq-sz     f/s f_await  aqu-sz  %util
sda              0.00      0.00     0.00   0.00    0.00     0.00   50.00    736.00    19.00  27.54   13.34    14.72    0.00      0.00     0.00   0.00    0.00     0.00   22.00   17.55    1.05  52.80


2026년 06월 29일 22시 16분 52초
avg-cpu:  %user   %nice %system %iowait  %steal   %idle
           0.25    0.00    0.38   13.60    0.00   85.77

Device            r/s     rkB/s   rrqm/s  %rrqm r_await rareq-sz     w/s     wkB/s   wrqm/s  %wrqm w_await wareq-sz     d/s     dkB/s   drqm/s  %drqm d_await dareq-sz     f/s f_await  aqu-sz  %util
sda              0.00      0.00     0.00   0.00    0.00     0.00   79.00   1476.00    29.00  26.85   13.51    18.68    0.00      0.00     0.00   0.00    0.00     0.00   34.00   28.59    2.04  96.00


2026년 06월 29일 22시 16분 53초
avg-cpu:  %user   %nice %system %iowait  %steal   %idle
           0.25    0.00    0.50   13.33    0.00   85.91

Device            r/s     rkB/s   rrqm/s  %rrqm r_await rareq-sz     w/s     wkB/s   wrqm/s  %wrqm w_await wareq-sz     d/s     dkB/s   drqm/s  %drqm d_await dareq-sz     f/s f_await  aqu-sz  %util
sda              0.00      0.00     0.00   0.00    0.00     0.00   74.00   1704.00    33.00  30.84   15.64    23.03    0.00      0.00     0.00   0.00    0.00     0.00   29.00   33.17    2.12 101.20


2026년 06월 29일 22시 16분 54초
avg-cpu:  %user   %nice %system %iowait  %steal   %idle
           0.25    0.00    0.25   16.27    0.00   83.23

Device            r/s     rkB/s   rrqm/s  %rrqm r_await rareq-sz     w/s     wkB/s   wrqm/s  %wrqm w_await wareq-sz     d/s     dkB/s   drqm/s  %drqm d_await dareq-sz     f/s f_await  aqu-sz  %util
sda              0.00      0.00     0.00   0.00    0.00     0.00   96.00   1480.00    33.00  25.58   34.76    15.42    0.00      0.00     0.00   0.00    0.00     0.00   27.00   35.44    4.29 102.80


2026년 06월 29일 22시 16분 55초
avg-cpu:  %user   %nice %system %iowait  %steal   %idle
           1.26    0.00    0.25   12.59    0.00   85.89

Device            r/s     rkB/s   rrqm/s  %rrqm r_await rareq-sz     w/s     wkB/s   wrqm/s  %wrqm w_await wareq-sz     d/s     dkB/s   drqm/s  %drqm d_await dareq-sz     f/s f_await  aqu-sz  %util
sda              0.00      0.00     0.00   0.00    0.00     0.00   74.00   1680.00    26.00  26.00   13.93    22.70    0.00      0.00     0.00   0.00    0.00     0.00   31.00   31.13    2.00 100.40


2026년 06월 29일 22시 16분 56초
avg-cpu:  %user   %nice %system %iowait  %steal   %idle
           0.50    0.00    0.63   13.69    0.00   85.18

Device            r/s     rkB/s   rrqm/s  %rrqm r_await rareq-sz     w/s     wkB/s   wrqm/s  %wrqm w_await wareq-sz     d/s     dkB/s   drqm/s  %drqm d_await dareq-sz     f/s f_await  aqu-sz  %util
sda              0.00      0.00     0.00   0.00    0.00     0.00   66.00   1696.00    30.00  31.25   15.95    25.70    0.00      0.00     0.00   0.00    0.00     0.00   31.00   31.03    2.02  94.80


2026년 06월 29일 22시 16분 57초
avg-cpu:  %user   %nice %system %iowait  %steal   %idle
           1.13    0.00    0.75   13.32    0.00   84.80

Device            r/s     rkB/s   rrqm/s  %rrqm r_await rareq-sz     w/s     wkB/s   wrqm/s  %wrqm w_await wareq-sz     d/s     dkB/s   drqm/s  %drqm d_await dareq-sz     f/s f_await  aqu-sz  %util
sda              0.00      0.00     0.00   0.00    0.00     0.00   77.00   1684.00    35.00  31.25   15.26    21.87    0.00      0.00     0.00   0.00    0.00     0.00   31.00   30.77    2.13 104.80


2026년 06월 29일 22시 16분 58초
avg-cpu:  %user   %nice %system %iowait  %steal   %idle
           2.25    0.00    1.13   12.89    0.00   83.73

Device            r/s     rkB/s   rrqm/s  %rrqm r_await rareq-sz     w/s     wkB/s   wrqm/s  %wrqm w_await wareq-sz     d/s     dkB/s   drqm/s  %drqm d_await dareq-sz     f/s f_await  aqu-sz  %util
sda              0.00      0.00     0.00   0.00    0.00     0.00   67.00   1568.00    39.00  36.79   14.93    23.40    0.00      0.00     0.00   0.00    0.00     0.00   28.00   33.32    1.93  97.20


2026년 06월 29일 22시 16분 59초
avg-cpu:  %user   %nice %system %iowait  %steal   %idle
           1.00    0.00    1.13   13.17    0.00   84.69

Device            r/s     rkB/s   rrqm/s  %rrqm r_await rareq-sz     w/s     wkB/s   wrqm/s  %wrqm w_await wareq-sz     d/s     dkB/s   drqm/s  %drqm d_await dareq-sz     f/s f_await  aqu-sz  %util
sda              0.00      0.00     0.00   0.00    0.00     0.00   75.00   1672.00    42.00  35.90   14.93    22.29    0.00      0.00     0.00   0.00    0.00     0.00   28.00   34.11    2.08  93.60


2026년 06월 29일 22시 17분 00초
avg-cpu:  %user   %nice %system %iowait  %steal   %idle
           0.13    0.00    0.50   13.98    0.00   85.39

Device            r/s     rkB/s   rrqm/s  %rrqm r_await rareq-sz     w/s     wkB/s   wrqm/s  %wrqm w_await wareq-sz     d/s     dkB/s   drqm/s  %drqm d_await dareq-sz     f/s f_await  aqu-sz  %util
sda              0.00      0.00     0.00   0.00    0.00     0.00   72.00   1564.00    28.00  28.00   16.29    21.72    0.00      0.00     0.00   0.00    0.00     0.00   28.00   35.61    2.17 103.60


2026년 06월 29일 22시 17분 01초
avg-cpu:  %user   %nice %system %iowait  %steal   %idle
           0.38    0.00    0.50   12.56    0.00   86.56

Device            r/s     rkB/s   rrqm/s  %rrqm r_await rareq-sz     w/s     wkB/s   wrqm/s  %wrqm w_await wareq-sz     d/s     dkB/s   drqm/s  %drqm d_await dareq-sz     f/s f_await  aqu-sz  %util
sda              0.00      0.00     0.00   0.00    0.00     0.00   69.00   1592.00    25.00  26.60   14.61    23.07    0.00      0.00     0.00   0.00    0.00     0.00   24.00   38.83    1.94  88.80


2026년 06월 29일 22시 17분 02초
avg-cpu:  %user   %nice %system %iowait  %steal   %idle
           0.38    0.00    0.63   12.44    0.00   86.56

Device            r/s     rkB/s   rrqm/s  %rrqm r_await rareq-sz     w/s     wkB/s   wrqm/s  %wrqm w_await wareq-sz     d/s     dkB/s   drqm/s  %drqm d_await dareq-sz     f/s f_await  aqu-sz  %util
sda              0.00      0.00     0.00   0.00    0.00     0.00   63.00   1488.00    33.00  34.38   16.35    23.62    0.00      0.00     0.00   0.00    0.00     0.00   24.00   40.38    2.00 100.40


2026년 06월 29일 22시 17분 03초
avg-cpu:  %user   %nice %system %iowait  %steal   %idle
           0.25    0.00    0.13   12.72    0.00   86.90

Device            r/s     rkB/s   rrqm/s  %rrqm r_await rareq-sz     w/s     wkB/s   wrqm/s  %wrqm w_await wareq-sz     d/s     dkB/s   drqm/s  %drqm d_await dareq-sz     f/s f_await  aqu-sz  %util
sda              0.00      0.00     0.00   0.00    0.00     0.00   71.00   1232.00    24.00  25.26   15.07    17.35    0.00      0.00     0.00   0.00    0.00     0.00   33.00   24.91    1.89  85.60


2026년 06월 29일 22시 17분 04초
avg-cpu:  %user   %nice %system %iowait  %steal   %idle
           0.13    0.00    0.25    0.50    0.00   99.12

Device            r/s     rkB/s   rrqm/s  %rrqm r_await rareq-sz     w/s     wkB/s   wrqm/s  %wrqm w_await wareq-sz     d/s     dkB/s   drqm/s  %drqm d_await dareq-sz     f/s f_await  aqu-sz  %util
sda              0.00      0.00     0.00   0.00    0.00     0.00    4.00     20.00     2.00  33.33   11.25     5.00    0.00      0.00     0.00   0.00    0.00     0.00    3.00   14.33    0.09   5.20


2026년 06월 29일 22시 17분 05초
avg-cpu:  %user   %nice %system %iowait  %steal   %idle
           0.50    0.00    0.25    0.00    0.00   99.25

Device            r/s     rkB/s   rrqm/s  %rrqm r_await rareq-sz     w/s     wkB/s   wrqm/s  %wrqm w_await wareq-sz     d/s     dkB/s   drqm/s  %drqm d_await dareq-sz     f/s f_await  aqu-sz  %util
sda              0.00      0.00     0.00   0.00    0.00     0.00    1.00      8.00     1.00  50.00   58.00     8.00    0.00      0.00     0.00   0.00    0.00     0.00    0.00    0.00    0.06   6.00


2026년 06월 29일 22시 17분 06초
avg-cpu:  %user   %nice %system %iowait  %steal   %idle
           0.50    0.00    0.25    0.00    0.00   99.25

Device            r/s     rkB/s   rrqm/s  %rrqm r_await rareq-sz     w/s     wkB/s   wrqm/s  %wrqm w_await wareq-sz     d/s     dkB/s   drqm/s  %drqm d_await dareq-sz     f/s f_await  aqu-sz  %util


2026년 06월 29일 22시 17분 07초
avg-cpu:  %user   %nice %system %iowait  %steal   %idle
           1.26    0.00    0.38    0.00    0.00   98.37

Device            r/s     rkB/s   rrqm/s  %rrqm r_await rareq-sz     w/s     wkB/s   wrqm/s  %wrqm w_await wareq-sz     d/s     dkB/s   drqm/s  %drqm d_await dareq-sz     f/s f_await  aqu-sz  %util


2026년 06월 29일 22시 17분 08초
avg-cpu:  %user   %nice %system %iowait  %steal   %idle
           1.64    0.00    0.76    3.40    0.00   94.20

Device            r/s     rkB/s   rrqm/s  %rrqm r_await rareq-sz     w/s     wkB/s   wrqm/s  %wrqm w_await wareq-sz     d/s     dkB/s   drqm/s  %drqm d_await dareq-sz     f/s f_await  aqu-sz  %util
sda              0.00      0.00     0.00   0.00    0.00     0.00   23.00    552.00    16.00  41.03   10.91    24.00    0.00      0.00     0.00   0.00    0.00     0.00    8.00   28.38    0.48  24.80


2026년 06월 29일 22시 17분 09초
avg-cpu:  %user   %nice %system %iowait  %steal   %idle
           0.13    0.00    0.25   12.63    0.00   86.99

Device            r/s     rkB/s   rrqm/s  %rrqm r_await rareq-sz     w/s     wkB/s   wrqm/s  %wrqm w_await wareq-sz     d/s     dkB/s   drqm/s  %drqm d_await dareq-sz     f/s f_await  aqu-sz  %util
sda              0.00      0.00     0.00   0.00    0.00     0.00   85.00   1936.00    33.00  27.97   12.36    22.78    0.00      0.00     0.00   0.00    0.00     0.00   38.00   24.82    1.99  99.20


2026년 06월 29일 22시 17분 10초
avg-cpu:  %user   %nice %system %iowait  %steal   %idle
           0.50    0.00    0.13    0.50    0.00   98.87

Device            r/s     rkB/s   rrqm/s  %rrqm r_await rareq-sz     w/s     wkB/s   wrqm/s  %wrqm w_await wareq-sz     d/s     dkB/s   drqm/s  %drqm d_await dareq-sz     f/s f_await  aqu-sz  %util
sda              0.00      0.00     0.00   0.00    0.00     0.00    4.00     20.00     2.00  33.33    9.75     5.00    0.00      0.00     0.00   0.00    0.00     0.00    3.00   12.33    0.08   4.40


2026년 06월 29일 22시 17분 11초
avg-cpu:  %user   %nice %system %iowait  %steal   %idle
           0.38    0.00    0.00    0.00    0.00   99.62

Device            r/s     rkB/s   rrqm/s  %rrqm r_await rareq-sz     w/s     wkB/s   wrqm/s  %wrqm w_await wareq-sz     d/s     dkB/s   drqm/s  %drqm d_await dareq-sz     f/s f_await  aqu-sz  %util
sda              0.00      0.00     0.00   0.00    0.00     0.00    2.00     20.00     0.00   0.00    1.00    10.00    0.00      0.00     0.00   0.00    0.00     0.00    0.00    0.00    0.00   0.80


2026년 06월 29일 22시 17분 12초
avg-cpu:  %user   %nice %system %iowait  %steal   %idle
           0.38    0.00    0.75    0.00    0.00   98.88

Device            r/s     rkB/s   rrqm/s  %rrqm r_await rareq-sz     w/s     wkB/s   wrqm/s  %wrqm w_await wareq-sz     d/s     dkB/s   drqm/s  %drqm d_await dareq-sz     f/s f_await  aqu-sz  %util


2026년 06월 29일 22시 17분 13초
avg-cpu:  %user   %nice %system %iowait  %steal   %idle
           0.13    0.00    0.25    0.00    0.00   99.62

Device            r/s     rkB/s   rrqm/s  %rrqm r_await rareq-sz     w/s     wkB/s   wrqm/s  %wrqm w_await wareq-sz     d/s     dkB/s   drqm/s  %drqm d_await dareq-sz     f/s f_await  aqu-sz  %util


2026년 06월 29일 22시 17분 14초
avg-cpu:  %user   %nice %system %iowait  %steal   %idle
           0.88    0.00    0.63    0.00    0.00   98.49

Device            r/s     rkB/s   rrqm/s  %rrqm r_await rareq-sz     w/s     wkB/s   wrqm/s  %wrqm w_await wareq-sz     d/s     dkB/s   drqm/s  %drqm d_await dareq-sz     f/s f_await  aqu-sz  %util


2026년 06월 29일 22시 17분 15초
avg-cpu:  %user   %nice %system %iowait  %steal   %idle
           0.50    0.00    0.25    0.00    0.00   99.25

Device            r/s     rkB/s   rrqm/s  %rrqm r_await rareq-sz     w/s     wkB/s   wrqm/s  %wrqm w_await wareq-sz     d/s     dkB/s   drqm/s  %drqm d_await dareq-sz     f/s f_await  aqu-sz  %util


2026년 06월 29일 22시 17분 16초
avg-cpu:  %user   %nice %system %iowait  %steal   %idle
           0.38    0.00    0.13    1.01    0.00   98.49

Device            r/s     rkB/s   rrqm/s  %rrqm r_await rareq-sz     w/s     wkB/s   wrqm/s  %wrqm w_await wareq-sz     d/s     dkB/s   drqm/s  %drqm d_await dareq-sz     f/s f_await  aqu-sz  %util
sda              0.00      0.00     0.00   0.00    0.00     0.00    2.00     36.00     0.00   0.00   26.50    18.00    0.00      0.00     0.00   0.00    0.00     0.00    2.00   10.00    0.07   5.20


2026년 06월 29일 22시 17분 17초
avg-cpu:  %user   %nice %system %iowait  %steal   %idle
           1.01    0.00    0.63    0.00    0.00   98.36

Device            r/s     rkB/s   rrqm/s  %rrqm r_await rareq-sz     w/s     wkB/s   wrqm/s  %wrqm w_await wareq-sz     d/s     dkB/s   drqm/s  %drqm d_await dareq-sz     f/s f_await  aqu-sz  %util
sda              0.00      0.00     0.00   0.00    0.00     0.00    1.00      8.00     1.00  50.00    1.00     8.00    0.00      0.00     0.00   0.00    0.00     0.00    0.00    0.00    0.00   0.40


2026년 06월 29일 22시 17분 18초
avg-cpu:  %user   %nice %system %iowait  %steal   %idle
           1.38    0.00    1.13    0.00    0.00   97.48

Device            r/s     rkB/s   rrqm/s  %rrqm r_await rareq-sz     w/s     wkB/s   wrqm/s  %wrqm w_await wareq-sz     d/s     dkB/s   drqm/s  %drqm d_await dareq-sz     f/s f_await  aqu-sz  %util


2026년 06월 29일 22시 17분 19초
avg-cpu:  %user   %nice %system %iowait  %steal   %idle
           0.25    0.00    0.13    0.00    0.00   99.62

Device            r/s     rkB/s   rrqm/s  %rrqm r_await rareq-sz     w/s     wkB/s   wrqm/s  %wrqm w_await wareq-sz     d/s     dkB/s   drqm/s  %drqm d_await dareq-sz     f/s f_await  aqu-sz  %util


2026년 06월 29일 22시 17분 20초
avg-cpu:  %user   %nice %system %iowait  %steal   %idle
           0.13    0.00    0.25    0.00    0.00   99.62

Device            r/s     rkB/s   rrqm/s  %rrqm r_await rareq-sz     w/s     wkB/s   wrqm/s  %wrqm w_await wareq-sz     d/s     dkB/s   drqm/s  %drqm d_await dareq-sz     f/s f_await  aqu-sz  %util


2026년 06월 29일 22시 17분 21초
avg-cpu:  %user   %nice %system %iowait  %steal   %idle
           0.13    0.00    0.00    1.01    0.00   98.86

Device            r/s     rkB/s   rrqm/s  %rrqm r_await rareq-sz     w/s     wkB/s   wrqm/s  %wrqm w_await wareq-sz     d/s     dkB/s   drqm/s  %drqm d_await dareq-sz     f/s f_await  aqu-sz  %util
sda              0.00      0.00     0.00   0.00    0.00     0.00    2.00     56.00     0.00   0.00   26.50    28.00    0.00      0.00     0.00   0.00    0.00     0.00    2.00   14.00    0.08   5.20


2026년 06월 29일 22시 17분 22초
avg-cpu:  %user   %nice %system %iowait  %steal   %idle
           0.25    0.00    0.25    0.00    0.00   99.50

Device            r/s     rkB/s   rrqm/s  %rrqm r_await rareq-sz     w/s     wkB/s   wrqm/s  %wrqm w_await wareq-sz     d/s     dkB/s   drqm/s  %drqm d_await dareq-sz     f/s f_await  aqu-sz  %util
sda              0.00      0.00     0.00   0.00    0.00     0.00    3.00     24.00     2.00  40.00   11.00     8.00    0.00      0.00     0.00   0.00    0.00     0.00    0.00    0.00    0.03   1.20


2026년 06월 29일 22시 17분 23초
avg-cpu:  %user   %nice %system %iowait  %steal   %idle
           0.00    0.00    0.38    0.00    0.00   99.62

Device            r/s     rkB/s   rrqm/s  %rrqm r_await rareq-sz     w/s     wkB/s   wrqm/s  %wrqm w_await wareq-sz     d/s     dkB/s   drqm/s  %drqm d_await dareq-sz     f/s f_await  aqu-sz  %util
sda              0.00      0.00     0.00   0.00    0.00     0.00    1.00      8.00     1.00  50.00    1.00     8.00    0.00      0.00     0.00   0.00    0.00     0.00    0.00    0.00    0.00   0.40


2026년 06월 29일 22시 17분 24초
avg-cpu:  %user   %nice %system %iowait  %steal   %idle
           0.50    0.00    0.25    0.00    0.00   99.25

Device            r/s     rkB/s   rrqm/s  %rrqm r_await rareq-sz     w/s     wkB/s   wrqm/s  %wrqm w_await wareq-sz     d/s     dkB/s   drqm/s  %drqm d_await dareq-sz     f/s f_await  aqu-sz  %util


2026년 06월 29일 22시 17분 25초
avg-cpu:  %user   %nice %system %iowait  %steal   %idle
           0.25    0.00    0.13    0.00    0.00   99.62

Device            r/s     rkB/s   rrqm/s  %rrqm r_await rareq-sz     w/s     wkB/s   wrqm/s  %wrqm w_await wareq-sz     d/s     dkB/s   drqm/s  %drqm d_await dareq-sz     f/s f_await  aqu-sz  %util
sda              0.00      0.00     0.00   0.00    0.00     0.00   13.00     68.00    11.00  45.83   21.85     5.23    0.00      0.00     0.00   0.00    0.00     0.00    0.00    0.00    0.28   2.80


2026년 06월 29일 22시 17분 26초
avg-cpu:  %user   %nice %system %iowait  %steal   %idle
           0.50    0.00    0.25    0.38    0.00   98.87

Device            r/s     rkB/s   rrqm/s  %rrqm r_await rareq-sz     w/s     wkB/s   wrqm/s  %wrqm w_await wareq-sz     d/s     dkB/s   drqm/s  %drqm d_await dareq-sz     f/s f_await  aqu-sz  %util
sda              0.00      0.00     0.00   0.00    0.00     0.00    2.00     36.00     0.00   0.00   16.00    18.00    0.00      0.00     0.00   0.00    0.00     0.00    2.00   15.50    0.06   3.20


2026년 06월 29일 22시 17분 27초
avg-cpu:  %user   %nice %system %iowait  %steal   %idle
           1.50    0.00    1.00    0.00    0.00   97.50

Device            r/s     rkB/s   rrqm/s  %rrqm r_await rareq-sz     w/s     wkB/s   wrqm/s  %wrqm w_await wareq-sz     d/s     dkB/s   drqm/s  %drqm d_await dareq-sz     f/s f_await  aqu-sz  %util


2026년 06월 29일 22시 17분 28초
avg-cpu:  %user   %nice %system %iowait  %steal   %idle
           1.39    0.00    0.51    0.00    0.00   98.10

Device            r/s     rkB/s   rrqm/s  %rrqm r_await rareq-sz     w/s     wkB/s   wrqm/s  %wrqm w_await wareq-sz     d/s     dkB/s   drqm/s  %drqm d_await dareq-sz     f/s f_await  aqu-sz  %util


2026년 06월 29일 22시 17분 29초
avg-cpu:  %user   %nice %system %iowait  %steal   %idle
           0.63    0.00    0.76    0.00    0.00   98.61

Device            r/s     rkB/s   rrqm/s  %rrqm r_await rareq-sz     w/s     wkB/s   wrqm/s  %wrqm w_await wareq-sz     d/s     dkB/s   drqm/s  %drqm d_await dareq-sz     f/s f_await  aqu-sz  %util


2026년 06월 29일 22시 17분 30초
avg-cpu:  %user   %nice %system %iowait  %steal   %idle
           0.25    0.00    0.38    0.00    0.00   99.37

Device            r/s     rkB/s   rrqm/s  %rrqm r_await rareq-sz     w/s     wkB/s   wrqm/s  %wrqm w_await wareq-sz     d/s     dkB/s   drqm/s  %drqm d_await dareq-sz     f/s f_await  aqu-sz  %util


2026년 06월 29일 22시 17분 31초
avg-cpu:  %user   %nice %system %iowait  %steal   %idle
           0.38    0.00    0.25    0.75    0.00   98.62

Device            r/s     rkB/s   rrqm/s  %rrqm r_await rareq-sz     w/s     wkB/s   wrqm/s  %wrqm w_await wareq-sz     d/s     dkB/s   drqm/s  %drqm d_await dareq-sz     f/s f_await  aqu-sz  %util
sda              0.00      0.00     0.00   0.00    0.00     0.00    3.00     68.00     0.00   0.00   19.00    22.67    0.00      0.00     0.00   0.00    0.00     0.00    2.00   24.50    0.11   5.60


2026년 06월 29일 22시 17분 32초
avg-cpu:  %user   %nice %system %iowait  %steal   %idle
           0.38    0.00    0.25    0.13    0.00   99.25

Device            r/s     rkB/s   rrqm/s  %rrqm r_await rareq-sz     w/s     wkB/s   wrqm/s  %wrqm w_await wareq-sz     d/s     dkB/s   drqm/s  %drqm d_await dareq-sz     f/s f_await  aqu-sz  %util
sda              0.00      0.00     0.00   0.00    0.00     0.00   52.00    224.00     1.00   1.89    1.40     4.31    0.00      0.00     0.00   0.00    0.00     0.00    0.00    0.00    0.07   1.60


2026년 06월 29일 22시 17분 33초
avg-cpu:  %user   %nice %system %iowait  %steal   %idle
           0.00    0.00    0.13    0.00    0.00   99.87

Device            r/s     rkB/s   rrqm/s  %rrqm r_await rareq-sz     w/s     wkB/s   wrqm/s  %wrqm w_await wareq-sz     d/s     dkB/s   drqm/s  %drqm d_await dareq-sz     f/s f_await  aqu-sz  %util


2026년 06월 29일 22시 17분 34초
avg-cpu:  %user   %nice %system %iowait  %steal   %idle
           0.25    0.00    0.25    0.00    0.00   99.50

Device            r/s     rkB/s   rrqm/s  %rrqm r_await rareq-sz     w/s     wkB/s   wrqm/s  %wrqm w_await wareq-sz     d/s     dkB/s   drqm/s  %drqm d_await dareq-sz     f/s f_await  aqu-sz  %util


2026년 06월 29일 22시 17분 35초
avg-cpu:  %user   %nice %system %iowait  %steal   %idle
           0.00    0.00    0.25    0.00    0.00   99.75

Device            r/s     rkB/s   rrqm/s  %rrqm r_await rareq-sz     w/s     wkB/s   wrqm/s  %wrqm w_await wareq-sz     d/s     dkB/s   drqm/s  %drqm d_await dareq-sz     f/s f_await  aqu-sz  %util


2026년 06월 29일 22시 17분 36초
avg-cpu:  %user   %nice %system %iowait  %steal   %idle
           0.50    0.00    0.25    0.25    0.00   99.00

Device            r/s     rkB/s   rrqm/s  %rrqm r_await rareq-sz     w/s     wkB/s   wrqm/s  %wrqm w_await wareq-sz     d/s     dkB/s   drqm/s  %drqm d_await dareq-sz     f/s f_await  aqu-sz  %util
sda              0.00      0.00     0.00   0.00    0.00     0.00    2.00     28.00     0.00   0.00   10.50    14.00    0.00      0.00     0.00   0.00    0.00     0.00    2.00    9.50    0.04   2.00


2026년 06월 29일 22시 17분 37초
avg-cpu:  %user   %nice %system %iowait  %steal   %idle
           1.26    0.00    0.50    0.00    0.00   98.24

Device            r/s     rkB/s   rrqm/s  %rrqm r_await rareq-sz     w/s     wkB/s   wrqm/s  %wrqm w_await wareq-sz     d/s     dkB/s   drqm/s  %drqm d_await dareq-sz     f/s f_await  aqu-sz  %util


2026년 06월 29일 22시 17분 38초
avg-cpu:  %user   %nice %system %iowait  %steal   %idle
           1.76    0.00    0.75    0.00    0.00   97.48

Device            r/s     rkB/s   rrqm/s  %rrqm r_await rareq-sz     w/s     wkB/s   wrqm/s  %wrqm w_await wareq-sz     d/s     dkB/s   drqm/s  %drqm d_await dareq-sz     f/s f_await  aqu-sz  %util


2026년 06월 29일 22시 17분 39초
avg-cpu:  %user   %nice %system %iowait  %steal   %idle
           0.38    0.00    0.50    0.00    0.00   99.12

Device            r/s     rkB/s   rrqm/s  %rrqm r_await rareq-sz     w/s     wkB/s   wrqm/s  %wrqm w_await wareq-sz     d/s     dkB/s   drqm/s  %drqm d_await dareq-sz     f/s f_await  aqu-sz  %util


2026년 06월 29일 22시 17분 40초
avg-cpu:  %user   %nice %system %iowait  %steal   %idle
           0.38    0.00    0.13    0.00    0.00   99.50

Device            r/s     rkB/s   rrqm/s  %rrqm r_await rareq-sz     w/s     wkB/s   wrqm/s  %wrqm w_await wareq-sz     d/s     dkB/s   drqm/s  %drqm d_await dareq-sz     f/s f_await  aqu-sz  %util


2026년 06월 29일 22시 17분 41초
avg-cpu:  %user   %nice %system %iowait  %steal   %idle
           0.50    0.00    0.13    0.63    0.00   98.74

Device            r/s     rkB/s   rrqm/s  %rrqm r_await rareq-sz     w/s     wkB/s   wrqm/s  %wrqm w_await wareq-sz     d/s     dkB/s   drqm/s  %drqm d_await dareq-sz     f/s f_await  aqu-sz  %util
sda              0.00      0.00     0.00   0.00    0.00     0.00    2.00     44.00     0.00   0.00   16.00    22.00    0.00      0.00     0.00   0.00    0.00     0.00    2.00    7.50    0.05   3.20


2026년 06월 29일 22시 17분 42초
avg-cpu:  %user   %nice %system %iowait  %steal   %idle
           0.25    0.00    0.00    0.00    0.00   99.75

Device            r/s     rkB/s   rrqm/s  %rrqm r_await rareq-sz     w/s     wkB/s   wrqm/s  %wrqm w_await wareq-sz     d/s     dkB/s   drqm/s  %drqm d_await dareq-sz     f/s f_await  aqu-sz  %util
sda              0.00      0.00     0.00   0.00    0.00     0.00    1.00     16.00     0.00   0.00   50.00    16.00    0.00      0.00     0.00   0.00    0.00     0.00    0.00    0.00    0.05   5.20


2026년 06월 29일 22시 17분 43초
avg-cpu:  %user   %nice %system %iowait  %steal   %idle
           0.12    0.00    0.88    0.00    0.00   99.00

Device            r/s     rkB/s   rrqm/s  %rrqm r_await rareq-sz     w/s     wkB/s   wrqm/s  %wrqm w_await wareq-sz     d/s     dkB/s   drqm/s  %drqm d_await dareq-sz     f/s f_await  aqu-sz  %util
sda              0.00      0.00     0.00   0.00    0.00     0.00    2.00      8.00     0.00   0.00   30.00     4.00    0.00      0.00     0.00   0.00    0.00     0.00    0.00    0.00    0.06   3.20


2026년 06월 29일 22시 17분 44초
avg-cpu:  %user   %nice %system %iowait  %steal   %idle
           1.00    0.00    0.63    0.00    0.00   98.37

Device            r/s     rkB/s   rrqm/s  %rrqm r_await rareq-sz     w/s     wkB/s   wrqm/s  %wrqm w_await wareq-sz     d/s     dkB/s   drqm/s  %drqm d_await dareq-sz     f/s f_await  aqu-sz  %util


2026년 06월 29일 22시 17분 45초
avg-cpu:  %user   %nice %system %iowait  %steal   %idle
           0.75    0.00    0.25    0.00    0.00   99.00

Device            r/s     rkB/s   rrqm/s  %rrqm r_await rareq-sz     w/s     wkB/s   wrqm/s  %wrqm w_await wareq-sz     d/s     dkB/s   drqm/s  %drqm d_await dareq-sz     f/s f_await  aqu-sz  %util


2026년 06월 29일 22시 17분 46초
avg-cpu:  %user   %nice %system %iowait  %steal   %idle
           0.25    0.00    0.38    0.63    0.00   98.74

Device            r/s     rkB/s   rrqm/s  %rrqm r_await rareq-sz     w/s     wkB/s   wrqm/s  %wrqm w_await wareq-sz     d/s     dkB/s   drqm/s  %drqm d_await dareq-sz     f/s f_await  aqu-sz  %util
sda              0.00      0.00     0.00   0.00    0.00     0.00    2.00     44.00     0.00   0.00   16.50    22.00    0.00      0.00     0.00   0.00    0.00     0.00    2.00   10.50    0.05   3.20


2026년 06월 29일 22시 17분 47초
avg-cpu:  %user   %nice %system %iowait  %steal   %idle
           1.13    0.00    0.38    0.00    0.00   98.49

Device            r/s     rkB/s   rrqm/s  %rrqm r_await rareq-sz     w/s     wkB/s   wrqm/s  %wrqm w_await wareq-sz     d/s     dkB/s   drqm/s  %drqm d_await dareq-sz     f/s f_await  aqu-sz  %util


2026년 06월 29일 22시 17분 48초
avg-cpu:  %user   %nice %system %iowait  %steal   %idle
           1.39    0.00    0.88    0.00    0.00   97.73

Device            r/s     rkB/s   rrqm/s  %rrqm r_await rareq-sz     w/s     wkB/s   wrqm/s  %wrqm w_await wareq-sz     d/s     dkB/s   drqm/s  %drqm d_await dareq-sz     f/s f_await  aqu-sz  %util


2026년 06월 29일 22시 17분 49초
avg-cpu:  %user   %nice %system %iowait  %steal   %idle
           0.25    0.00    0.13    0.00    0.00   99.62

Device            r/s     rkB/s   rrqm/s  %rrqm r_await rareq-sz     w/s     wkB/s   wrqm/s  %wrqm w_await wareq-sz     d/s     dkB/s   drqm/s  %drqm d_await dareq-sz     f/s f_await  aqu-sz  %util


2026년 06월 29일 22시 17분 50초
avg-cpu:  %user   %nice %system %iowait  %steal   %idle
           0.38    0.00    0.38    0.00    0.00   99.25

Device            r/s     rkB/s   rrqm/s  %rrqm r_await rareq-sz     w/s     wkB/s   wrqm/s  %wrqm w_await wareq-sz     d/s     dkB/s   drqm/s  %drqm d_await dareq-sz     f/s f_await  aqu-sz  %util


2026년 06월 29일 22시 17분 51초
avg-cpu:  %user   %nice %system %iowait  %steal   %idle
           0.38    0.00    0.00    0.38    0.00   99.24

Device            r/s     rkB/s   rrqm/s  %rrqm r_await rareq-sz     w/s     wkB/s   wrqm/s  %wrqm w_await wareq-sz     d/s     dkB/s   drqm/s  %drqm d_await dareq-sz     f/s f_await  aqu-sz  %util
sda              0.00      0.00     0.00   0.00    0.00     0.00    2.00     44.00     0.00   0.00   16.50    22.00    0.00      0.00     0.00   0.00    0.00     0.00    2.00   15.50    0.07   3.20


2026년 06월 29일 22시 17분 52초
avg-cpu:  %user   %nice %system %iowait  %steal   %idle
           0.25    0.00    0.25    0.00    0.00   99.50

Device            r/s     rkB/s   rrqm/s  %rrqm r_await rareq-sz     w/s     wkB/s   wrqm/s  %wrqm w_await wareq-sz     d/s     dkB/s   drqm/s  %drqm d_await dareq-sz     f/s f_await  aqu-sz  %util


