Linux 5.15.0-157-generic (cgda) 	2026년 06월 29일 	_x86_64_	(8 CPU)

2026년 06월 29일 22시 23분 08초
avg-cpu:  %user   %nice %system %iowait  %steal   %idle
           0.10    0.00    0.09    0.07    0.00   99.73

Device            r/s     rkB/s   rrqm/s  %rrqm r_await rareq-sz     w/s     wkB/s   wrqm/s  %wrqm w_await wareq-sz     d/s     dkB/s   drqm/s  %drqm d_await dareq-sz     f/s f_await  aqu-sz  %util
sda              0.04      0.55     0.01  25.38   31.18    15.62    1.28     14.54     0.56  30.47    7.58    11.40    0.00      0.00     0.00   0.00    0.00     0.00    0.24   16.96    0.01   0.64


2026년 06월 29일 22시 23분 09초
avg-cpu:  %user   %nice %system %iowait  %steal   %idle
           0.25    0.00    0.00    3.30    0.00   96.45

Device            r/s     rkB/s   rrqm/s  %rrqm r_await rareq-sz     w/s     wkB/s   wrqm/s  %wrqm w_await wareq-sz     d/s     dkB/s   drqm/s  %drqm d_await dareq-sz     f/s f_await  aqu-sz  %util
sda              2.00      8.00     0.00   0.00   26.50     4.00   12.00    124.00    14.00  53.85   17.75    10.33    0.00      0.00     0.00   0.00    0.00     0.00    7.00   25.00    0.44  20.80


2026년 06월 29일 22시 23분 10초
avg-cpu:  %user   %nice %system %iowait  %steal   %idle
           4.29    0.00    2.65   13.11    0.00   79.95

Device            r/s     rkB/s   rrqm/s  %rrqm r_await rareq-sz     w/s     wkB/s   wrqm/s  %wrqm w_await wareq-sz     d/s     dkB/s   drqm/s  %drqm d_await dareq-sz     f/s f_await  aqu-sz  %util
sda              1.00      4.00     0.00   0.00   53.00     4.00   74.00    764.00    50.00  40.32   13.11    10.32    0.00      0.00     0.00   0.00    0.00     0.00   42.00   21.45    1.92  93.60


2026년 06월 29일 22시 23분 11초
avg-cpu:  %user   %nice %system %iowait  %steal   %idle
           2.28    0.00    1.14   13.16    0.00   83.42

Device            r/s     rkB/s   rrqm/s  %rrqm r_await rareq-sz     w/s     wkB/s   wrqm/s  %wrqm w_await wareq-sz     d/s     dkB/s   drqm/s  %drqm d_await dareq-sz     f/s f_await  aqu-sz  %util
sda              0.00      0.00     0.00   0.00    0.00     0.00  102.00    972.00    76.00  42.70   24.41     9.53    0.00      0.00     0.00   0.00    0.00     0.00   37.00   25.68    3.44  97.20


2026년 06월 29일 22시 23분 12초
avg-cpu:  %user   %nice %system %iowait  %steal   %idle
           3.54    0.00    1.14   13.54    0.00   81.77

Device            r/s     rkB/s   rrqm/s  %rrqm r_await rareq-sz     w/s     wkB/s   wrqm/s  %wrqm w_await wareq-sz     d/s     dkB/s   drqm/s  %drqm d_await dareq-sz     f/s f_await  aqu-sz  %util
sda              0.00      0.00     0.00   0.00    0.00     0.00   79.00    876.00    54.00  40.60   13.97    11.09    0.00      0.00     0.00   0.00    0.00     0.00   45.00   20.71    2.04  96.80


2026년 06월 29일 22시 23분 13초
avg-cpu:  %user   %nice %system %iowait  %steal   %idle
           3.14    0.00    2.14   14.57    0.00   80.15

Device            r/s     rkB/s   rrqm/s  %rrqm r_await rareq-sz     w/s     wkB/s   wrqm/s  %wrqm w_await wareq-sz     d/s     dkB/s   drqm/s  %drqm d_await dareq-sz     f/s f_await  aqu-sz  %util
sda              2.00      8.00     0.00   0.00   11.00     4.00   77.00    928.00    48.00  38.40   15.17    12.05    0.00      0.00     0.00   0.00    0.00     0.00   42.00   22.24    2.12  96.00


2026년 06월 29일 22시 23분 14초
avg-cpu:  %user   %nice %system %iowait  %steal   %idle
           2.65    0.00    1.77   16.94    0.00   78.63

Device            r/s     rkB/s   rrqm/s  %rrqm r_await rareq-sz     w/s     wkB/s   wrqm/s  %wrqm w_await wareq-sz     d/s     dkB/s   drqm/s  %drqm d_await dareq-sz     f/s f_await  aqu-sz  %util
sda              1.00      4.00     0.00   0.00   56.00     4.00   80.00    944.00    64.00  44.44   18.76    11.80    0.00      0.00     0.00   0.00    0.00     0.00   46.00   21.52    2.55  94.80


2026년 06월 29일 22시 23분 15초
avg-cpu:  %user   %nice %system %iowait  %steal   %idle
           3.54    0.00    1.52   14.18    0.00   80.76

Device            r/s     rkB/s   rrqm/s  %rrqm r_await rareq-sz     w/s     wkB/s   wrqm/s  %wrqm w_await wareq-sz     d/s     dkB/s   drqm/s  %drqm d_await dareq-sz     f/s f_await  aqu-sz  %util
sda              1.00      4.00     0.00   0.00   28.00     4.00   70.00    924.00    57.00  44.88   15.87    13.20    0.00      0.00     0.00   0.00    0.00     0.00   39.00   24.46    2.09  94.00


2026년 06월 29일 22시 23분 16초
avg-cpu:  %user   %nice %system %iowait  %steal   %idle
           4.42    0.00    2.28   15.93    0.00   77.37

Device            r/s     rkB/s   rrqm/s  %rrqm r_await rareq-sz     w/s     wkB/s   wrqm/s  %wrqm w_await wareq-sz     d/s     dkB/s   drqm/s  %drqm d_await dareq-sz     f/s f_await  aqu-sz  %util
sda              0.00      0.00     0.00   0.00    0.00     0.00   74.00   1024.00    72.00  49.32   18.28    13.84    0.00      0.00     0.00   0.00    0.00     0.00   42.00   21.74    2.27  97.60


2026년 06월 29일 22시 23분 17초
avg-cpu:  %user   %nice %system %iowait  %steal   %idle
           5.53    0.00    2.26   14.45    0.00   77.76

Device            r/s     rkB/s   rrqm/s  %rrqm r_await rareq-sz     w/s     wkB/s   wrqm/s  %wrqm w_await wareq-sz     d/s     dkB/s   drqm/s  %drqm d_await dareq-sz     f/s f_await  aqu-sz  %util
sda              1.00      4.00     0.00   0.00    1.00     4.00   93.00   1264.00    63.00  40.38   13.00    13.59    0.00      0.00     0.00   0.00    0.00     0.00   50.00   19.18    2.17  97.20


2026년 06월 29일 22시 23분 18초
avg-cpu:  %user   %nice %system %iowait  %steal   %idle
           3.80    0.00    2.03   14.96    0.00   79.21

Device            r/s     rkB/s   rrqm/s  %rrqm r_await rareq-sz     w/s     wkB/s   wrqm/s  %wrqm w_await wareq-sz     d/s     dkB/s   drqm/s  %drqm d_await dareq-sz     f/s f_await  aqu-sz  %util
sda              0.00      0.00     0.00   0.00    0.00     0.00   71.00    908.00    51.00  41.80   17.07    12.79    0.00      0.00     0.00   0.00    0.00     0.00   39.00   24.15    2.15  94.40


2026년 06월 29일 22시 23분 19초
avg-cpu:  %user   %nice %system %iowait  %steal   %idle
           2.98    0.00    1.42   15.93    0.00   79.66

Device            r/s     rkB/s   rrqm/s  %rrqm r_await rareq-sz     w/s     wkB/s   wrqm/s  %wrqm w_await wareq-sz     d/s     dkB/s   drqm/s  %drqm d_await dareq-sz     f/s f_await  aqu-sz  %util
sda              2.00      8.00     0.00   0.00   25.00     4.00   70.00   6112.00    54.00  43.55   18.17    87.31    0.00      0.00     0.00   0.00    0.00     0.00   35.00   26.06    2.23  95.20


2026년 06월 29일 22시 23분 20초
avg-cpu:  %user   %nice %system %iowait  %steal   %idle
           2.38    0.00    1.46   15.36    0.00   80.79

Device            r/s     rkB/s   rrqm/s  %rrqm r_await rareq-sz     w/s     wkB/s   wrqm/s  %wrqm w_await wareq-sz     d/s     dkB/s   drqm/s  %drqm d_await dareq-sz     f/s f_await  aqu-sz  %util
sda              2.00      8.00     0.00   0.00   13.00     4.00   75.00   4108.00    64.00  46.04   19.29    54.77    0.00      0.00     0.00   0.00    0.00     0.00   36.00   26.53    2.43  86.80


2026년 06월 29일 22시 23분 21초
avg-cpu:  %user   %nice %system %iowait  %steal   %idle
           6.42    0.00    1.60   19.39    0.00   72.59

Device            r/s     rkB/s   rrqm/s  %rrqm r_await rareq-sz     w/s     wkB/s   wrqm/s  %wrqm w_await wareq-sz     d/s     dkB/s   drqm/s  %drqm d_await dareq-sz     f/s f_await  aqu-sz  %util
sda             53.00    452.00    60.00  53.10   14.09     8.53   43.00    652.00    34.00  44.16   19.33    15.16    0.00      0.00     0.00   0.00    0.00     0.00   25.00   28.48    2.29  96.40


2026년 06월 29일 22시 23분 22초
avg-cpu:  %user   %nice %system %iowait  %steal   %idle
           3.67    0.00    0.79   18.77    0.00   76.77

Device            r/s     rkB/s   rrqm/s  %rrqm r_await rareq-sz     w/s     wkB/s   wrqm/s  %wrqm w_await wareq-sz     d/s     dkB/s   drqm/s  %drqm d_await dareq-sz     f/s f_await  aqu-sz  %util
sda             19.00    192.00    29.00  60.42   34.53    10.11   62.00   1568.00    43.00  40.95   18.81    25.29    0.00      0.00     0.00   0.00    0.00     0.00   33.00   28.27    2.76  93.20


2026년 06월 29일 22시 23분 23초
avg-cpu:  %user   %nice %system %iowait  %steal   %idle
           5.02    0.00    0.66   16.91    0.00   77.41

Device            r/s     rkB/s   rrqm/s  %rrqm r_await rareq-sz     w/s     wkB/s   wrqm/s  %wrqm w_await wareq-sz     d/s     dkB/s   drqm/s  %drqm d_await dareq-sz     f/s f_await  aqu-sz  %util
sda              5.00     36.00     4.00  44.44   26.40     7.20   70.00   2756.00    45.00  39.13   17.77    39.37    0.00      0.00     0.00   0.00    0.00     0.00   41.00   21.15    2.24  90.00


2026년 06월 29일 22시 23분 24초
avg-cpu:  %user   %nice %system %iowait  %steal   %idle
           5.61    0.00    0.78   15.12    0.00   78.49

Device            r/s     rkB/s   rrqm/s  %rrqm r_await rareq-sz     w/s     wkB/s   wrqm/s  %wrqm w_await wareq-sz     d/s     dkB/s   drqm/s  %drqm d_await dareq-sz     f/s f_await  aqu-sz  %util
sda              3.00     12.00     0.00   0.00   28.33     4.00   72.00   2744.00    46.00  38.98   16.53    38.11    0.00      0.00     0.00   0.00    0.00     0.00   38.00   24.05    2.19  90.80


2026년 06월 29일 22시 23분 25초
avg-cpu:  %user   %nice %system %iowait  %steal   %idle
           5.01    0.00    0.66   14.23    0.00   80.11

Device            r/s     rkB/s   rrqm/s  %rrqm r_await rareq-sz     w/s     wkB/s   wrqm/s  %wrqm w_await wareq-sz     d/s     dkB/s   drqm/s  %drqm d_await dareq-sz     f/s f_await  aqu-sz  %util
sda              2.00      8.00     0.00   0.00   25.00     4.00   92.00   1432.00    59.00  39.07   11.70    15.57    0.00      0.00     0.00   0.00    0.00     0.00   46.00   20.59    2.07  99.60


2026년 06월 29일 22시 23분 26초
avg-cpu:  %user   %nice %system %iowait  %steal   %idle
           3.58    0.00    0.66   14.83    0.00   80.93

Device            r/s     rkB/s   rrqm/s  %rrqm r_await rareq-sz     w/s     wkB/s   wrqm/s  %wrqm w_await wareq-sz     d/s     dkB/s   drqm/s  %drqm d_await dareq-sz     f/s f_await  aqu-sz  %util
sda              1.00      4.00     0.00   0.00   32.00     4.00   69.00   1176.00    57.00  45.24   17.23    17.04    0.00      0.00     0.00   0.00    0.00     0.00   39.00   23.36    2.13  90.00


2026년 06월 29일 22시 23분 27초
avg-cpu:  %user   %nice %system %iowait  %steal   %idle
           4.09    0.00    0.92   15.44    0.00   79.55

Device            r/s     rkB/s   rrqm/s  %rrqm r_await rareq-sz     w/s     wkB/s   wrqm/s  %wrqm w_await wareq-sz     d/s     dkB/s   drqm/s  %drqm d_await dareq-sz     f/s f_await  aqu-sz  %util
sda              0.00      0.00     0.00   0.00    0.00     0.00   88.00   1268.00    59.00  40.14   12.31    14.41    0.00      0.00     0.00   0.00    0.00     0.00   50.00   18.64    2.01  94.00


2026년 06월 29일 22시 23분 28초
avg-cpu:  %user   %nice %system %iowait  %steal   %idle
           3.94    0.00    1.05   12.48    0.00   82.52

Device            r/s     rkB/s   rrqm/s  %rrqm r_await rareq-sz     w/s     wkB/s   wrqm/s  %wrqm w_await wareq-sz     d/s     dkB/s   drqm/s  %drqm d_await dareq-sz     f/s f_await  aqu-sz  %util
sda              1.00     16.00     3.00  75.00    0.00    16.00   84.00   1264.00    49.00  36.84   12.76    15.05    0.00      0.00     0.00   0.00    0.00     0.00   46.00   18.89    1.94  97.20


2026년 06월 29일 22시 23분 29초
avg-cpu:  %user   %nice %system %iowait  %steal   %idle
           3.70    0.00    0.92   14.40    0.00   80.98

Device            r/s     rkB/s   rrqm/s  %rrqm r_await rareq-sz     w/s     wkB/s   wrqm/s  %wrqm w_await wareq-sz     d/s     dkB/s   drqm/s  %drqm d_await dareq-sz     f/s f_await  aqu-sz  %util
sda              2.00     12.00     1.00  33.33   22.50     6.00   90.00   1260.00    56.00  38.36   13.24    14.00    0.00      0.00     0.00   0.00    0.00     0.00   46.00   20.41    2.18  99.60


2026년 06월 29일 22시 23분 30초
avg-cpu:  %user   %nice %system %iowait  %steal   %idle
           4.37    0.00    0.79   13.76    0.00   81.08

Device            r/s     rkB/s   rrqm/s  %rrqm r_await rareq-sz     w/s     wkB/s   wrqm/s  %wrqm w_await wareq-sz     d/s     dkB/s   drqm/s  %drqm d_await dareq-sz     f/s f_await  aqu-sz  %util
sda              2.00      8.00     0.00   0.00   23.00     4.00   90.00   1392.00    60.00  40.00   11.54    15.47    0.00      0.00     0.00   0.00    0.00     0.00   48.00   19.31    2.01  98.00


2026년 06월 29일 22시 23분 31초
avg-cpu:  %user   %nice %system %iowait  %steal   %idle
           5.69    0.00    1.72   16.80    0.00   75.79

Device            r/s     rkB/s   rrqm/s  %rrqm r_await rareq-sz     w/s     wkB/s   wrqm/s  %wrqm w_await wareq-sz     d/s     dkB/s   drqm/s  %drqm d_await dareq-sz     f/s f_await  aqu-sz  %util
sda              2.00      8.00     0.00   0.00   30.00     4.00   74.00   2328.00    84.00  53.16   21.91    31.46    0.00      0.00     0.00   0.00    0.00     0.00   38.00   24.21    2.60  94.40


2026년 06월 29일 22시 23분 32초
avg-cpu:  %user   %nice %system %iowait  %steal   %idle
           4.21    0.00    0.66   16.18    0.00   78.95

Device            r/s     rkB/s   rrqm/s  %rrqm r_await rareq-sz     w/s     wkB/s   wrqm/s  %wrqm w_await wareq-sz     d/s     dkB/s   drqm/s  %drqm d_await dareq-sz     f/s f_await  aqu-sz  %util
sda              2.00     12.00     1.00  33.33   23.50     6.00   85.00   1416.00    63.00  42.57   15.31    16.66    0.00      0.00     0.00   0.00    0.00     0.00   37.00   23.65    2.22  90.00


2026년 06월 29일 22시 23분 33초
avg-cpu:  %user   %nice %system %iowait  %steal   %idle
           3.57    0.00    0.93   13.36    0.00   82.14

Device            r/s     rkB/s   rrqm/s  %rrqm r_await rareq-sz     w/s     wkB/s   wrqm/s  %wrqm w_await wareq-sz     d/s     dkB/s   drqm/s  %drqm d_await dareq-sz     f/s f_await  aqu-sz  %util
sda              1.00      8.00     1.00  50.00   17.00     8.00   88.00   1384.00    60.00  40.54   12.12    15.73    0.00      0.00     0.00   0.00    0.00     0.00   47.00   19.40    2.00  98.00


2026년 06월 29일 22시 23분 34초
avg-cpu:  %user   %nice %system %iowait  %steal   %idle
           3.99    0.00    0.67   15.98    0.00   79.36

Device            r/s     rkB/s   rrqm/s  %rrqm r_await rareq-sz     w/s     wkB/s   wrqm/s  %wrqm w_await wareq-sz     d/s     dkB/s   drqm/s  %drqm d_await dareq-sz     f/s f_await  aqu-sz  %util
sda              2.00     16.00     2.00  50.00   31.50     8.00   82.00   1244.00    55.00  40.15   14.91    15.17    0.00      0.00     0.00   0.00    0.00     0.00   43.00   20.95    2.19  90.40


2026년 06월 29일 22시 23분 35초
avg-cpu:  %user   %nice %system %iowait  %steal   %idle
           3.05    0.00    0.93   14.97    0.00   81.06

Device            r/s     rkB/s   rrqm/s  %rrqm r_await rareq-sz     w/s     wkB/s   wrqm/s  %wrqm w_await wareq-sz     d/s     dkB/s   drqm/s  %drqm d_await dareq-sz     f/s f_await  aqu-sz  %util
sda              1.00      8.00     1.00  50.00    1.00     8.00   89.00   1268.00    57.00  39.04   14.24    14.25    0.00      0.00     0.00   0.00    0.00     0.00   46.00   19.80    2.18  96.80


2026년 06월 29일 22시 23분 36초
avg-cpu:  %user   %nice %system %iowait  %steal   %idle
           3.16    0.00    0.66   13.31    0.00   82.87

Device            r/s     rkB/s   rrqm/s  %rrqm r_await rareq-sz     w/s     wkB/s   wrqm/s  %wrqm w_await wareq-sz     d/s     dkB/s   drqm/s  %drqm d_await dareq-sz     f/s f_await  aqu-sz  %util
sda              1.00      4.00     0.00   0.00   25.00     4.00   70.00   1128.00    51.00  42.15   14.39    16.11    0.00      0.00     0.00   0.00    0.00     0.00   39.00   23.72    1.96  95.60


2026년 06월 29일 22시 23분 37초
avg-cpu:  %user   %nice %system %iowait  %steal   %idle
           2.38    0.00    0.79   14.02    0.00   82.80

Device            r/s     rkB/s   rrqm/s  %rrqm r_await rareq-sz     w/s     wkB/s   wrqm/s  %wrqm w_await wareq-sz     d/s     dkB/s   drqm/s  %drqm d_await dareq-sz     f/s f_await  aqu-sz  %util
sda              2.00     24.00     4.00  66.67   18.50    12.00   73.00   4048.00    50.00  40.65   17.34    55.45    0.00      0.00     0.00   0.00    0.00     0.00   35.00   25.80    2.21  95.60


2026년 06월 29일 22시 23분 38초
avg-cpu:  %user   %nice %system %iowait  %steal   %idle
           3.05    0.00    0.53   16.56    0.00   79.87

Device            r/s     rkB/s   rrqm/s  %rrqm r_await rareq-sz     w/s     wkB/s   wrqm/s  %wrqm w_await wareq-sz     d/s     dkB/s   drqm/s  %drqm d_await dareq-sz     f/s f_await  aqu-sz  %util
sda              2.00      8.00     0.00   0.00   48.00     4.00   74.00   1560.00    50.00  40.32   17.92    21.08    0.00      0.00     0.00   0.00    0.00     0.00   37.00   24.59    2.33  89.60


2026년 06월 29일 22시 23분 39초
avg-cpu:  %user   %nice %system %iowait  %steal   %idle
           2.65    0.00    0.66   19.87    0.00   76.82

Device            r/s     rkB/s   rrqm/s  %rrqm r_await rareq-sz     w/s     wkB/s   wrqm/s  %wrqm w_await wareq-sz     d/s     dkB/s   drqm/s  %drqm d_await dareq-sz     f/s f_await  aqu-sz  %util
sda              1.00      4.00     0.00   0.00   13.00     4.00   94.00   2252.00    48.00  33.80   18.73    23.96    0.00      0.00     0.00   0.00    0.00     0.00   43.00   22.51    2.74  94.00


2026년 06월 29일 22시 23분 40초
avg-cpu:  %user   %nice %system %iowait  %steal   %idle
           3.41    0.00    0.92   18.77    0.00   76.90

Device            r/s     rkB/s   rrqm/s  %rrqm r_await rareq-sz     w/s     wkB/s   wrqm/s  %wrqm w_await wareq-sz     d/s     dkB/s   drqm/s  %drqm d_await dareq-sz     f/s f_await  aqu-sz  %util
sda              1.00      4.00     0.00   0.00   33.00     4.00   82.00   1936.00    45.00  35.43   17.95    23.61    0.00      0.00     0.00   0.00    0.00     0.00   40.00   25.07    2.51  98.40


2026년 06월 29일 22시 23분 41초
avg-cpu:  %user   %nice %system %iowait  %steal   %idle
           5.01    0.00    1.05   21.34    0.00   72.60

Device            r/s     rkB/s   rrqm/s  %rrqm r_await rareq-sz     w/s     wkB/s   wrqm/s  %wrqm w_await wareq-sz     d/s     dkB/s   drqm/s  %drqm d_await dareq-sz     f/s f_await  aqu-sz  %util
sda              2.00      8.00     0.00   0.00   65.50     4.00   69.00   1964.00    49.00  41.53   24.20    28.46    0.00      0.00     0.00   0.00    0.00     0.00   31.00   30.71    2.75  92.00


2026년 06월 29일 22시 23분 42초
avg-cpu:  %user   %nice %system %iowait  %steal   %idle
           2.11    0.00    0.79   22.72    0.00   74.37

Device            r/s     rkB/s   rrqm/s  %rrqm r_await rareq-sz     w/s     wkB/s   wrqm/s  %wrqm w_await wareq-sz     d/s     dkB/s   drqm/s  %drqm d_await dareq-sz     f/s f_await  aqu-sz  %util
sda              0.00      0.00     0.00   0.00    0.00     0.00   93.00   1920.00    42.00  31.11   36.08    20.65    0.00      0.00     0.00   0.00    0.00     0.00   28.00   36.14    4.37  92.40


2026년 06월 29일 22시 23분 43초
avg-cpu:  %user   %nice %system %iowait  %steal   %idle
           1.85    0.00    0.53   23.18    0.00   74.44

Device            r/s     rkB/s   rrqm/s  %rrqm r_await rareq-sz     w/s     wkB/s   wrqm/s  %wrqm w_await wareq-sz     d/s     dkB/s   drqm/s  %drqm d_await dareq-sz     f/s f_await  aqu-sz  %util
sda              3.00     12.00     0.00   0.00   47.33     4.00   79.00   1828.00    40.00  33.61   22.81    23.14    0.00      0.00     0.00   0.00    0.00     0.00   41.00   23.59    2.91  99.20


2026년 06월 29일 22시 23분 44초
avg-cpu:  %user   %nice %system %iowait  %steal   %idle
           3.93    0.00    0.92   19.66    0.00   75.49

Device            r/s     rkB/s   rrqm/s  %rrqm r_await rareq-sz     w/s     wkB/s   wrqm/s  %wrqm w_await wareq-sz     d/s     dkB/s   drqm/s  %drqm d_await dareq-sz     f/s f_await  aqu-sz  %util
sda              3.00     16.00     1.00  25.00   68.00     5.33   70.00   3052.00    46.00  39.66   19.11    43.60    0.00      0.00     0.00   0.00    0.00     0.00   29.00   31.10    2.44  86.00


2026년 06월 29일 22시 23분 45초
avg-cpu:  %user   %nice %system %iowait  %steal   %idle
           3.82    0.00    0.66   16.47    0.00   79.05

Device            r/s     rkB/s   rrqm/s  %rrqm r_await rareq-sz     w/s     wkB/s   wrqm/s  %wrqm w_await wareq-sz     d/s     dkB/s   drqm/s  %drqm d_await dareq-sz     f/s f_await  aqu-sz  %util
sda              1.00     16.00     3.00  75.00   20.00    16.00   66.00   1812.00    54.00  45.00   19.21    27.45    0.00      0.00     0.00   0.00    0.00     0.00   37.00   25.81    2.24  98.80


2026년 06월 29일 22시 23분 46초
avg-cpu:  %user   %nice %system %iowait  %steal   %idle
           3.29    0.00    1.19   19.76    0.00   75.76

Device            r/s     rkB/s   rrqm/s  %rrqm r_await rareq-sz     w/s     wkB/s   wrqm/s  %wrqm w_await wareq-sz     d/s     dkB/s   drqm/s  %drqm d_await dareq-sz     f/s f_await  aqu-sz  %util
sda              1.00      4.00     0.00   0.00   32.00     4.00   91.00   2048.00    56.00  38.10   19.02    22.51    0.00      0.00     0.00   0.00    0.00     0.00   41.00   23.71    2.73  97.60


2026년 06월 29일 22시 23분 47초
avg-cpu:  %user   %nice %system %iowait  %steal   %idle
           1.73    0.00    0.93   21.51    0.00   75.83

Device            r/s     rkB/s   rrqm/s  %rrqm r_await rareq-sz     w/s     wkB/s   wrqm/s  %wrqm w_await wareq-sz     d/s     dkB/s   drqm/s  %drqm d_await dareq-sz     f/s f_await  aqu-sz  %util
sda              2.00      8.00     0.00   0.00   63.50     4.00   90.00   2032.00    35.00  28.00   18.30    22.58    0.00      0.00     0.00   0.00    0.00     0.00   42.00   22.31    2.71  92.40


2026년 06월 29일 22시 23분 48초
avg-cpu:  %user   %nice %system %iowait  %steal   %idle
           3.80    0.00    1.31   17.04    0.00   77.85

Device            r/s     rkB/s   rrqm/s  %rrqm r_await rareq-sz     w/s     wkB/s   wrqm/s  %wrqm w_await wareq-sz     d/s     dkB/s   drqm/s  %drqm d_await dareq-sz     f/s f_await  aqu-sz  %util
sda              3.00     12.00     0.00   0.00   52.00     4.00   84.00   2224.00    56.00  40.00   15.83    26.48    0.00      0.00     0.00   0.00    0.00     0.00   34.00   29.06    2.47  91.20


2026년 06월 29일 22시 23분 49초
avg-cpu:  %user   %nice %system %iowait  %steal   %idle
           5.83    0.00    1.30   14.38    0.00   78.50

Device            r/s     rkB/s   rrqm/s  %rrqm r_await rareq-sz     w/s     wkB/s   wrqm/s  %wrqm w_await wareq-sz     d/s     dkB/s   drqm/s  %drqm d_await dareq-sz     f/s f_await  aqu-sz  %util
sda              1.00      4.00     0.00   0.00   41.00     4.00   82.00   1356.00    55.00  40.15   14.34    16.54    0.00      0.00     0.00   0.00    0.00     0.00   44.00   21.16    2.15 102.80


2026년 06월 29일 22시 23분 50초
avg-cpu:  %user   %nice %system %iowait  %steal   %idle
           6.41    0.00    3.14   17.46    0.00   72.99

Device            r/s     rkB/s   rrqm/s  %rrqm r_await rareq-sz     w/s     wkB/s   wrqm/s  %wrqm w_await wareq-sz     d/s     dkB/s   drqm/s  %drqm d_await dareq-sz     f/s f_await  aqu-sz  %util
sda              4.00     16.00     0.00   0.00   38.00     4.00   72.00   2652.00    65.00  47.45   19.81    36.83    0.00      0.00     0.00   0.00    0.00     0.00   34.00   26.35    2.48  92.40


2026년 06월 29일 22시 23분 51초
avg-cpu:  %user   %nice %system %iowait  %steal   %idle
           6.45    0.00    3.03   21.11    0.00   69.41

Device            r/s     rkB/s   rrqm/s  %rrqm r_await rareq-sz     w/s     wkB/s   wrqm/s  %wrqm w_await wareq-sz     d/s     dkB/s   drqm/s  %drqm d_await dareq-sz     f/s f_await  aqu-sz  %util
sda              1.00     16.00     3.00  75.00   66.00    16.00   88.00   2304.00    40.00  31.25   24.77    26.18    0.00      0.00     0.00   0.00    0.00     0.00   41.00   23.80    3.22  91.60


2026년 06월 29일 22시 23분 52초
avg-cpu:  %user   %nice %system %iowait  %steal   %idle
           4.79    0.00    2.90   21.91    0.00   70.40

Device            r/s     rkB/s   rrqm/s  %rrqm r_await rareq-sz     w/s     wkB/s   wrqm/s  %wrqm w_await wareq-sz     d/s     dkB/s   drqm/s  %drqm d_await dareq-sz     f/s f_await  aqu-sz  %util
sda              1.00      8.00     1.00  50.00   76.00     8.00   80.00   1616.00    34.00  29.82   22.73    20.20    0.00      0.00     0.00   0.00    0.00     0.00   34.00   29.53    2.90  96.00


2026년 06월 29일 22시 23분 53초
avg-cpu:  %user   %nice %system %iowait  %steal   %idle
           8.44    0.00    2.27   19.77    0.00   69.52

Device            r/s     rkB/s   rrqm/s  %rrqm r_await rareq-sz     w/s     wkB/s   wrqm/s  %wrqm w_await wareq-sz     d/s     dkB/s   drqm/s  %drqm d_await dareq-sz     f/s f_await  aqu-sz  %util
sda              1.00     16.00     3.00  75.00   29.00    16.00   90.00   2032.00    42.00  31.82   18.32    22.58    0.00      0.00     0.00   0.00    0.00     0.00   37.00   24.49    2.58  94.00


2026년 06월 29일 22시 23분 54초
avg-cpu:  %user   %nice %system %iowait  %steal   %idle
           7.07    0.00    2.27   17.42    0.00   73.23

Device            r/s     rkB/s   rrqm/s  %rrqm r_await rareq-sz     w/s     wkB/s   wrqm/s  %wrqm w_await wareq-sz     d/s     dkB/s   drqm/s  %drqm d_await dareq-sz     f/s f_await  aqu-sz  %util
sda              1.00     16.00     3.00  75.00   52.00    16.00   83.00   2276.00    43.00  34.13   16.35    27.42    0.00      0.00     0.00   0.00    0.00     0.00   41.00   24.07    2.40  97.60


2026년 06월 29일 22시 23분 55초
avg-cpu:  %user   %nice %system %iowait  %steal   %idle
           4.54    0.00    2.77   18.03    0.00   74.65

Device            r/s     rkB/s   rrqm/s  %rrqm r_await rareq-sz     w/s     wkB/s   wrqm/s  %wrqm w_await wareq-sz     d/s     dkB/s   drqm/s  %drqm d_await dareq-sz     f/s f_await  aqu-sz  %util
sda              0.00      0.00     0.00   0.00    0.00     0.00   99.00   2000.00    37.00  27.21   16.09    20.20    0.00      0.00     0.00   0.00    0.00     0.00   44.00   22.09    2.56  99.60


2026년 06월 29일 22시 23분 56초
avg-cpu:  %user   %nice %system %iowait  %steal   %idle
           7.30    0.00    1.76   18.62    0.00   72.33

Device            r/s     rkB/s   rrqm/s  %rrqm r_await rareq-sz     w/s     wkB/s   wrqm/s  %wrqm w_await wareq-sz     d/s     dkB/s   drqm/s  %drqm d_await dareq-sz     f/s f_await  aqu-sz  %util
sda              2.00     12.00     1.00  33.33   26.50     6.00   73.00   2044.00    46.00  38.66   20.64    28.00    0.00      0.00     0.00   0.00    0.00     0.00   33.00   28.70    2.51  88.80


2026년 06월 29일 22시 23분 57초
avg-cpu:  %user   %nice %system %iowait  %steal   %idle
           7.10    0.00    2.66   20.79    0.00   69.46

Device            r/s     rkB/s   rrqm/s  %rrqm r_await rareq-sz     w/s     wkB/s   wrqm/s  %wrqm w_await wareq-sz     d/s     dkB/s   drqm/s  %drqm d_await dareq-sz     f/s f_await  aqu-sz  %util
sda              3.00     12.00     0.00   0.00   50.33     4.00   72.00   2768.00    47.00  39.50   23.82    38.44    0.00      0.00     0.00   0.00    0.00     0.00   36.00   26.64    2.83 100.00


2026년 06월 29일 22시 23분 58초
avg-cpu:  %user   %nice %system %iowait  %steal   %idle
           4.66    0.00    3.27   18.26    0.00   73.80

Device            r/s     rkB/s   rrqm/s  %rrqm r_await rareq-sz     w/s     wkB/s   wrqm/s  %wrqm w_await wareq-sz     d/s     dkB/s   drqm/s  %drqm d_await dareq-sz     f/s f_await  aqu-sz  %util
sda              1.00      4.00     0.00   0.00   24.00     4.00   82.00   2000.00    29.00  26.13   19.62    24.39    0.00      0.00     0.00   0.00    0.00     0.00   33.00   27.27    2.53  83.20


2026년 06월 29일 22시 23분 59초
avg-cpu:  %user   %nice %system %iowait  %steal   %idle
           5.72    0.00    1.91   22.11    0.00   70.27

Device            r/s     rkB/s   rrqm/s  %rrqm r_await rareq-sz     w/s     wkB/s   wrqm/s  %wrqm w_await wareq-sz     d/s     dkB/s   drqm/s  %drqm d_await dareq-sz     f/s f_await  aqu-sz  %util
sda              2.00     12.00     1.00  33.33   89.50     6.00   85.00   1980.00    28.00  24.78   22.99    23.29    0.00      0.00     0.00   0.00    0.00     0.00   35.00   28.80    3.14 101.20


2026년 06월 29일 22시 24분 00초
avg-cpu:  %user   %nice %system %iowait  %steal   %idle
           6.94    0.00    2.90   21.46    0.00   68.69

Device            r/s     rkB/s   rrqm/s  %rrqm r_await rareq-sz     w/s     wkB/s   wrqm/s  %wrqm w_await wareq-sz     d/s     dkB/s   drqm/s  %drqm d_await dareq-sz     f/s f_await  aqu-sz  %util
sda              1.00      8.00     1.00  50.00   26.00     8.00   80.00   2372.00    46.00  36.51   20.71    29.65    0.00      0.00     0.00   0.00    0.00     0.00   30.00   32.03    2.64  94.80


2026년 06월 29일 22시 24분 01초
avg-cpu:  %user   %nice %system %iowait  %steal   %idle
          10.36    0.00    2.56   18.93    0.00   68.16

Device            r/s     rkB/s   rrqm/s  %rrqm r_await rareq-sz     w/s     wkB/s   wrqm/s  %wrqm w_await wareq-sz     d/s     dkB/s   drqm/s  %drqm d_await dareq-sz     f/s f_await  aqu-sz  %util
sda              1.00      4.00     0.00   0.00   33.00     4.00  101.00   2584.00    69.00  40.59   20.11    25.58    0.00      0.00     0.00   0.00    0.00     0.00   49.00   20.41    3.06  96.00


2026년 06월 29일 22시 24분 02초
avg-cpu:  %user   %nice %system %iowait  %steal   %idle
           5.95    0.00    2.28   20.25    0.00   71.52

Device            r/s     rkB/s   rrqm/s  %rrqm r_await rareq-sz     w/s     wkB/s   wrqm/s  %wrqm w_await wareq-sz     d/s     dkB/s   drqm/s  %drqm d_await dareq-sz     f/s f_await  aqu-sz  %util
sda              2.00      8.00     0.00   0.00   40.50     4.00   81.00   1940.00    42.00  34.15   46.32    23.95    0.00      0.00     0.00   0.00    0.00     0.00   23.00   42.43    4.81  84.00


2026년 06월 29일 22시 24분 03초
avg-cpu:  %user   %nice %system %iowait  %steal   %idle
           7.11    0.00    1.65   18.65    0.00   72.59

Device            r/s     rkB/s   rrqm/s  %rrqm r_await rareq-sz     w/s     wkB/s   wrqm/s  %wrqm w_await wareq-sz     d/s     dkB/s   drqm/s  %drqm d_await dareq-sz     f/s f_await  aqu-sz  %util
sda              3.00     12.00     0.00   0.00   36.00     4.00   97.00   1564.00    38.00  28.15   18.09    16.12    0.00      0.00     0.00   0.00    0.00     0.00   45.00   21.33    2.82 104.00


2026년 06월 29일 22시 24분 04초
avg-cpu:  %user   %nice %system %iowait  %steal   %idle
           9.09    0.00    2.40   14.39    0.00   74.12

Device            r/s     rkB/s   rrqm/s  %rrqm r_await rareq-sz     w/s     wkB/s   wrqm/s  %wrqm w_await wareq-sz     d/s     dkB/s   drqm/s  %drqm d_await dareq-sz     f/s f_await  aqu-sz  %util
sda              4.00     16.00     0.00   0.00   26.50     4.00   73.00   3200.00    52.00  41.60   16.96    43.84    0.00      0.00     0.00   0.00    0.00     0.00   41.00   23.34    2.30  92.40


2026년 06월 29일 22시 24분 05초
avg-cpu:  %user   %nice %system %iowait  %steal   %idle
           7.47    0.00    1.90   15.32    0.00   75.32

Device            r/s     rkB/s   rrqm/s  %rrqm r_await rareq-sz     w/s     wkB/s   wrqm/s  %wrqm w_await wareq-sz     d/s     dkB/s   drqm/s  %drqm d_await dareq-sz     f/s f_await  aqu-sz  %util
sda              1.00      4.00     0.00   0.00   82.00     4.00   73.00   2020.00    49.00  40.16   15.56    27.67    0.00      0.00     0.00   0.00    0.00     0.00   40.00   23.85    2.17  93.20


2026년 06월 29일 22시 24분 06초
avg-cpu:  %user   %nice %system %iowait  %steal   %idle
           8.06    0.00    1.28   18.93    0.00   71.74

Device            r/s     rkB/s   rrqm/s  %rrqm r_await rareq-sz     w/s     wkB/s   wrqm/s  %wrqm w_await wareq-sz     d/s     dkB/s   drqm/s  %drqm d_await dareq-sz     f/s f_await  aqu-sz  %util
sda              4.00     16.00     0.00   0.00   37.50     4.00   81.00   3084.00    41.00  33.61   17.46    38.07    0.00      0.00     0.00   0.00    0.00     0.00   38.00   24.79    2.50  93.60


2026년 06월 29일 22시 24분 07초
avg-cpu:  %user   %nice %system %iowait  %steal   %idle
           6.19    0.00    2.65   19.72    0.00   71.43

Device            r/s     rkB/s   rrqm/s  %rrqm r_await rareq-sz     w/s     wkB/s   wrqm/s  %wrqm w_await wareq-sz     d/s     dkB/s   drqm/s  %drqm d_await dareq-sz     f/s f_await  aqu-sz  %util
sda              1.00      4.00     0.00   0.00  108.00     4.00   76.00   1972.00    37.00  32.74   20.32    25.95    0.00      0.00     0.00   0.00    0.00     0.00   34.00   28.59    2.62  95.60


2026년 06월 29일 22시 24분 08초
avg-cpu:  %user   %nice %system %iowait  %steal   %idle
           7.41    0.00    2.76   18.34    0.00   71.48

Device            r/s     rkB/s   rrqm/s  %rrqm r_await rareq-sz     w/s     wkB/s   wrqm/s  %wrqm w_await wareq-sz     d/s     dkB/s   drqm/s  %drqm d_await dareq-sz     f/s f_await  aqu-sz  %util
sda              1.00      4.00     0.00   0.00   55.00     4.00   78.00   2280.00    52.00  40.00   19.92    29.23    0.00      0.00     0.00   0.00    0.00     0.00   33.00   30.52    2.62  96.00


2026년 06월 29일 22시 24분 09초
avg-cpu:  %user   %nice %system %iowait  %steal   %idle
           8.63    0.00    1.90   14.21    0.00   75.25

Device            r/s     rkB/s   rrqm/s  %rrqm r_await rareq-sz     w/s     wkB/s   wrqm/s  %wrqm w_await wareq-sz     d/s     dkB/s   drqm/s  %drqm d_await dareq-sz     f/s f_await  aqu-sz  %util
sda              1.00      8.00     1.00  50.00    1.00     8.00   81.00   2696.00    52.00  39.10   15.16    33.28    0.00      0.00     0.00   0.00    0.00     0.00   43.00   21.23    2.14  92.80


2026년 06월 29일 22시 24분 10초
avg-cpu:  %user   %nice %system %iowait  %steal   %idle
           5.85    0.00    2.67   18.45    0.00   73.03

Device            r/s     rkB/s   rrqm/s  %rrqm r_await rareq-sz     w/s     wkB/s   wrqm/s  %wrqm w_await wareq-sz     d/s     dkB/s   drqm/s  %drqm d_await dareq-sz     f/s f_await  aqu-sz  %util
sda              3.00     28.00     4.00  57.14   26.33     9.33   80.00   2100.00    40.00  33.33   20.51    26.25    0.00      0.00     0.00   0.00    0.00     0.00   28.00   34.64    2.69  96.80


2026년 06월 29일 22시 24분 11초
avg-cpu:  %user   %nice %system %iowait  %steal   %idle
           7.25    0.00    2.67   15.14    0.00   74.94

Device            r/s     rkB/s   rrqm/s  %rrqm r_await rareq-sz     w/s     wkB/s   wrqm/s  %wrqm w_await wareq-sz     d/s     dkB/s   drqm/s  %drqm d_await dareq-sz     f/s f_await  aqu-sz  %util
sda              0.00      0.00     0.00   0.00    0.00     0.00   73.00   3016.00    46.00  38.66   20.07    41.32    0.00      0.00     0.00   0.00    0.00     0.00   29.00   33.45    2.44  97.20


2026년 06월 29일 22시 24분 12초
avg-cpu:  %user   %nice %system %iowait  %steal   %idle
           7.59    0.00    1.65   20.89    0.00   69.87

Device            r/s     rkB/s   rrqm/s  %rrqm r_await rareq-sz     w/s     wkB/s   wrqm/s  %wrqm w_await wareq-sz     d/s     dkB/s   drqm/s  %drqm d_await dareq-sz     f/s f_await  aqu-sz  %util
sda              2.00     16.00     2.00  50.00   28.00     8.00   75.00   2624.00    36.00  32.43   23.32    34.99    0.00      0.00     0.00   0.00    0.00     0.00   33.00   29.52    2.78  96.00


2026년 06월 29일 22시 24분 13초
avg-cpu:  %user   %nice %system %iowait  %steal   %idle
           4.32    0.00    2.41   17.53    0.00   75.73

Device            r/s     rkB/s   rrqm/s  %rrqm r_await rareq-sz     w/s     wkB/s   wrqm/s  %wrqm w_await wareq-sz     d/s     dkB/s   drqm/s  %drqm d_await dareq-sz     f/s f_await  aqu-sz  %util
sda              0.00      0.00     0.00   0.00    0.00     0.00   98.00   1488.00    30.00  23.44   60.50    15.18    0.00      0.00     0.00   0.00    0.00     0.00   28.00   35.50    6.92  97.20


2026년 06월 29일 22시 24분 14초
avg-cpu:  %user   %nice %system %iowait  %steal   %idle
           4.31    0.00    2.28   21.32    0.00   72.08

Device            r/s     rkB/s   rrqm/s  %rrqm r_await rareq-sz     w/s     wkB/s   wrqm/s  %wrqm w_await wareq-sz     d/s     dkB/s   drqm/s  %drqm d_await dareq-sz     f/s f_await  aqu-sz  %util
sda              0.00      0.00     0.00   0.00    0.00     0.00   70.00   1236.00    23.00  24.73   23.54    17.66    0.00      0.00     0.00   0.00    0.00     0.00   31.00   28.84    2.54  79.20


2026년 06월 29일 22시 24분 15초
avg-cpu:  %user   %nice %system %iowait  %steal   %idle
           5.70    0.00    2.28   17.36    0.00   74.65

Device            r/s     rkB/s   rrqm/s  %rrqm r_await rareq-sz     w/s     wkB/s   wrqm/s  %wrqm w_await wareq-sz     d/s     dkB/s   drqm/s  %drqm d_await dareq-sz     f/s f_await  aqu-sz  %util
sda              1.00      4.00     0.00   0.00   41.00     4.00   86.00   2156.00    36.00  29.51   18.42    25.07    0.00      0.00     0.00   0.00    0.00     0.00   35.00   29.54    2.66 104.00


2026년 06월 29일 22시 24분 16초
avg-cpu:  %user   %nice %system %iowait  %steal   %idle
           5.71    0.00    2.66   18.78    0.00   72.84

Device            r/s     rkB/s   rrqm/s  %rrqm r_await rareq-sz     w/s     wkB/s   wrqm/s  %wrqm w_await wareq-sz     d/s     dkB/s   drqm/s  %drqm d_await dareq-sz     f/s f_await  aqu-sz  %util
sda              0.00      0.00     0.00   0.00    0.00     0.00   87.00   1736.00    34.00  28.10   18.57    19.95    0.00      0.00     0.00   0.00    0.00     0.00   36.00   26.39    2.57  91.60


2026년 06월 29일 22시 24분 17초
avg-cpu:  %user   %nice %system %iowait  %steal   %idle
           7.58    0.00    2.65   23.61    0.00   66.16

Device            r/s     rkB/s   rrqm/s  %rrqm r_await rareq-sz     w/s     wkB/s   wrqm/s  %wrqm w_await wareq-sz     d/s     dkB/s   drqm/s  %drqm d_await dareq-sz     f/s f_await  aqu-sz  %util
sda              3.00     20.00     2.00  40.00   58.00     6.67   90.00   3912.00    49.00  35.25   21.54    43.47    0.00      0.00     0.00   0.00    0.00     0.00   37.00   26.89    3.11  97.60


2026년 06월 29일 22시 24분 18초
avg-cpu:  %user   %nice %system %iowait  %steal   %idle
           7.10    0.00    1.90   17.11    0.00   73.89

Device            r/s     rkB/s   rrqm/s  %rrqm r_await rareq-sz     w/s     wkB/s   wrqm/s  %wrqm w_await wareq-sz     d/s     dkB/s   drqm/s  %drqm d_await dareq-sz     f/s f_await  aqu-sz  %util
sda              3.00     12.00     0.00   0.00   39.33     4.00   90.00   2636.00    44.00  32.84   13.69    29.29    0.00      0.00     0.00   0.00    0.00     0.00   39.00   24.21    2.29  99.20


2026년 06월 29일 22시 24분 19초
avg-cpu:  %user   %nice %system %iowait  %steal   %idle
           7.98    0.00    2.28   18.50    0.00   71.23

Device            r/s     rkB/s   rrqm/s  %rrqm r_await rareq-sz     w/s     wkB/s   wrqm/s  %wrqm w_await wareq-sz     d/s     dkB/s   drqm/s  %drqm d_await dareq-sz     f/s f_await  aqu-sz  %util
sda              3.00     28.00     4.00  57.14   43.33     9.33   68.00   2952.00    40.00  37.04   23.60    43.41    0.00      0.00     0.00   0.00    0.00     0.00   28.00   33.64    2.68  97.60


2026년 06월 29일 22시 24분 20초
avg-cpu:  %user   %nice %system %iowait  %steal   %idle
           7.99    0.00    2.16   20.05    0.00   69.80

Device            r/s     rkB/s   rrqm/s  %rrqm r_await rareq-sz     w/s     wkB/s   wrqm/s  %wrqm w_await wareq-sz     d/s     dkB/s   drqm/s  %drqm d_await dareq-sz     f/s f_await  aqu-sz  %util
sda              2.00      8.00     0.00   0.00   62.50     4.00   84.00   2880.00    56.00  40.00   17.63    34.29    0.00      0.00     0.00   0.00    0.00     0.00   30.00   31.67    2.56  88.40


2026년 06월 29일 22시 24분 21초
avg-cpu:  %user   %nice %system %iowait  %steal   %idle
           7.12    0.00    2.42   19.85    0.00   70.61

Device            r/s     rkB/s   rrqm/s  %rrqm r_await rareq-sz     w/s     wkB/s   wrqm/s  %wrqm w_await wareq-sz     d/s     dkB/s   drqm/s  %drqm d_await dareq-sz     f/s f_await  aqu-sz  %util
sda              1.00      4.00     0.00   0.00   81.00     4.00   96.00   1932.00    49.00  33.79   18.65    20.12    0.00      0.00     0.00   0.00    0.00     0.00   48.00   20.94    2.88 100.00


2026년 06월 29일 22시 24분 22초
avg-cpu:  %user   %nice %system %iowait  %steal   %idle
           6.84    0.00    2.66   17.97    0.00   72.53

Device            r/s     rkB/s   rrqm/s  %rrqm r_await rareq-sz     w/s     wkB/s   wrqm/s  %wrqm w_await wareq-sz     d/s     dkB/s   drqm/s  %drqm d_await dareq-sz     f/s f_await  aqu-sz  %util
sda              1.00      4.00     0.00   0.00   71.00     4.00   82.00   1800.00    41.00  33.33   19.18    21.95    0.00      0.00     0.00   0.00    0.00     0.00   33.00   30.12    2.64  98.00


2026년 06월 29일 22시 24분 23초
avg-cpu:  %user   %nice %system %iowait  %steal   %idle
           7.85    0.00    2.28   14.18    0.00   75.70

Device            r/s     rkB/s   rrqm/s  %rrqm r_await rareq-sz     w/s     wkB/s   wrqm/s  %wrqm w_await wareq-sz     d/s     dkB/s   drqm/s  %drqm d_await dareq-sz     f/s f_await  aqu-sz  %util
sda              2.00      8.00     0.00   0.00   15.00     4.00   81.00   2752.00    50.00  38.17   14.26    33.98    0.00      0.00     0.00   0.00    0.00     0.00   38.00   23.87    2.09  92.80


2026년 06월 29일 22시 24분 24초
avg-cpu:  %user   %nice %system %iowait  %steal   %idle
           5.83    0.00    2.03   21.67    0.00   70.47

Device            r/s     rkB/s   rrqm/s  %rrqm r_await rareq-sz     w/s     wkB/s   wrqm/s  %wrqm w_await wareq-sz     d/s     dkB/s   drqm/s  %drqm d_await dareq-sz     f/s f_await  aqu-sz  %util
sda              2.00      8.00     0.00   0.00   47.50     4.00   93.00   2968.00    35.00  27.34   20.77    31.91    0.00      0.00     0.00   0.00    0.00     0.00   43.00   22.70    3.00  94.40


2026년 06월 29일 22시 24분 25초
avg-cpu:  %user   %nice %system %iowait  %steal   %idle
           5.83    0.00    1.65   18.63    0.00   73.89

Device            r/s     rkB/s   rrqm/s  %rrqm r_await rareq-sz     w/s     wkB/s   wrqm/s  %wrqm w_await wareq-sz     d/s     dkB/s   drqm/s  %drqm d_await dareq-sz     f/s f_await  aqu-sz  %util
sda              2.00     12.00     1.00  33.33   64.50     6.00   86.00   1748.00    28.00  24.56   19.70    20.33    0.00      0.00     0.00   0.00    0.00     0.00   37.00   26.54    2.80  96.40


2026년 06월 29일 22시 24분 26초
avg-cpu:  %user   %nice %system %iowait  %steal   %idle
           5.08    0.00    2.03   21.86    0.00   71.03

Device            r/s     rkB/s   rrqm/s  %rrqm r_await rareq-sz     w/s     wkB/s   wrqm/s  %wrqm w_await wareq-sz     d/s     dkB/s   drqm/s  %drqm d_await dareq-sz     f/s f_await  aqu-sz  %util
sda              2.00      8.00     0.00   0.00   42.50     4.00   88.00   1936.00    38.00  30.16   23.84    22.00    0.00      0.00     0.00   0.00    0.00     0.00   31.00   32.32    3.19  94.40


2026년 06월 29일 22시 24분 27초
avg-cpu:  %user   %nice %system %iowait  %steal   %idle
           4.44    0.00    2.79   19.77    0.00   73.00

Device            r/s     rkB/s   rrqm/s  %rrqm r_await rareq-sz     w/s     wkB/s   wrqm/s  %wrqm w_await wareq-sz     d/s     dkB/s   drqm/s  %drqm d_await dareq-sz     f/s f_await  aqu-sz  %util
sda              0.00      0.00     0.00   0.00    0.00     0.00   77.00   1732.00    23.00  23.00   20.61    22.49    0.00      0.00     0.00   0.00    0.00     0.00   27.00   36.11    2.56  96.40


2026년 06월 29일 22시 24분 28초
avg-cpu:  %user   %nice %system %iowait  %steal   %idle
           4.65    0.00    3.27   20.23    0.00   71.86

Device            r/s     rkB/s   rrqm/s  %rrqm r_await rareq-sz     w/s     wkB/s   wrqm/s  %wrqm w_await wareq-sz     d/s     dkB/s   drqm/s  %drqm d_await dareq-sz     f/s f_await  aqu-sz  %util
sda              0.00      0.00     0.00   0.00    0.00     0.00   82.00   1436.00    25.00  23.36   22.74    17.51    0.00      0.00     0.00   0.00    0.00     0.00   32.00   30.47    2.84  98.80


2026년 06월 29일 22시 24분 29초
avg-cpu:  %user   %nice %system %iowait  %steal   %idle
           6.83    0.00    2.28   16.06    0.00   74.84

Device            r/s     rkB/s   rrqm/s  %rrqm r_await rareq-sz     w/s     wkB/s   wrqm/s  %wrqm w_await wareq-sz     d/s     dkB/s   drqm/s  %drqm d_await dareq-sz     f/s f_await  aqu-sz  %util
sda              1.00      4.00     0.00   0.00   41.00     4.00   88.00   1768.00    35.00  28.46   15.43    20.09    0.00      0.00     0.00   0.00    0.00     0.00   42.00   22.40    2.34  94.40


2026년 06월 29일 22시 24분 30초
avg-cpu:  %user   %nice %system %iowait  %steal   %idle
           8.13    0.00    2.41   15.76    0.00   73.70

Device            r/s     rkB/s   rrqm/s  %rrqm r_await rareq-sz     w/s     wkB/s   wrqm/s  %wrqm w_await wareq-sz     d/s     dkB/s   drqm/s  %drqm d_await dareq-sz     f/s f_await  aqu-sz  %util
sda              2.00      8.00     0.00   0.00   62.00     4.00   67.00   2232.00    51.00  43.22   16.61    33.31    0.00      0.00     0.00   0.00    0.00     0.00   35.00   25.94    2.14  87.60


2026년 06월 29일 22시 24분 31초
avg-cpu:  %user   %nice %system %iowait  %steal   %idle
           9.50    0.00    3.21   14.12    0.00   73.17

Device            r/s     rkB/s   rrqm/s  %rrqm r_await rareq-sz     w/s     wkB/s   wrqm/s  %wrqm w_await wareq-sz     d/s     dkB/s   drqm/s  %drqm d_await dareq-sz     f/s f_await  aqu-sz  %util
sda              3.00     12.00     0.00   0.00   35.33     4.00   83.00   1844.00    71.00  46.10   21.42    22.22    0.00      0.00     0.00   0.00    0.00     0.00   38.00   24.03    2.80  92.80


2026년 06월 29일 22시 24분 32초
avg-cpu:  %user   %nice %system %iowait  %steal   %idle
           7.94    0.00    2.90   14.88    0.00   74.27

Device            r/s     rkB/s   rrqm/s  %rrqm r_await rareq-sz     w/s     wkB/s   wrqm/s  %wrqm w_await wareq-sz     d/s     dkB/s   drqm/s  %drqm d_await dareq-sz     f/s f_await  aqu-sz  %util
sda              4.00     16.00     0.00   0.00   20.75     4.00   74.00   3268.00    55.00  42.64   18.31    44.16    0.00      0.00     0.00   0.00    0.00     0.00   34.00   28.21    2.40  88.80


2026년 06월 29일 22시 24분 33초
avg-cpu:  %user   %nice %system %iowait  %steal   %idle
           7.34    0.00    2.28   15.95    0.00   74.43

Device            r/s     rkB/s   rrqm/s  %rrqm r_await rareq-sz     w/s     wkB/s   wrqm/s  %wrqm w_await wareq-sz     d/s     dkB/s   drqm/s  %drqm d_await dareq-sz     f/s f_await  aqu-sz  %util
sda              1.00      4.00     0.00   0.00   24.00     4.00   82.00   2236.00    39.00  32.23   18.12    27.27    0.00      0.00     0.00   0.00    0.00     0.00   32.00   28.47    2.42  92.80


2026년 06월 29일 22시 24분 34초
avg-cpu:  %user   %nice %system %iowait  %steal   %idle
           6.23    0.00    2.67   16.79    0.00   74.30

Device            r/s     rkB/s   rrqm/s  %rrqm r_await rareq-sz     w/s     wkB/s   wrqm/s  %wrqm w_await wareq-sz     d/s     dkB/s   drqm/s  %drqm d_await dareq-sz     f/s f_await  aqu-sz  %util
sda              2.00      8.00     0.00   0.00   36.50     4.00   75.00   1728.00    31.00  29.25   20.93    23.04    0.00      0.00     0.00   0.00    0.00     0.00   36.00   27.31    2.63  98.40


2026년 06월 29일 22시 24분 35초
avg-cpu:  %user   %nice %system %iowait  %steal   %idle
           6.34    0.00    2.53   14.32    0.00   76.81

Device            r/s     rkB/s   rrqm/s  %rrqm r_await rareq-sz     w/s     wkB/s   wrqm/s  %wrqm w_await wareq-sz     d/s     dkB/s   drqm/s  %drqm d_await dareq-sz     f/s f_await  aqu-sz  %util
sda              1.00      4.00     0.00   0.00   24.00     4.00   79.00   1740.00    39.00  33.05   15.81    22.03    0.00      0.00     0.00   0.00    0.00     0.00   33.00   28.64    2.22  94.80


2026년 06월 29일 22시 24분 36초
avg-cpu:  %user   %nice %system %iowait  %steal   %idle
           7.94    0.00    3.15   18.66    0.00   70.24

Device            r/s     rkB/s   rrqm/s  %rrqm r_await rareq-sz     w/s     wkB/s   wrqm/s  %wrqm w_await wareq-sz     d/s     dkB/s   drqm/s  %drqm d_await dareq-sz     f/s f_await  aqu-sz  %util
sda              1.00     16.00     3.00  75.00   42.00    16.00   81.00   3332.00    50.00  38.17   18.20    41.14    0.00      0.00     0.00   0.00    0.00     0.00   33.00   27.48    2.42  91.60


2026년 06월 29일 22시 24분 37초
avg-cpu:  %user   %nice %system %iowait  %steal   %idle
           5.20    0.00    2.92   18.91    0.00   72.97

Device            r/s     rkB/s   rrqm/s  %rrqm r_await rareq-sz     w/s     wkB/s   wrqm/s  %wrqm w_await wareq-sz     d/s     dkB/s   drqm/s  %drqm d_await dareq-sz     f/s f_await  aqu-sz  %util
sda              0.00      0.00     0.00   0.00    0.00     0.00   77.00   1648.00    45.00  36.89   21.81    21.40    0.00      0.00     0.00   0.00    0.00     0.00   38.00   27.05    2.71 104.80


2026년 06월 29일 22시 24분 38초
avg-cpu:  %user   %nice %system %iowait  %steal   %idle
           5.44    0.00    3.04   17.22    0.00   74.30

Device            r/s     rkB/s   rrqm/s  %rrqm r_await rareq-sz     w/s     wkB/s   wrqm/s  %wrqm w_await wareq-sz     d/s     dkB/s   drqm/s  %drqm d_await dareq-sz     f/s f_await  aqu-sz  %util
sda              0.00      0.00     0.00   0.00    0.00     0.00   76.00   1440.00    57.00  42.86   18.66    18.95    0.00      0.00     0.00   0.00    0.00     0.00   41.00   22.51    2.34  90.40


2026년 06월 29일 22시 24분 39초
avg-cpu:  %user   %nice %system %iowait  %steal   %idle
           5.44    0.00    3.29   12.90    0.00   78.38

Device            r/s     rkB/s   rrqm/s  %rrqm r_await rareq-sz     w/s     wkB/s   wrqm/s  %wrqm w_await wareq-sz     d/s     dkB/s   drqm/s  %drqm d_await dareq-sz     f/s f_await  aqu-sz  %util
sda              0.00      0.00     0.00   0.00    0.00     0.00   89.00   1224.00   104.00  53.89   11.93    13.75    0.00      0.00     0.00   0.00    0.00     0.00   70.00   13.37    2.00  98.00


2026년 06월 29일 22시 24분 40초
avg-cpu:  %user   %nice %system %iowait  %steal   %idle
           8.89    0.00    2.80   17.28    0.00   71.03

Device            r/s     rkB/s   rrqm/s  %rrqm r_await rareq-sz     w/s     wkB/s   wrqm/s  %wrqm w_await wareq-sz     d/s     dkB/s   drqm/s  %drqm d_await dareq-sz     f/s f_await  aqu-sz  %util
sda              2.00     12.00     1.00  33.33   31.00     6.00   72.00   1856.00    50.00  40.98   21.51    25.78    0.00      0.00     0.00   0.00    0.00     0.00   37.00   27.19    2.62 100.80


2026년 06월 29일 22시 24분 41초
avg-cpu:  %user   %nice %system %iowait  %steal   %idle
           9.75    0.00    2.53   16.33    0.00   71.39

Device            r/s     rkB/s   rrqm/s  %rrqm r_await rareq-sz     w/s     wkB/s   wrqm/s  %wrqm w_await wareq-sz     d/s     dkB/s   drqm/s  %drqm d_await dareq-sz     f/s f_await  aqu-sz  %util
sda              3.00     12.00     0.00   0.00   33.67     4.00   77.00   2620.00    65.00  45.77   16.70    34.03    0.00      0.00     0.00   0.00    0.00     0.00   36.00   26.69    2.35  98.40


2026년 06월 29일 22시 24분 42초
avg-cpu:  %user   %nice %system %iowait  %steal   %idle
          10.90    0.00    3.51   16.92    0.00   68.67

Device            r/s     rkB/s   rrqm/s  %rrqm r_await rareq-sz     w/s     wkB/s   wrqm/s  %wrqm w_await wareq-sz     d/s     dkB/s   drqm/s  %drqm d_await dareq-sz     f/s f_await  aqu-sz  %util
sda              1.00     16.00     3.00  75.00   22.00    16.00   81.00   3432.00    46.00  36.22   17.10    42.37    0.00      0.00     0.00   0.00    0.00     0.00   39.00   23.44    2.32  93.60


2026년 06월 29일 22시 24분 43초
avg-cpu:  %user   %nice %system %iowait  %steal   %idle
           6.36    0.00    2.93   18.45    0.00   72.26

Device            r/s     rkB/s   rrqm/s  %rrqm r_await rareq-sz     w/s     wkB/s   wrqm/s  %wrqm w_await wareq-sz     d/s     dkB/s   drqm/s  %drqm d_await dareq-sz     f/s f_await  aqu-sz  %util
sda              2.00     12.00     1.00  33.33   19.50     6.00   84.00   2280.00    43.00  33.86   17.85    27.14    0.00      0.00     0.00   0.00    0.00     0.00   36.00   26.36    2.49  98.00


2026년 06월 29일 22시 24분 44초
avg-cpu:  %user   %nice %system %iowait  %steal   %idle
           7.70    0.00    2.90   17.93    0.00   71.46

Device            r/s     rkB/s   rrqm/s  %rrqm r_await rareq-sz     w/s     wkB/s   wrqm/s  %wrqm w_await wareq-sz     d/s     dkB/s   drqm/s  %drqm d_await dareq-sz     f/s f_await  aqu-sz  %util
sda              2.00     12.00     1.00  33.33   25.50     6.00   81.00   1600.00    35.00  30.17   32.25    19.75    0.00      0.00     0.00   0.00    0.00     0.00   27.00   36.59    3.65  90.40


2026년 06월 29일 22시 24분 45초
avg-cpu:  %user   %nice %system %iowait  %steal   %idle
           7.71    0.00    2.40   16.43    0.00   73.45

Device            r/s     rkB/s   rrqm/s  %rrqm r_await rareq-sz     w/s     wkB/s   wrqm/s  %wrqm w_await wareq-sz     d/s     dkB/s   drqm/s  %drqm d_await dareq-sz     f/s f_await  aqu-sz  %util
sda              1.00      4.00     0.00   0.00   55.00     4.00   69.00   3784.00    57.00  45.24   19.43    54.84    0.00      0.00     0.00   0.00    0.00     0.00   37.00   26.89    2.39  98.40


2026년 06월 29일 22시 24분 46초
avg-cpu:  %user   %nice %system %iowait  %steal   %idle
           8.89    0.00    2.67   19.31    0.00   69.12

Device            r/s     rkB/s   rrqm/s  %rrqm r_await rareq-sz     w/s     wkB/s   wrqm/s  %wrqm w_await wareq-sz     d/s     dkB/s   drqm/s  %drqm d_await dareq-sz     f/s f_await  aqu-sz  %util
sda              1.00     16.00     4.00  80.00   47.00    16.00  101.00   2956.00    41.00  28.87   15.58    29.27    0.00      0.00     0.00   0.00    0.00     0.00   33.00   28.48    2.56  96.00


2026년 06월 29일 22시 24분 47초
avg-cpu:  %user   %nice %system %iowait  %steal   %idle
           8.33    0.00    3.41   16.92    0.00   71.34

Device            r/s     rkB/s   rrqm/s  %rrqm r_await rareq-sz     w/s     wkB/s   wrqm/s  %wrqm w_await wareq-sz     d/s     dkB/s   drqm/s  %drqm d_await dareq-sz     f/s f_await  aqu-sz  %util
sda              1.00      8.00     0.00   0.00   97.00     8.00   88.00   1780.00    41.00  31.78   17.76    20.23    0.00      0.00     0.00   0.00    0.00     0.00   35.00   29.00    2.67 102.80


2026년 06월 29일 22시 24분 48초
avg-cpu:  %user   %nice %system %iowait  %steal   %idle
           8.73    0.00    2.15   19.87    0.00   69.24

Device            r/s     rkB/s   rrqm/s  %rrqm r_await rareq-sz     w/s     wkB/s   wrqm/s  %wrqm w_await wareq-sz     d/s     dkB/s   drqm/s  %drqm d_await dareq-sz     f/s f_await  aqu-sz  %util
sda              1.00     16.00     3.00  75.00   26.00    16.00   79.00   2324.00    39.00  33.05   22.53    29.42    0.00      0.00     0.00   0.00    0.00     0.00   34.00   29.15    2.80  94.00


2026년 06월 29일 22시 24분 49초
avg-cpu:  %user   %nice %system %iowait  %steal   %idle
           6.71    0.00    2.91   18.23    0.00   72.15

Device            r/s     rkB/s   rrqm/s  %rrqm r_await rareq-sz     w/s     wkB/s   wrqm/s  %wrqm w_await wareq-sz     d/s     dkB/s   drqm/s  %drqm d_await dareq-sz     f/s f_await  aqu-sz  %util
sda              1.00      4.00     0.00   0.00   36.00     4.00   83.00   1948.00    34.00  29.06   17.67    23.47    0.00      0.00     0.00   0.00    0.00     0.00   38.00   25.26    2.46  89.20


2026년 06월 29일 22시 24분 50초
avg-cpu:  %user   %nice %system %iowait  %steal   %idle
           7.35    0.00    3.55   19.01    0.00   70.09

Device            r/s     rkB/s   rrqm/s  %rrqm r_await rareq-sz     w/s     wkB/s   wrqm/s  %wrqm w_await wareq-sz     d/s     dkB/s   drqm/s  %drqm d_await dareq-sz     f/s f_await  aqu-sz  %util
sda              1.00      4.00     0.00   0.00   34.00     4.00   79.00   2920.00    53.00  40.15   20.96    36.96    0.00      0.00     0.00   0.00    0.00     0.00   36.00   27.89    2.69  97.60


2026년 06월 29일 22시 24분 51초
avg-cpu:  %user   %nice %system %iowait  %steal   %idle
           9.80    0.00    3.89   15.70    0.00   70.60

Device            r/s     rkB/s   rrqm/s  %rrqm r_await rareq-sz     w/s     wkB/s   wrqm/s  %wrqm w_await wareq-sz     d/s     dkB/s   drqm/s  %drqm d_await dareq-sz     f/s f_await  aqu-sz  %util
sda              3.00     20.00     2.00  40.00   37.00     6.67   93.00   2300.00    61.00  39.61   15.59    24.73    0.00      0.00     0.00   0.00    0.00     0.00   34.00   27.91    2.51  96.40


2026년 06월 29일 22시 24분 52초
avg-cpu:  %user   %nice %system %iowait  %steal   %idle
           7.72    0.00    2.91   15.82    0.00   73.54

Device            r/s     rkB/s   rrqm/s  %rrqm r_await rareq-sz     w/s     wkB/s   wrqm/s  %wrqm w_await wareq-sz     d/s     dkB/s   drqm/s  %drqm d_await dareq-sz     f/s f_await  aqu-sz  %util
sda              2.00      8.00     0.00   0.00   27.50     4.00   77.00   2160.00    40.00  34.19   20.36    28.05    0.00      0.00     0.00   0.00    0.00     0.00   39.00   24.56    2.58  86.80


2026년 06월 29일 22시 24분 53초
avg-cpu:  %user   %nice %system %iowait  %steal   %idle
           7.78    0.00    2.30   15.56    0.00   74.36

Device            r/s     rkB/s   rrqm/s  %rrqm r_await rareq-sz     w/s     wkB/s   wrqm/s  %wrqm w_await wareq-sz     d/s     dkB/s   drqm/s  %drqm d_await dareq-sz     f/s f_await  aqu-sz  %util
sda              1.00      4.00     0.00   0.00   11.00     4.00   73.00   3372.00    52.00  41.60   17.78    46.19    0.00      0.00     0.00   0.00    0.00     0.00   32.00   29.59    2.26  92.80


2026년 06월 29일 22시 24분 54초
avg-cpu:  %user   %nice %system %iowait  %steal   %idle
           6.86    0.00    2.54   21.98    0.00   68.61

Device            r/s     rkB/s   rrqm/s  %rrqm r_await rareq-sz     w/s     wkB/s   wrqm/s  %wrqm w_await wareq-sz     d/s     dkB/s   drqm/s  %drqm d_await dareq-sz     f/s f_await  aqu-sz  %util
sda              2.00      8.00     0.00   0.00   65.50     4.00   98.00   1572.00    30.00  23.44   19.87    16.04    0.00      0.00     0.00   0.00    0.00     0.00   39.00   26.03    3.09 100.40


2026년 06월 29일 22시 24분 55초
avg-cpu:  %user   %nice %system %iowait  %steal   %idle
           7.45    0.00    3.03   18.43    0.00   71.09

Device            r/s     rkB/s   rrqm/s  %rrqm r_await rareq-sz     w/s     wkB/s   wrqm/s  %wrqm w_await wareq-sz     d/s     dkB/s   drqm/s  %drqm d_await dareq-sz     f/s f_await  aqu-sz  %util
sda              1.00      4.00     0.00   0.00  120.00     4.00   84.00   2272.00    42.00  33.33   19.75    27.05    0.00      0.00     0.00   0.00    0.00     0.00   33.00   30.21    2.78 100.00


2026년 06월 29일 22시 24분 56초
avg-cpu:  %user   %nice %system %iowait  %steal   %idle
           6.73    0.00    2.54   15.36    0.00   75.38

Device            r/s     rkB/s   rrqm/s  %rrqm r_await rareq-sz     w/s     wkB/s   wrqm/s  %wrqm w_await wareq-sz     d/s     dkB/s   drqm/s  %drqm d_await dareq-sz     f/s f_await  aqu-sz  %util
sda              2.00     12.00     1.00  33.33   51.00     6.00   78.00   1780.00    38.00  32.76   17.79    22.82    0.00      0.00     0.00   0.00    0.00     0.00   32.00   30.38    2.46  92.80


2026년 06월 29일 22시 24분 57초
avg-cpu:  %user   %nice %system %iowait  %steal   %idle
           7.99    0.00    2.41   17.89    0.00   71.70

Device            r/s     rkB/s   rrqm/s  %rrqm r_await rareq-sz     w/s     wkB/s   wrqm/s  %wrqm w_await wareq-sz     d/s     dkB/s   drqm/s  %drqm d_await dareq-sz     f/s f_await  aqu-sz  %util
sda              1.00      8.00     1.00  50.00   51.00     8.00   87.00   3104.00    41.00  32.03   16.91    35.68    0.00      0.00     0.00   0.00    0.00     0.00   35.00   28.51    2.52  94.00


2026년 06월 29일 22시 24분 58초
avg-cpu:  %user   %nice %system %iowait  %steal   %idle
           6.96    0.00    2.15   19.24    0.00   71.65

Device            r/s     rkB/s   rrqm/s  %rrqm r_await rareq-sz     w/s     wkB/s   wrqm/s  %wrqm w_await wareq-sz     d/s     dkB/s   drqm/s  %drqm d_await dareq-sz     f/s f_await  aqu-sz  %util
sda              0.00      0.00     0.00   0.00    0.00     0.00   90.00   1632.00    33.00  26.83   18.81    18.13    0.00      0.00     0.00   0.00    0.00     0.00   36.00   25.81    2.62  96.00


2026년 06월 29일 22시 24분 59초
avg-cpu:  %user   %nice %system %iowait  %steal   %idle
           7.16    0.00    3.64   15.45    0.00   73.74

Device            r/s     rkB/s   rrqm/s  %rrqm r_await rareq-sz     w/s     wkB/s   wrqm/s  %wrqm w_await wareq-sz     d/s     dkB/s   drqm/s  %drqm d_await dareq-sz     f/s f_await  aqu-sz  %util
sda              0.00      0.00     0.00   0.00    0.00     0.00   75.00   1580.00    34.00  31.19   20.00    21.07    0.00      0.00     0.00   0.00    0.00     0.00   31.00   32.94    2.52 102.40


2026년 06월 29일 22시 25분 00초
avg-cpu:  %user   %nice %system %iowait  %steal   %idle
           7.47    0.00    2.78   14.94    0.00   74.81

Device            r/s     rkB/s   rrqm/s  %rrqm r_await rareq-sz     w/s     wkB/s   wrqm/s  %wrqm w_await wareq-sz     d/s     dkB/s   drqm/s  %drqm d_await dareq-sz     f/s f_await  aqu-sz  %util
sda              0.00      0.00     0.00   0.00    0.00     0.00   82.00   2312.00    40.00  32.79   14.37    28.20    0.00      0.00     0.00   0.00    0.00     0.00   39.00   21.64    2.02  88.40


2026년 06월 29일 22시 25분 01초
avg-cpu:  %user   %nice %system %iowait  %steal   %idle
           7.73    0.00    3.93   18.12    0.00   70.22

Device            r/s     rkB/s   rrqm/s  %rrqm r_await rareq-sz     w/s     wkB/s   wrqm/s  %wrqm w_await wareq-sz     d/s     dkB/s   drqm/s  %drqm d_await dareq-sz     f/s f_await  aqu-sz  %util
sda              1.00      4.00     0.00   0.00   62.00     4.00   94.00   1916.00    37.00  28.24   21.78    20.38    0.00      0.00     0.00   0.00    0.00     0.00   30.00   33.47    3.11  97.20


2026년 06월 29일 22시 25분 02초
avg-cpu:  %user   %nice %system %iowait  %steal   %idle
           7.86    0.00    3.55   20.91    0.00   67.68

Device            r/s     rkB/s   rrqm/s  %rrqm r_await rareq-sz     w/s     wkB/s   wrqm/s  %wrqm w_await wareq-sz     d/s     dkB/s   drqm/s  %drqm d_await dareq-sz     f/s f_await  aqu-sz  %util
sda              0.00      0.00     0.00   0.00    0.00     0.00   85.00   1808.00    38.00  30.89   40.42    21.27    0.00      0.00     0.00   0.00    0.00     0.00   30.00   34.70    4.48 100.40


2026년 06월 29일 22시 25분 03초
avg-cpu:  %user   %nice %system %iowait  %steal   %idle
           9.30    0.00    2.17   20.25    0.00   68.28

Device            r/s     rkB/s   rrqm/s  %rrqm r_await rareq-sz     w/s     wkB/s   wrqm/s  %wrqm w_await wareq-sz     d/s     dkB/s   drqm/s  %drqm d_await dareq-sz     f/s f_await  aqu-sz  %util
sda              2.00     12.00     1.00  33.33   58.00     6.00   87.00   2104.00    40.00  31.50   22.34    24.18    0.00      0.00     0.00   0.00    0.00     0.00   30.00   32.03    3.02  95.60


2026년 06월 29일 22시 25분 04초
avg-cpu:  %user   %nice %system %iowait  %steal   %idle
           7.91    0.00    3.39   19.97    0.00   68.72

Device            r/s     rkB/s   rrqm/s  %rrqm r_await rareq-sz     w/s     wkB/s   wrqm/s  %wrqm w_await wareq-sz     d/s     dkB/s   drqm/s  %drqm d_await dareq-sz     f/s f_await  aqu-sz  %util
sda              2.00     12.00     1.00  33.33   80.00     6.00   68.00   2424.00    33.00  32.67   24.56    35.65    0.00      0.00     0.00   0.00    0.00     0.00   29.00   33.72    2.81  99.60


2026년 06월 29일 22시 25분 05초
avg-cpu:  %user   %nice %system %iowait  %steal   %idle
           7.19    0.00    3.40   16.77    0.00   72.64

Device            r/s     rkB/s   rrqm/s  %rrqm r_await rareq-sz     w/s     wkB/s   wrqm/s  %wrqm w_await wareq-sz     d/s     dkB/s   drqm/s  %drqm d_await dareq-sz     f/s f_await  aqu-sz  %util
sda              4.00     16.00     0.00   0.00   24.75     4.00   77.00   5592.00    34.00  30.63   21.39    72.62    0.00      0.00     0.00   0.00    0.00     0.00   35.00   26.54    2.67  93.60


2026년 06월 29일 22시 25분 06초
avg-cpu:  %user   %nice %system %iowait  %steal   %idle
           8.34    0.00    3.16   14.54    0.00   73.96

Device            r/s     rkB/s   rrqm/s  %rrqm r_await rareq-sz     w/s     wkB/s   wrqm/s  %wrqm w_await wareq-sz     d/s     dkB/s   drqm/s  %drqm d_await dareq-sz     f/s f_await  aqu-sz  %util
sda              2.00      8.00     0.00   0.00   41.00     4.00   83.00   2224.00    48.00  36.64   13.86    26.80    0.00      0.00     0.00   0.00    0.00     0.00   40.00   22.48    2.13  90.40


2026년 06월 29일 22시 25분 07초
avg-cpu:  %user   %nice %system %iowait  %steal   %idle
           8.78    0.00    2.16   19.21    0.00   69.85

Device            r/s     rkB/s   rrqm/s  %rrqm r_await rareq-sz     w/s     wkB/s   wrqm/s  %wrqm w_await wareq-sz     d/s     dkB/s   drqm/s  %drqm d_await dareq-sz     f/s f_await  aqu-sz  %util
sda              5.00     20.00     0.00   0.00   38.20     4.00   82.00   2832.00    45.00  35.43   18.79    34.54    0.00      0.00     0.00   0.00    0.00     0.00   33.00   28.85    2.68  92.80


2026년 06월 29일 22시 25분 08초
avg-cpu:  %user   %nice %system %iowait  %steal   %idle
           6.37    0.00    2.17   17.96    0.00   73.50

Device            r/s     rkB/s   rrqm/s  %rrqm r_await rareq-sz     w/s     wkB/s   wrqm/s  %wrqm w_await wareq-sz     d/s     dkB/s   drqm/s  %drqm d_await dareq-sz     f/s f_await  aqu-sz  %util
sda              0.00      0.00     0.00   0.00    0.00     0.00   89.00   1756.00    30.00  25.21   18.15    19.73    0.00      0.00     0.00   0.00    0.00     0.00   34.00   28.21    2.57  90.40


2026년 06월 29일 22시 25분 09초
avg-cpu:  %user   %nice %system %iowait  %steal   %idle
           6.64    0.00    3.51   20.80    0.00   69.05

Device            r/s     rkB/s   rrqm/s  %rrqm r_await rareq-sz     w/s     wkB/s   wrqm/s  %wrqm w_await wareq-sz     d/s     dkB/s   drqm/s  %drqm d_await dareq-sz     f/s f_await  aqu-sz  %util
sda              1.00      4.00     0.00   0.00   75.00     4.00   91.00   1412.00    30.00  24.79   19.70    15.52    0.00      0.00     0.00   0.00    0.00     0.00   45.00   22.42    2.88 101.60


2026년 06월 29일 22시 25분 10초
avg-cpu:  %user   %nice %system %iowait  %steal   %idle
           7.38    0.00    2.67   21.12    0.00   68.83

Device            r/s     rkB/s   rrqm/s  %rrqm r_await rareq-sz     w/s     wkB/s   wrqm/s  %wrqm w_await wareq-sz     d/s     dkB/s   drqm/s  %drqm d_await dareq-sz     f/s f_await  aqu-sz  %util
sda              3.00     12.00     0.00   0.00   32.33     4.00   86.00   1832.00    31.00  26.50   20.24    21.30    0.00      0.00     0.00   0.00    0.00     0.00   35.00   27.80    2.81  95.60


2026년 06월 29일 22시 25분 11초
avg-cpu:  %user   %nice %system %iowait  %steal   %idle
           8.72    0.00    3.41   17.32    0.00   70.54

Device            r/s     rkB/s   rrqm/s  %rrqm r_await rareq-sz     w/s     wkB/s   wrqm/s  %wrqm w_await wareq-sz     d/s     dkB/s   drqm/s  %drqm d_await dareq-sz     f/s f_await  aqu-sz  %util
sda              3.00     12.00     0.00   0.00   41.67     4.00   89.00   1856.00    44.00  33.08   16.30    20.85    0.00      0.00     0.00   0.00    0.00     0.00   37.00   25.68    2.53  96.80


2026년 06월 29일 22시 25분 12초
avg-cpu:  %user   %nice %system %iowait  %steal   %idle
           9.51    0.00    3.38   16.65    0.00   70.46

Device            r/s     rkB/s   rrqm/s  %rrqm r_await rareq-sz     w/s     wkB/s   wrqm/s  %wrqm w_await wareq-sz     d/s     dkB/s   drqm/s  %drqm d_await dareq-sz     f/s f_await  aqu-sz  %util
sda              4.00     16.00     0.00   0.00   24.50     4.00   89.00   6824.00    60.00  40.27   19.48    76.67    0.00      0.00     0.00   0.00    0.00     0.00   36.00   25.28    2.74  91.20


2026년 06월 29일 22시 25분 13초
avg-cpu:  %user   %nice %system %iowait  %steal   %idle
           9.15    0.00    2.76   16.29    0.00   71.80

Device            r/s     rkB/s   rrqm/s  %rrqm r_await rareq-sz     w/s     wkB/s   wrqm/s  %wrqm w_await wareq-sz     d/s     dkB/s   drqm/s  %drqm d_await dareq-sz     f/s f_await  aqu-sz  %util
sda              4.00     24.00     2.00  33.33   53.75     6.00   66.00   2216.00    38.00  36.54   20.65    33.58    0.00      0.00     0.00   0.00    0.00     0.00   35.00   28.86    2.59  99.60


2026년 06월 29일 22시 25분 14초
avg-cpu:  %user   %nice %system %iowait  %steal   %idle
           8.18    0.00    1.92   15.35    0.00   74.55

Device            r/s     rkB/s   rrqm/s  %rrqm r_await rareq-sz     w/s     wkB/s   wrqm/s  %wrqm w_await wareq-sz     d/s     dkB/s   drqm/s  %drqm d_await dareq-sz     f/s f_await  aqu-sz  %util
sda              3.00     16.00     1.00  25.00   36.33     5.33   72.00   2864.00    46.00  38.98   16.06    39.78    0.00      0.00     0.00   0.00    0.00     0.00   29.00   30.62    2.15  83.60


2026년 06월 29일 22시 25분 15초
avg-cpu:  %user   %nice %system %iowait  %steal   %idle
           8.65    0.00    3.38   25.19    0.00   62.78

Device            r/s     rkB/s   rrqm/s  %rrqm r_await rareq-sz     w/s     wkB/s   wrqm/s  %wrqm w_await wareq-sz     d/s     dkB/s   drqm/s  %drqm d_await dareq-sz     f/s f_await  aqu-sz  %util
sda              2.00     12.00     1.00  33.33  110.00     6.00   81.00   1676.00    32.00  28.32   41.11    20.69    0.00      0.00     0.00   0.00    0.00     0.00   22.00   44.00    4.52  95.20


2026년 06월 29일 22시 25분 16초
avg-cpu:  %user   %nice %system %iowait  %steal   %idle
           8.03    0.00    2.80   16.94    0.00   72.23

Device            r/s     rkB/s   rrqm/s  %rrqm r_await rareq-sz     w/s     wkB/s   wrqm/s  %wrqm w_await wareq-sz     d/s     dkB/s   drqm/s  %drqm d_await dareq-sz     f/s f_await  aqu-sz  %util
sda              0.00      0.00     0.00   0.00    0.00     0.00   80.00   1600.00    27.00  25.23   19.62    20.00    0.00      0.00     0.00   0.00    0.00     0.00   27.00   39.96    2.65 102.40


2026년 06월 29일 22시 25분 17초
avg-cpu:  %user   %nice %system %iowait  %steal   %idle
           8.28    0.00    2.80   19.24    0.00   69.68

Device            r/s     rkB/s   rrqm/s  %rrqm r_await rareq-sz     w/s     wkB/s   wrqm/s  %wrqm w_await wareq-sz     d/s     dkB/s   drqm/s  %drqm d_await dareq-sz     f/s f_await  aqu-sz  %util
sda              1.00      4.00     0.00   0.00   21.00     4.00   93.00   2300.00    44.00  32.12   21.17    24.73    0.00      0.00     0.00   0.00    0.00     0.00   34.00   26.35    2.89  96.40


2026년 06월 29일 22시 25분 18초
avg-cpu:  %user   %nice %system %iowait  %steal   %idle
           8.25    0.00    2.66   17.64    0.00   71.45

Device            r/s     rkB/s   rrqm/s  %rrqm r_await rareq-sz     w/s     wkB/s   wrqm/s  %wrqm w_await wareq-sz     d/s     dkB/s   drqm/s  %drqm d_await dareq-sz     f/s f_await  aqu-sz  %util
sda              2.00      8.00     0.00   0.00   67.00     4.00   64.00   2080.00    32.00  33.33   22.09    32.50    0.00      0.00     0.00   0.00    0.00     0.00   24.00   42.00    2.56  99.60


2026년 06월 29일 22시 25분 19초
avg-cpu:  %user   %nice %system %iowait  %steal   %idle
           8.64    0.00    3.88   23.90    0.00   63.58

Device            r/s     rkB/s   rrqm/s  %rrqm r_await rareq-sz     w/s     wkB/s   wrqm/s  %wrqm w_await wareq-sz     d/s     dkB/s   drqm/s  %drqm d_await dareq-sz     f/s f_await  aqu-sz  %util
sda              1.00      4.00     0.00   0.00   42.00     4.00   95.00   1744.00    27.00  22.13   21.60    18.36    0.00      0.00     0.00   0.00    0.00     0.00   36.00   28.83    3.13 101.60


2026년 06월 29일 22시 25분 20초
avg-cpu:  %user   %nice %system %iowait  %steal   %idle
           8.70    0.00    3.15   21.06    0.00   67.09

Device            r/s     rkB/s   rrqm/s  %rrqm r_await rareq-sz     w/s     wkB/s   wrqm/s  %wrqm w_await wareq-sz     d/s     dkB/s   drqm/s  %drqm d_await dareq-sz     f/s f_await  aqu-sz  %util
sda              1.00      4.00     0.00   0.00   77.00     4.00   73.00   1412.00    30.00  29.13   25.40    19.34    0.00      0.00     0.00   0.00    0.00     0.00   27.00   36.33    2.91  92.00


2026년 06월 29일 22시 25분 21초
avg-cpu:  %user   %nice %system %iowait  %steal   %idle
          11.08    0.00    3.44   19.24    0.00   66.24

Device            r/s     rkB/s   rrqm/s  %rrqm r_await rareq-sz     w/s     wkB/s   wrqm/s  %wrqm w_await wareq-sz     d/s     dkB/s   drqm/s  %drqm d_await dareq-sz     f/s f_await  aqu-sz  %util
sda              1.00      4.00     0.00   0.00   30.00     4.00   89.00   2176.00    47.00  34.56   19.03    24.45    0.00      0.00     0.00   0.00    0.00     0.00   33.00   29.55    2.70  98.80


2026년 06월 29일 22시 25분 22초
avg-cpu:  %user   %nice %system %iowait  %steal   %idle
          11.55    0.00    3.68   20.81    0.00   63.96

Device            r/s     rkB/s   rrqm/s  %rrqm r_await rareq-sz     w/s     wkB/s   wrqm/s  %wrqm w_await wareq-sz     d/s     dkB/s   drqm/s  %drqm d_await dareq-sz     f/s f_await  aqu-sz  %util
sda              3.00     16.00     1.00  25.00   86.33     5.33   81.00   2348.00    49.00  37.69   20.12    28.99    0.00      0.00     0.00   0.00    0.00     0.00   35.00   27.11    2.84  93.20


2026년 06월 29일 22시 25분 23초
avg-cpu:  %user   %nice %system %iowait  %steal   %idle
           8.67    0.00    3.39   20.23    0.00   67.71

Device            r/s     rkB/s   rrqm/s  %rrqm r_await rareq-sz     w/s     wkB/s   wrqm/s  %wrqm w_await wareq-sz     d/s     dkB/s   drqm/s  %drqm d_await dareq-sz     f/s f_await  aqu-sz  %util
sda              2.00      8.00     0.00   0.00  105.00     4.00   63.00   2040.00    35.00  35.71   25.06    32.38    0.00      0.00     0.00   0.00    0.00     0.00   24.00   41.92    2.79  96.00


2026년 06월 29일 22시 25분 24초
avg-cpu:  %user   %nice %system %iowait  %steal   %idle
           8.22    0.00    3.03   22.25    0.00   66.50

Device            r/s     rkB/s   rrqm/s  %rrqm r_await rareq-sz     w/s     wkB/s   wrqm/s  %wrqm w_await wareq-sz     d/s     dkB/s   drqm/s  %drqm d_await dareq-sz     f/s f_await  aqu-sz  %util
sda              0.00      0.00     0.00   0.00    0.00     0.00   91.00   2256.00    37.00  28.91   18.86    24.79    0.00      0.00     0.00   0.00    0.00     0.00   35.00   27.66    2.68  94.00


2026년 06월 29일 22시 25분 25초
avg-cpu:  %user   %nice %system %iowait  %steal   %idle
           8.34    0.00    3.29   20.48    0.00   67.89

Device            r/s     rkB/s   rrqm/s  %rrqm r_await rareq-sz     w/s     wkB/s   wrqm/s  %wrqm w_await wareq-sz     d/s     dkB/s   drqm/s  %drqm d_await dareq-sz     f/s f_await  aqu-sz  %util
sda              3.00     28.00     4.00  57.14   39.33     9.33   77.00   2408.00    33.00  30.00   20.35    31.27    0.00      0.00     0.00   0.00    0.00     0.00   31.00   31.74    2.67  92.80


2026년 06월 29일 22시 25분 26초
avg-cpu:  %user   %nice %system %iowait  %steal   %idle
           8.12    0.00    3.05   23.48    0.00   65.36

Device            r/s     rkB/s   rrqm/s  %rrqm r_await rareq-sz     w/s     wkB/s   wrqm/s  %wrqm w_await wareq-sz     d/s     dkB/s   drqm/s  %drqm d_await dareq-sz     f/s f_await  aqu-sz  %util
sda              1.00      4.00     0.00   0.00   51.00     4.00   90.00   2304.00    46.00  33.82   24.53    25.60    0.00      0.00     0.00   0.00    0.00     0.00   35.00   27.94    3.24  94.80


2026년 06월 29일 22시 25분 27초
avg-cpu:  %user   %nice %system %iowait  %steal   %idle
           8.82    0.00    3.65   18.14    0.00   69.40

Device            r/s     rkB/s   rrqm/s  %rrqm r_await rareq-sz     w/s     wkB/s   wrqm/s  %wrqm w_await wareq-sz     d/s     dkB/s   drqm/s  %drqm d_await dareq-sz     f/s f_await  aqu-sz  %util
sda              2.00     24.00     4.00  66.67   47.50    12.00   69.00   1996.00    38.00  35.51   19.88    28.93    0.00      0.00     0.00   0.00    0.00     0.00   28.00   34.71    2.44  98.00


2026년 06월 29일 22시 25분 28초
avg-cpu:  %user   %nice %system %iowait  %steal   %idle
           8.75    0.00    4.00   17.62    0.00   69.62

Device            r/s     rkB/s   rrqm/s  %rrqm r_await rareq-sz     w/s     wkB/s   wrqm/s  %wrqm w_await wareq-sz     d/s     dkB/s   drqm/s  %drqm d_await dareq-sz     f/s f_await  aqu-sz  %util
sda              2.00      8.00     0.00   0.00   36.00     4.00   80.00   1864.00    23.00  22.33   20.18    23.30    0.00      0.00     0.00   0.00    0.00     0.00   30.00   32.30    2.66  93.20


2026년 06월 29일 22시 25분 29초
avg-cpu:  %user   %nice %system %iowait  %steal   %idle
           8.24    0.00    3.04   18.38    0.00   70.34

Device            r/s     rkB/s   rrqm/s  %rrqm r_await rareq-sz     w/s     wkB/s   wrqm/s  %wrqm w_await wareq-sz     d/s     dkB/s   drqm/s  %drqm d_await dareq-sz     f/s f_await  aqu-sz  %util
sda              2.00      8.00     0.00   0.00   30.00     4.00   79.00   2484.00    40.00  33.61   20.54    31.44    0.00      0.00     0.00   0.00    0.00     0.00   31.00   31.48    2.66  96.80


2026년 06월 29일 22시 25분 30초
avg-cpu:  %user   %nice %system %iowait  %steal   %idle
           8.46    0.00    3.03   20.96    0.00   67.55

Device            r/s     rkB/s   rrqm/s  %rrqm r_await rareq-sz     w/s     wkB/s   wrqm/s  %wrqm w_await wareq-sz     d/s     dkB/s   drqm/s  %drqm d_await dareq-sz     f/s f_await  aqu-sz  %util
sda              3.00     12.00     0.00   0.00   51.67     4.00   83.00   1956.00    28.00  25.23   19.81    23.57    0.00      0.00     0.00   0.00    0.00     0.00   33.00   28.06    2.73  89.60


2026년 06월 29일 22시 25분 31초
avg-cpu:  %user   %nice %system %iowait  %steal   %idle
           9.92    0.00    2.93   21.63    0.00   65.52

Device            r/s     rkB/s   rrqm/s  %rrqm r_await rareq-sz     w/s     wkB/s   wrqm/s  %wrqm w_await wareq-sz     d/s     dkB/s   drqm/s  %drqm d_await dareq-sz     f/s f_await  aqu-sz  %util
sda              3.00     12.00     0.00   0.00   66.33     4.00   86.00   2304.00    44.00  33.85   21.83    26.79    0.00      0.00     0.00   0.00    0.00     0.00   30.00   33.03    3.07  98.00


2026년 06월 29일 22시 25분 32초
avg-cpu:  %user   %nice %system %iowait  %steal   %idle
          12.14    0.00    4.26   18.02    0.00   65.58

Device            r/s     rkB/s   rrqm/s  %rrqm r_await rareq-sz     w/s     wkB/s   wrqm/s  %wrqm w_await wareq-sz     d/s     dkB/s   drqm/s  %drqm d_await dareq-sz     f/s f_await  aqu-sz  %util
sda              3.00     16.00     1.00  25.00   27.33     5.33   86.00   2872.00    64.00  42.67   18.53    33.40    0.00      0.00     0.00   0.00    0.00     0.00   41.00   23.39    2.63  98.00


2026년 06월 29일 22시 25분 33초
avg-cpu:  %user   %nice %system %iowait  %steal   %idle
           7.55    0.00    3.02   30.69    0.00   58.74

Device            r/s     rkB/s   rrqm/s  %rrqm r_await rareq-sz     w/s     wkB/s   wrqm/s  %wrqm w_await wareq-sz     d/s     dkB/s   drqm/s  %drqm d_await dareq-sz     f/s f_await  aqu-sz  %util
sda              1.00      8.00     1.00  50.00  179.00     8.00  107.00   1724.00    36.00  25.17   47.93    16.11    0.00      0.00     0.00   0.00    0.00     0.00   19.00   50.47    6.27  98.40


2026년 06월 29일 22시 25분 34초
avg-cpu:  %user   %nice %system %iowait  %steal   %idle
           9.55    0.00    3.27   22.86    0.00   64.32

Device            r/s     rkB/s   rrqm/s  %rrqm r_await rareq-sz     w/s     wkB/s   wrqm/s  %wrqm w_await wareq-sz     d/s     dkB/s   drqm/s  %drqm d_await dareq-sz     f/s f_await  aqu-sz  %util
sda              1.00      4.00     0.00   0.00   26.00     4.00   94.00   6100.00    39.00  29.32   25.90    64.89    0.00      0.00     0.00   0.00    0.00     0.00   37.00   25.03    3.39  94.80


2026년 06월 29일 22시 25분 35초
avg-cpu:  %user   %nice %system %iowait  %steal   %idle
           9.75    0.00    2.78   21.27    0.00   66.20

Device            r/s     rkB/s   rrqm/s  %rrqm r_await rareq-sz     w/s     wkB/s   wrqm/s  %wrqm w_await wareq-sz     d/s     dkB/s   drqm/s  %drqm d_await dareq-sz     f/s f_await  aqu-sz  %util
sda              2.00      8.00     0.00   0.00   34.50     4.00   96.00   1928.00    42.00  30.43   22.70    20.08    0.00      0.00     0.00   0.00    0.00     0.00   42.00   23.52    3.24  88.80


2026년 06월 29일 22시 25분 36초
avg-cpu:  %user   %nice %system %iowait  %steal   %idle
           8.70    0.00    3.15   15.64    0.00   72.51

Device            r/s     rkB/s   rrqm/s  %rrqm r_await rareq-sz     w/s     wkB/s   wrqm/s  %wrqm w_await wareq-sz     d/s     dkB/s   drqm/s  %drqm d_await dareq-sz     f/s f_await  aqu-sz  %util
sda              2.00      8.00     0.00   0.00   26.00     4.00   88.00   2660.00    42.00  32.31   17.40    30.23    0.00      0.00     0.00   0.00    0.00     0.00   39.00   23.77    2.51  93.60


2026년 06월 29일 22시 25분 37초
avg-cpu:  %user   %nice %system %iowait  %steal   %idle
           9.16    0.00    3.51   14.43    0.00   72.90

Device            r/s     rkB/s   rrqm/s  %rrqm r_await rareq-sz     w/s     wkB/s   wrqm/s  %wrqm w_await wareq-sz     d/s     dkB/s   drqm/s  %drqm d_await dareq-sz     f/s f_await  aqu-sz  %util
sda              1.00      4.00     0.00   0.00   43.00     4.00   72.00   1696.00    28.00  28.00   18.01    23.56    0.00      0.00     0.00   0.00    0.00     0.00   28.00   36.04    2.35 103.60


2026년 06월 29일 22시 25분 38초
avg-cpu:  %user   %nice %system %iowait  %steal   %idle
           9.76    0.00    3.04   18.25    0.00   68.95

Device            r/s     rkB/s   rrqm/s  %rrqm r_await rareq-sz     w/s     wkB/s   wrqm/s  %wrqm w_await wareq-sz     d/s     dkB/s   drqm/s  %drqm d_await dareq-sz     f/s f_await  aqu-sz  %util
sda              2.00     12.00     1.00  33.33   56.50     6.00   71.00   1724.00    32.00  31.07   21.04    24.28    0.00      0.00     0.00   0.00    0.00     0.00   25.00   37.32    2.54  93.60


2026년 06월 29일 22시 25분 39초
avg-cpu:  %user   %nice %system %iowait  %steal   %idle
           8.33    0.00    2.31   20.77    0.00   68.59

Device            r/s     rkB/s   rrqm/s  %rrqm r_await rareq-sz     w/s     wkB/s   wrqm/s  %wrqm w_await wareq-sz     d/s     dkB/s   drqm/s  %drqm d_await dareq-sz     f/s f_await  aqu-sz  %util
sda              0.00      0.00     0.00   0.00    0.00     0.00   76.00   1664.00    28.00  26.92   27.20    21.89    0.00      0.00     0.00   0.00    0.00     0.00   28.00   36.68    3.09  97.60


2026년 06월 29일 22시 25분 40초
avg-cpu:  %user   %nice %system %iowait  %steal   %idle
           8.08    0.00    2.82   20.26    0.00   68.85

Device            r/s     rkB/s   rrqm/s  %rrqm r_await rareq-sz     w/s     wkB/s   wrqm/s  %wrqm w_await wareq-sz     d/s     dkB/s   drqm/s  %drqm d_await dareq-sz     f/s f_await  aqu-sz  %util
sda              2.00      8.00     0.00   0.00   65.00     4.00   68.00   1344.00    18.00  20.93   23.72    19.76    0.00      0.00     0.00   0.00    0.00     0.00   29.00   32.66    2.69  89.60


2026년 06월 29일 22시 25분 41초
avg-cpu:  %user   %nice %system %iowait  %steal   %idle
           8.46    0.00    3.91   18.81    0.00   68.81

Device            r/s     rkB/s   rrqm/s  %rrqm r_await rareq-sz     w/s     wkB/s   wrqm/s  %wrqm w_await wareq-sz     d/s     dkB/s   drqm/s  %drqm d_await dareq-sz     f/s f_await  aqu-sz  %util
sda              3.00     12.00     0.00   0.00   40.33     4.00   73.00   2028.00    43.00  37.07   21.00    27.78    0.00      0.00     0.00   0.00    0.00     0.00   25.00   37.84    2.60  95.60


2026년 06월 29일 22시 25분 42초
avg-cpu:  %user   %nice %system %iowait  %steal   %idle
           8.98    0.00    3.16   16.56    0.00   71.30

Device            r/s     rkB/s   rrqm/s  %rrqm r_await rareq-sz     w/s     wkB/s   wrqm/s  %wrqm w_await wareq-sz     d/s     dkB/s   drqm/s  %drqm d_await dareq-sz     f/s f_await  aqu-sz  %util
sda              0.00      0.00     0.00   0.00    0.00     0.00   85.00   1760.00    43.00  33.59   19.07    20.71    0.00      0.00     0.00   0.00    0.00     0.00   31.00   30.90    2.58  93.20


2026년 06월 29일 22시 25분 43초
avg-cpu:  %user   %nice %system %iowait  %steal   %idle
           8.01    0.00    2.92   21.98    0.00   67.09

Device            r/s     rkB/s   rrqm/s  %rrqm r_await rareq-sz     w/s     wkB/s   wrqm/s  %wrqm w_await wareq-sz     d/s     dkB/s   drqm/s  %drqm d_await dareq-sz     f/s f_await  aqu-sz  %util
sda              2.00      8.00     0.00   0.00   38.00     4.00   75.00   2072.00    37.00  33.04   22.44    27.63    0.00      0.00     0.00   0.00    0.00     0.00   32.00   30.44    2.73  93.60


2026년 06월 29일 22시 25분 44초
avg-cpu:  %user   %nice %system %iowait  %steal   %idle
           6.20    0.00    3.16   17.72    0.00   72.91

Device            r/s     rkB/s   rrqm/s  %rrqm r_await rareq-sz     w/s     wkB/s   wrqm/s  %wrqm w_await wareq-sz     d/s     dkB/s   drqm/s  %drqm d_await dareq-sz     f/s f_await  aqu-sz  %util
sda              0.00      0.00     0.00   0.00    0.00     0.00   90.10   1790.10    28.71  24.17   19.41    19.87    0.00      0.00     0.00   0.00    0.00     0.00   32.67   30.73    2.75  95.45


2026년 06월 29일 22시 25분 45초
avg-cpu:  %user   %nice %system %iowait  %steal   %idle
           9.82    0.00    3.15   14.11    0.00   72.92

Device            r/s     rkB/s   rrqm/s  %rrqm r_await rareq-sz     w/s     wkB/s   wrqm/s  %wrqm w_await wareq-sz     d/s     dkB/s   drqm/s  %drqm d_await dareq-sz     f/s f_await  aqu-sz  %util
sda              3.00     12.00     0.00   0.00   19.67     4.00   86.00   2424.00    41.00  32.28   14.28    28.19    0.00      0.00     0.00   0.00    0.00     0.00   39.00   23.38    2.20  92.40


2026년 06월 29일 22시 25분 46초
avg-cpu:  %user   %nice %system %iowait  %steal   %idle
           8.75    0.00    3.38   18.00    0.00   69.88

Device            r/s     rkB/s   rrqm/s  %rrqm r_await rareq-sz     w/s     wkB/s   wrqm/s  %wrqm w_await wareq-sz     d/s     dkB/s   drqm/s  %drqm d_await dareq-sz     f/s f_await  aqu-sz  %util
sda              0.00      0.00     0.00   0.00    0.00     0.00  104.00   1804.00    33.00  24.09   28.24    17.35    0.00      0.00     0.00   0.00    0.00     0.00   28.00   34.89    3.92 100.00


2026년 06월 29일 22시 25분 47초
avg-cpu:  %user   %nice %system %iowait  %steal   %idle
           9.09    0.00    4.29   19.32    0.00   67.30

Device            r/s     rkB/s   rrqm/s  %rrqm r_await rareq-sz     w/s     wkB/s   wrqm/s  %wrqm w_await wareq-sz     d/s     dkB/s   drqm/s  %drqm d_await dareq-sz     f/s f_await  aqu-sz  %util
sda              2.00      8.00     0.00   0.00   58.50     4.00   80.00   2016.00    47.00  37.01   18.98    25.20    0.00      0.00     0.00   0.00    0.00     0.00   33.00   28.42    2.57  92.00


2026년 06월 29일 22시 25분 48초
avg-cpu:  %user   %nice %system %iowait  %steal   %idle
           9.29    0.00    2.54   19.72    0.00   68.45

Device            r/s     rkB/s   rrqm/s  %rrqm r_await rareq-sz     w/s     wkB/s   wrqm/s  %wrqm w_await wareq-sz     d/s     dkB/s   drqm/s  %drqm d_await dareq-sz     f/s f_await  aqu-sz  %util
sda              2.00      8.00     0.00   0.00   65.00     4.00   85.00   2380.00    36.00  29.75   18.09    28.00    0.00      0.00     0.00   0.00    0.00     0.00   30.00   33.07    2.66  99.20


2026년 06월 29일 22시 25분 49초
avg-cpu:  %user   %nice %system %iowait  %steal   %idle
           8.40    0.00    2.54   19.34    0.00   69.72

Device            r/s     rkB/s   rrqm/s  %rrqm r_await rareq-sz     w/s     wkB/s   wrqm/s  %wrqm w_await wareq-sz     d/s     dkB/s   drqm/s  %drqm d_await dareq-sz     f/s f_await  aqu-sz  %util
sda              2.00      8.00     0.00   0.00   93.00     4.00   63.00   2004.00    37.00  37.00   23.76    31.81    0.00      0.00     0.00   0.00    0.00     0.00   26.00   38.08    2.67  98.80


2026년 06월 29일 22시 25분 50초
avg-cpu:  %user   %nice %system %iowait  %steal   %idle
           9.41    0.00    2.16   15.27    0.00   73.16

Device            r/s     rkB/s   rrqm/s  %rrqm r_await rareq-sz     w/s     wkB/s   wrqm/s  %wrqm w_await wareq-sz     d/s     dkB/s   drqm/s  %drqm d_await dareq-sz     f/s f_await  aqu-sz  %util
sda              3.00     12.00     0.00   0.00   45.67     4.00   84.00   2084.00    35.00  29.41   15.50    24.81    0.00      0.00     0.00   0.00    0.00     0.00   31.00   28.13    2.31  87.60


2026년 06월 29일 22시 25분 51초
avg-cpu:  %user   %nice %system %iowait  %steal   %idle
           8.10    0.00    3.54   18.23    0.00   70.13

Device            r/s     rkB/s   rrqm/s  %rrqm r_await rareq-sz     w/s     wkB/s   wrqm/s  %wrqm w_await wareq-sz     d/s     dkB/s   drqm/s  %drqm d_await dareq-sz     f/s f_await  aqu-sz  %util
sda              0.00      0.00     0.00   0.00    0.00     0.00   89.00   2432.00    44.00  33.08   19.85    27.33    0.00      0.00     0.00   0.00    0.00     0.00   30.00   33.47    2.77  97.60


2026년 06월 29일 22시 25분 52초
avg-cpu:  %user   %nice %system %iowait  %steal   %idle
          10.47    0.00    3.58   17.62    0.00   68.33

Device            r/s     rkB/s   rrqm/s  %rrqm r_await rareq-sz     w/s     wkB/s   wrqm/s  %wrqm w_await wareq-sz     d/s     dkB/s   drqm/s  %drqm d_await dareq-sz     f/s f_await  aqu-sz  %util
sda              1.00     16.00     3.00  75.00   97.00    16.00   72.00   1836.00    48.00  40.00   20.58    25.50    0.00      0.00     0.00   0.00    0.00     0.00   34.00   28.06    2.54  92.80


2026년 06월 29일 22시 25분 53초
avg-cpu:  %user   %nice %system %iowait  %steal   %idle
           9.62    0.00    2.91   16.71    0.00   70.76

Device            r/s     rkB/s   rrqm/s  %rrqm r_await rareq-sz     w/s     wkB/s   wrqm/s  %wrqm w_await wareq-sz     d/s     dkB/s   drqm/s  %drqm d_await dareq-sz     f/s f_await  aqu-sz  %util
sda              2.00     12.00     1.00  33.33   94.50     6.00   71.00   1580.00    23.00  24.47   17.06    22.25    0.00      0.00     0.00   0.00    0.00     0.00   24.00   41.50    2.40  96.80


2026년 06월 29일 22시 25분 54초
avg-cpu:  %user   %nice %system %iowait  %steal   %idle
           9.31    0.00    3.52   23.90    0.00   63.27

Device            r/s     rkB/s   rrqm/s  %rrqm r_await rareq-sz     w/s     wkB/s   wrqm/s  %wrqm w_await wareq-sz     d/s     dkB/s   drqm/s  %drqm d_await dareq-sz     f/s f_await  aqu-sz  %util
sda              3.00     12.00     0.00   0.00   53.67     4.00   82.00   5816.00    35.00  29.91   29.61    70.93    0.00      0.00     0.00   0.00    0.00     0.00   28.00   30.21    3.44  91.60


2026년 06월 29일 22시 25분 55초
avg-cpu:  %user   %nice %system %iowait  %steal   %idle
          10.44    0.00    4.15   16.98    0.00   68.43

Device            r/s     rkB/s   rrqm/s  %rrqm r_await rareq-sz     w/s     wkB/s   wrqm/s  %wrqm w_await wareq-sz     d/s     dkB/s   drqm/s  %drqm d_await dareq-sz     f/s f_await  aqu-sz  %util
sda              2.00      8.00     0.00   0.00   76.50     4.00   67.00   1972.00    38.00  36.19   21.57    29.43    0.00      0.00     0.00   0.00    0.00     0.00   25.00   36.60    2.51  90.80


2026년 06월 29일 22시 25분 56초
avg-cpu:  %user   %nice %system %iowait  %steal   %idle
           8.89    0.00    3.30   24.52    0.00   63.28

Device            r/s     rkB/s   rrqm/s  %rrqm r_await rareq-sz     w/s     wkB/s   wrqm/s  %wrqm w_await wareq-sz     d/s     dkB/s   drqm/s  %drqm d_await dareq-sz     f/s f_await  aqu-sz  %util
sda              1.00      4.00     0.00   0.00   48.00     4.00   82.00   2068.00    30.00  26.79   27.49    25.22    0.00      0.00     0.00   0.00    0.00     0.00   30.00   34.00    3.32 104.00


2026년 06월 29일 22시 25분 57초
avg-cpu:  %user   %nice %system %iowait  %steal   %idle
          10.98    0.00    3.28   20.83    0.00   64.90

Device            r/s     rkB/s   rrqm/s  %rrqm r_await rareq-sz     w/s     wkB/s   wrqm/s  %wrqm w_await wareq-sz     d/s     dkB/s   drqm/s  %drqm d_await dareq-sz     f/s f_await  aqu-sz  %util
sda              1.00      4.00     0.00   0.00   70.00     4.00   84.00   2296.00    39.00  31.71   22.85    27.33    0.00      0.00     0.00   0.00    0.00     0.00   30.00   31.20    2.92  93.20


2026년 06월 29일 22시 25분 58초
avg-cpu:  %user   %nice %system %iowait  %steal   %idle
           9.48    0.00    3.67   17.83    0.00   69.03

Device            r/s     rkB/s   rrqm/s  %rrqm r_await rareq-sz     w/s     wkB/s   wrqm/s  %wrqm w_await wareq-sz     d/s     dkB/s   drqm/s  %drqm d_await dareq-sz     f/s f_await  aqu-sz  %util
sda              1.00      4.00     0.00   0.00   52.00     4.00   73.00   1424.00    24.00  24.74   21.96    19.51    0.00      0.00     0.00   0.00    0.00     0.00   26.00   36.85    2.61  92.80


2026년 06월 29일 22시 25분 59초
avg-cpu:  %user   %nice %system %iowait  %steal   %idle
          10.51    0.00    4.18   18.61    0.00   66.71

Device            r/s     rkB/s   rrqm/s  %rrqm r_await rareq-sz     w/s     wkB/s   wrqm/s  %wrqm w_await wareq-sz     d/s     dkB/s   drqm/s  %drqm d_await dareq-sz     f/s f_await  aqu-sz  %util
sda              1.00      4.00     0.00   0.00  120.00     4.00   74.00   2040.00    39.00  34.51   20.31    27.57    0.00      0.00     0.00   0.00    0.00     0.00   35.00   28.80    2.63 102.00


2026년 06월 29일 22시 26분 00초
avg-cpu:  %user   %nice %system %iowait  %steal   %idle
          11.18    0.00    3.27   20.98    0.00   64.57

Device            r/s     rkB/s   rrqm/s  %rrqm r_await rareq-sz     w/s     wkB/s   wrqm/s  %wrqm w_await wareq-sz     d/s     dkB/s   drqm/s  %drqm d_await dareq-sz     f/s f_await  aqu-sz  %util
sda              0.00      0.00     0.00   0.00    0.00     0.00   85.00   2112.00    32.00  27.35   23.05    24.85    0.00      0.00     0.00   0.00    0.00     0.00   33.00   31.21    2.99 103.20


2026년 06월 29일 22시 26분 01초
avg-cpu:  %user   %nice %system %iowait  %steal   %idle
           9.85    0.00    2.27   15.78    0.00   72.10

Device            r/s     rkB/s   rrqm/s  %rrqm r_await rareq-sz     w/s     wkB/s   wrqm/s  %wrqm w_await wareq-sz     d/s     dkB/s   drqm/s  %drqm d_await dareq-sz     f/s f_await  aqu-sz  %util
sda              0.00      0.00     0.00   0.00    0.00     0.00   64.00   2224.00    45.00  41.28   21.14    34.75    0.00      0.00     0.00   0.00    0.00     0.00   32.00   31.06    2.35  99.20


2026년 06월 29일 22시 26분 02초
avg-cpu:  %user   %nice %system %iowait  %steal   %idle
          10.65    0.00    4.82   17.74    0.00   66.79

Device            r/s     rkB/s   rrqm/s  %rrqm r_await rareq-sz     w/s     wkB/s   wrqm/s  %wrqm w_await wareq-sz     d/s     dkB/s   drqm/s  %drqm d_await dareq-sz     f/s f_await  aqu-sz  %util
sda              1.00      4.00     0.00   0.00   26.00     4.00   81.00   1928.00    47.00  36.72   21.69    23.80    0.00      0.00     0.00   0.00    0.00     0.00   26.00   36.12    2.72  82.40


2026년 06월 29일 22시 26분 03초
avg-cpu:  %user   %nice %system %iowait  %steal   %idle
          10.08    0.00    4.41   19.14    0.00   66.37

Device            r/s     rkB/s   rrqm/s  %rrqm r_await rareq-sz     w/s     wkB/s   wrqm/s  %wrqm w_await wareq-sz     d/s     dkB/s   drqm/s  %drqm d_await dareq-sz     f/s f_await  aqu-sz  %util
sda              0.00      0.00     1.00 100.00    0.00     0.00   84.00   1812.00    45.00  34.88   20.51    21.57    0.00      0.00     0.00   0.00    0.00     0.00   37.00   27.38    2.74  97.60


2026년 06월 29일 22시 26분 04초
avg-cpu:  %user   %nice %system %iowait  %steal   %idle
           9.19    0.00    4.28   19.52    0.00   67.00

Device            r/s     rkB/s   rrqm/s  %rrqm r_await rareq-sz     w/s     wkB/s   wrqm/s  %wrqm w_await wareq-sz     d/s     dkB/s   drqm/s  %drqm d_await dareq-sz     f/s f_await  aqu-sz  %util
sda              1.00      8.00     0.00   0.00   64.00     8.00   74.00   2076.00    25.00  25.25   24.73    28.05    0.00      0.00     0.00   0.00    0.00     0.00   22.00   43.50    2.85  81.20


2026년 06월 29일 22시 26분 05초
avg-cpu:  %user   %nice %system %iowait  %steal   %idle
          10.00    0.00    3.80   17.22    0.00   68.99

Device            r/s     rkB/s   rrqm/s  %rrqm r_await rareq-sz     w/s     wkB/s   wrqm/s  %wrqm w_await wareq-sz     d/s     dkB/s   drqm/s  %drqm d_await dareq-sz     f/s f_await  aqu-sz  %util
sda              0.00      0.00     0.00   0.00    0.00     0.00   73.00   1284.00    27.00  27.00   23.95    17.59    0.00      0.00     0.00   0.00    0.00     0.00   26.00   36.92    2.71  89.20


2026년 06월 29일 22시 26분 06초
avg-cpu:  %user   %nice %system %iowait  %steal   %idle
          10.34    0.00    3.91   19.29    0.00   66.46

Device            r/s     rkB/s   rrqm/s  %rrqm r_await rareq-sz     w/s     wkB/s   wrqm/s  %wrqm w_await wareq-sz     d/s     dkB/s   drqm/s  %drqm d_await dareq-sz     f/s f_await  aqu-sz  %util
sda              3.00     12.00     0.00   0.00   47.67     4.00   77.00   1496.00    28.00  26.67   20.30    19.43    0.00      0.00     0.00   0.00    0.00     0.00   27.00   36.48    2.69  74.00


2026년 06월 29일 22시 26분 07초
avg-cpu:  %user   %nice %system %iowait  %steal   %idle
          11.27    0.00    3.16   15.82    0.00   69.75

Device            r/s     rkB/s   rrqm/s  %rrqm r_await rareq-sz     w/s     wkB/s   wrqm/s  %wrqm w_await wareq-sz     d/s     dkB/s   drqm/s  %drqm d_await dareq-sz     f/s f_await  aqu-sz  %util
sda              2.00      8.00     0.00   0.00   69.50     4.00   81.00   2252.00    45.00  35.71   16.47    27.80    0.00      0.00     0.00   0.00    0.00     0.00   36.00   26.72    2.44 104.80


2026년 06월 29일 22시 26분 08초
avg-cpu:  %user   %nice %system %iowait  %steal   %idle
          10.34    0.00    4.29   15.13    0.00   70.24

Device            r/s     rkB/s   rrqm/s  %rrqm r_await rareq-sz     w/s     wkB/s   wrqm/s  %wrqm w_await wareq-sz     d/s     dkB/s   drqm/s  %drqm d_await dareq-sz     f/s f_await  aqu-sz  %util
sda              1.00      4.00     0.00   0.00   39.00     4.00   84.00   1956.00    36.00  30.00   17.77    23.29    0.00      0.00     0.00   0.00    0.00     0.00   26.00   36.00    2.47  84.00


2026년 06월 29일 22시 26분 09초
avg-cpu:  %user   %nice %system %iowait  %steal   %idle
           7.50    0.00    3.25   15.38    0.00   73.88

Device            r/s     rkB/s   rrqm/s  %rrqm r_await rareq-sz     w/s     wkB/s   wrqm/s  %wrqm w_await wareq-sz     d/s     dkB/s   drqm/s  %drqm d_await dareq-sz     f/s f_await  aqu-sz  %util
sda              1.00      4.00     0.00   0.00   65.00     4.00   73.00   1628.00    40.00  35.40   19.53    22.30    0.00      0.00     0.00   0.00    0.00     0.00   33.00   28.73    2.44  89.60


2026년 06월 29일 22시 26분 10초
avg-cpu:  %user   %nice %system %iowait  %steal   %idle
           9.73    0.00    3.03   19.47    0.00   67.76

Device            r/s     rkB/s   rrqm/s  %rrqm r_await rareq-sz     w/s     wkB/s   wrqm/s  %wrqm w_await wareq-sz     d/s     dkB/s   drqm/s  %drqm d_await dareq-sz     f/s f_await  aqu-sz  %util
sda              1.00      4.00     0.00   0.00   97.00     4.00   94.00   2220.00    30.00  24.19   17.97    23.62    0.00      0.00     0.00   0.00    0.00     0.00   36.00   28.72    2.82 106.00


2026년 06월 29일 22시 26분 11초
avg-cpu:  %user   %nice %system %iowait  %steal   %idle
          10.41    0.00    3.55   16.62    0.00   69.42

Device            r/s     rkB/s   rrqm/s  %rrqm r_await rareq-sz     w/s     wkB/s   wrqm/s  %wrqm w_await wareq-sz     d/s     dkB/s   drqm/s  %drqm d_await dareq-sz     f/s f_await  aqu-sz  %util
sda              2.00      8.00     0.00   0.00   48.50     4.00   77.00   2148.00    49.00  38.89   18.00    27.90    0.00      0.00     0.00   0.00    0.00     0.00   31.00   31.87    2.47  94.40


2026년 06월 29일 22시 26분 12초
avg-cpu:  %user   %nice %system %iowait  %steal   %idle
          11.13    0.00    5.18   17.45    0.00   66.25

Device            r/s     rkB/s   rrqm/s  %rrqm r_await rareq-sz     w/s     wkB/s   wrqm/s  %wrqm w_await wareq-sz     d/s     dkB/s   drqm/s  %drqm d_await dareq-sz     f/s f_await  aqu-sz  %util
sda              2.00      8.00     0.00   0.00   75.00     4.00  102.00   2368.00    49.00  32.45   16.33    23.22    0.00      0.00     0.00   0.00    0.00     0.00   33.00   29.24    2.78 100.80


2026년 06월 29일 22시 26분 13초
avg-cpu:  %user   %nice %system %iowait  %steal   %idle
          10.05    0.00    3.44   18.07    0.00   68.45

Device            r/s     rkB/s   rrqm/s  %rrqm r_await rareq-sz     w/s     wkB/s   wrqm/s  %wrqm w_await wareq-sz     d/s     dkB/s   drqm/s  %drqm d_await dareq-sz     f/s f_await  aqu-sz  %util
sda              1.00      4.00     0.00   0.00   63.00     4.00   88.00   1476.00    21.00  19.27   27.65    16.77    0.00      0.00     0.00   0.00    0.00     0.00   31.00   31.84    3.48  91.20


2026년 06월 29일 22시 26분 14초
avg-cpu:  %user   %nice %system %iowait  %steal   %idle
           9.71    0.00    3.28   18.54    0.00   68.47

Device            r/s     rkB/s   rrqm/s  %rrqm r_await rareq-sz     w/s     wkB/s   wrqm/s  %wrqm w_await wareq-sz     d/s     dkB/s   drqm/s  %drqm d_await dareq-sz     f/s f_await  aqu-sz  %util
sda              2.00      8.00     0.00   0.00   33.50     4.00   87.00   5860.00    42.00  32.56   24.23    67.36    0.00      0.00     0.00   0.00    0.00     0.00   32.00   28.81    3.10  88.80


2026년 06월 29일 22시 26분 15초
avg-cpu:  %user   %nice %system %iowait  %steal   %idle
          10.33    0.00    3.40   16.75    0.00   69.52

Device            r/s     rkB/s   rrqm/s  %rrqm r_await rareq-sz     w/s     wkB/s   wrqm/s  %wrqm w_await wareq-sz     d/s     dkB/s   drqm/s  %drqm d_await dareq-sz     f/s f_await  aqu-sz  %util
sda              3.00     12.00     0.00   0.00   36.00     4.00   69.00   1792.00    28.00  28.87   20.23    25.97    0.00      0.00     0.00   0.00    0.00     0.00   32.00   26.19    2.34  86.80


2026년 06월 29일 22시 26분 16초
avg-cpu:  %user   %nice %system %iowait  %steal   %idle
           9.72    0.00    3.91   20.20    0.00   66.16

Device            r/s     rkB/s   rrqm/s  %rrqm r_await rareq-sz     w/s     wkB/s   wrqm/s  %wrqm w_await wareq-sz     d/s     dkB/s   drqm/s  %drqm d_await dareq-sz     f/s f_await  aqu-sz  %util
sda              1.00      4.00     0.00   0.00   69.00     4.00   88.00   2288.00    39.00  30.71   21.39    26.00    0.00      0.00     0.00   0.00    0.00     0.00   35.00   29.00    2.97 101.20


2026년 06월 29일 22시 26분 17초
avg-cpu:  %user   %nice %system %iowait  %steal   %idle
          10.89    0.00    4.88   16.65    0.00   67.58

Device            r/s     rkB/s   rrqm/s  %rrqm r_await rareq-sz     w/s     wkB/s   wrqm/s  %wrqm w_await wareq-sz     d/s     dkB/s   drqm/s  %drqm d_await dareq-sz     f/s f_await  aqu-sz  %util
sda              0.00      0.00     0.00   0.00    0.00     0.00   98.00   1980.00    40.00  28.99   27.55    20.20    0.00      0.00     0.00   0.00    0.00     0.00   28.00   32.43    3.61  86.80


2026년 06월 29일 22시 26분 18초
avg-cpu:  %user   %nice %system %iowait  %steal   %idle
          10.37    0.00    2.91   20.86    0.00   65.87

Device            r/s     rkB/s   rrqm/s  %rrqm r_await rareq-sz     w/s     wkB/s   wrqm/s  %wrqm w_await wareq-sz     d/s     dkB/s   drqm/s  %drqm d_await dareq-sz     f/s f_await  aqu-sz  %util
sda              2.00      8.00     0.00   0.00   34.00     4.00   91.00   1752.00    29.00  24.17   19.74    19.25    0.00      0.00     0.00   0.00    0.00     0.00   37.00   28.24    2.91  98.80


2026년 06월 29일 22시 26분 19초
avg-cpu:  %user   %nice %system %iowait  %steal   %idle
           9.48    0.00    3.67   14.66    0.00   72.19

Device            r/s     rkB/s   rrqm/s  %rrqm r_await rareq-sz     w/s     wkB/s   wrqm/s  %wrqm w_await wareq-sz     d/s     dkB/s   drqm/s  %drqm d_await dareq-sz     f/s f_await  aqu-sz  %util
sda              1.00      4.00     0.00   0.00   40.00     4.00   84.00   2128.00    44.00  34.38   16.90    25.33    0.00      0.00     0.00   0.00    0.00     0.00   37.00   26.16    2.43  98.00


2026년 06월 29일 22시 26분 20초
avg-cpu:  %user   %nice %system %iowait  %steal   %idle
           9.82    0.00    2.90   14.74    0.00   72.54

Device            r/s     rkB/s   rrqm/s  %rrqm r_await rareq-sz     w/s     wkB/s   wrqm/s  %wrqm w_await wareq-sz     d/s     dkB/s   drqm/s  %drqm d_await dareq-sz     f/s f_await  aqu-sz  %util
sda              2.00      8.00     0.00   0.00   25.50     4.00   71.00   1916.00    35.00  33.02   18.69    26.99    0.00      0.00     0.00   0.00    0.00     0.00   34.00   26.24    2.27  91.60


2026년 06월 29일 22시 26분 21초
avg-cpu:  %user   %nice %system %iowait  %steal   %idle
          11.90    0.00    3.92   16.33    0.00   67.85

Device            r/s     rkB/s   rrqm/s  %rrqm r_await rareq-sz     w/s     wkB/s   wrqm/s  %wrqm w_await wareq-sz     d/s     dkB/s   drqm/s  %drqm d_await dareq-sz     f/s f_await  aqu-sz  %util
sda              2.00      8.00     0.00   0.00   25.00     4.00   89.00   2792.00    57.00  39.04   16.21    31.37    0.00      0.00     0.00   0.00    0.00     0.00   36.00   26.47    2.44  92.40


2026년 06월 29일 22시 26분 22초
avg-cpu:  %user   %nice %system %iowait  %steal   %idle
          11.56    0.00    4.02   19.72    0.00   64.70

Device            r/s     rkB/s   rrqm/s  %rrqm r_await rareq-sz     w/s     wkB/s   wrqm/s  %wrqm w_await wareq-sz     d/s     dkB/s   drqm/s  %drqm d_await dareq-sz     f/s f_await  aqu-sz  %util
sda              0.00      0.00     0.00   0.00    0.00     0.00   94.00   2332.00    52.00  35.62   22.43    24.81    0.00      0.00     0.00   0.00    0.00     0.00   33.00   29.15    3.07  90.80


2026년 06월 29일 22시 26분 23초
avg-cpu:  %user   %nice %system %iowait  %steal   %idle
           9.32    0.00    3.53   20.40    0.00   66.75

Device            r/s     rkB/s   rrqm/s  %rrqm r_await rareq-sz     w/s     wkB/s   wrqm/s  %wrqm w_await wareq-sz     d/s     dkB/s   drqm/s  %drqm d_await dareq-sz     f/s f_await  aqu-sz  %util
sda              1.00     16.00     3.00  75.00   30.00    16.00   93.00   2480.00    34.00  26.77   19.12    26.67    0.00      0.00     0.00   0.00    0.00     0.00   33.00   30.21    2.81  98.00


2026년 06월 29일 22시 26분 24초
avg-cpu:  %user   %nice %system %iowait  %steal   %idle
          10.38    0.00    3.80   18.73    0.00   67.09

Device            r/s     rkB/s   rrqm/s  %rrqm r_await rareq-sz     w/s     wkB/s   wrqm/s  %wrqm w_await wareq-sz     d/s     dkB/s   drqm/s  %drqm d_await dareq-sz     f/s f_await  aqu-sz  %util
sda              0.00      0.00     0.00   0.00    0.00     0.00   91.00   2176.00    34.00  27.20   17.03    23.91    0.00      0.00     0.00   0.00    0.00     0.00   33.00   29.30    2.52  82.40


2026년 06월 29일 22시 26분 25초
avg-cpu:  %user   %nice %system %iowait  %steal   %idle
          10.51    0.00    3.42   18.86    0.00   67.22

Device            r/s     rkB/s   rrqm/s  %rrqm r_await rareq-sz     w/s     wkB/s   wrqm/s  %wrqm w_await wareq-sz     d/s     dkB/s   drqm/s  %drqm d_await dareq-sz     f/s f_await  aqu-sz  %util
sda              3.00     16.00     1.00  25.00   67.00     5.33   88.00   2012.00    36.00  29.03   19.23    22.86    0.00      0.00     0.00   0.00    0.00     0.00   38.00   25.42    2.86  97.20


2026년 06월 29일 22시 26분 26초
avg-cpu:  %user   %nice %system %iowait  %steal   %idle
           9.66    0.00    3.64   19.07    0.00   67.63

Device            r/s     rkB/s   rrqm/s  %rrqm r_await rareq-sz     w/s     wkB/s   wrqm/s  %wrqm w_await wareq-sz     d/s     dkB/s   drqm/s  %drqm d_await dareq-sz     f/s f_await  aqu-sz  %util
sda              4.00     16.00     0.00   0.00   55.50     4.00   63.00   2296.00    50.00  44.25   21.79    36.44    0.00      0.00     0.00   0.00    0.00     0.00   27.00   36.11    2.57  94.00


2026년 06월 29일 22시 26분 27초
avg-cpu:  %user   %nice %system %iowait  %steal   %idle
           9.96    0.00    3.53   18.79    0.00   67.72

Device            r/s     rkB/s   rrqm/s  %rrqm r_await rareq-sz     w/s     wkB/s   wrqm/s  %wrqm w_await wareq-sz     d/s     dkB/s   drqm/s  %drqm d_await dareq-sz     f/s f_await  aqu-sz  %util
sda              0.00      0.00     0.00   0.00    0.00     0.00   96.00   1636.00    22.00  18.64   17.59    17.04    0.00      0.00     0.00   0.00    0.00     0.00   30.00   32.33    2.66  98.00


2026년 06월 29일 22시 26분 28초
avg-cpu:  %user   %nice %system %iowait  %steal   %idle
          10.48    0.00    3.41   18.43    0.00   67.68

Device            r/s     rkB/s   rrqm/s  %rrqm r_await rareq-sz     w/s     wkB/s   wrqm/s  %wrqm w_await wareq-sz     d/s     dkB/s   drqm/s  %drqm d_await dareq-sz     f/s f_await  aqu-sz  %util
sda              2.00      8.00     0.00   0.00   35.50     4.00   79.00   2124.00    32.00  28.83   19.08    26.89    0.00      0.00     0.00   0.00    0.00     0.00   29.00   31.38    2.49  81.20


2026년 06월 29일 22시 26분 29초
avg-cpu:  %user   %nice %system %iowait  %steal   %idle
           9.61    0.00    3.79   23.01    0.00   63.59

Device            r/s     rkB/s   rrqm/s  %rrqm r_await rareq-sz     w/s     wkB/s   wrqm/s  %wrqm w_await wareq-sz     d/s     dkB/s   drqm/s  %drqm d_await dareq-sz     f/s f_await  aqu-sz  %util
sda              0.00      0.00     0.00   0.00    0.00     0.00   97.00   2248.00    34.00  25.95   19.00    23.18    0.00      0.00     0.00   0.00    0.00     0.00   37.00   28.19    2.89 102.80


2026년 06월 29일 22시 26분 30초
avg-cpu:  %user   %nice %system %iowait  %steal   %idle
           9.24    0.00    2.78   19.75    0.00   68.23

Device            r/s     rkB/s   rrqm/s  %rrqm r_await rareq-sz     w/s     wkB/s   wrqm/s  %wrqm w_await wareq-sz     d/s     dkB/s   drqm/s  %drqm d_await dareq-sz     f/s f_await  aqu-sz  %util
sda              1.00      4.00     0.00   0.00   65.00     4.00   80.00   2088.00    30.00  27.27   19.35    26.10    0.00      0.00     0.00   0.00    0.00     0.00   23.00   40.39    2.54  92.00


2026년 06월 29일 22시 26분 31초
avg-cpu:  %user   %nice %system %iowait  %steal   %idle
           9.57    0.00    2.93   19.77    0.00   67.73

Device            r/s     rkB/s   rrqm/s  %rrqm r_await rareq-sz     w/s     wkB/s   wrqm/s  %wrqm w_await wareq-sz     d/s     dkB/s   drqm/s  %drqm d_await dareq-sz     f/s f_await  aqu-sz  %util
sda              1.00      4.00     0.00   0.00   72.00     4.00   95.00   2020.00    35.00  26.92   17.82    21.26    0.00      0.00     0.00   0.00    0.00     0.00   34.00   30.12    2.79  90.40


2026년 06월 29일 22시 26분 32초
avg-cpu:  %user   %nice %system %iowait  %steal   %idle
           9.37    0.00    3.67   21.52    0.00   65.44

Device            r/s     rkB/s   rrqm/s  %rrqm r_await rareq-sz     w/s     wkB/s   wrqm/s  %wrqm w_await wareq-sz     d/s     dkB/s   drqm/s  %drqm d_await dareq-sz     f/s f_await  aqu-sz  %util
sda              1.00      4.00     0.00   0.00   49.00     4.00  103.00   2428.00    66.00  39.05   19.21    23.57    0.00      0.00     0.00   0.00    0.00     0.00   35.00   27.26    2.98  95.20


2026년 06월 29일 22시 26분 33초
avg-cpu:  %user   %nice %system %iowait  %steal   %idle
           7.39    0.00    2.68   19.24    0.00   70.70

Device            r/s     rkB/s   rrqm/s  %rrqm r_await rareq-sz     w/s     wkB/s   wrqm/s  %wrqm w_await wareq-sz     d/s     dkB/s   drqm/s  %drqm d_await dareq-sz     f/s f_await  aqu-sz  %util
sda              1.00      4.00     0.00   0.00   42.00     4.00   76.00   1932.00    40.00  34.48   21.00    25.42    0.00      0.00     0.00   0.00    0.00     0.00   37.00   27.30    2.65  99.20


2026년 06월 29일 22시 26분 34초
avg-cpu:  %user   %nice %system %iowait  %steal   %idle
           5.81    0.00    3.03   18.18    0.00   72.98

Device            r/s     rkB/s   rrqm/s  %rrqm r_await rareq-sz     w/s     wkB/s   wrqm/s  %wrqm w_await wareq-sz     d/s     dkB/s   drqm/s  %drqm d_await dareq-sz     f/s f_await  aqu-sz  %util
sda              0.00      0.00     0.00   0.00    0.00     0.00  101.00   2264.00    33.00  24.63   16.30    22.42    0.00      0.00     0.00   0.00    0.00     0.00   33.00   28.94    2.60  96.80


2026년 06월 29일 22시 26분 35초
avg-cpu:  %user   %nice %system %iowait  %steal   %idle
           3.82    0.00    2.29   18.32    0.00   75.57

Device            r/s     rkB/s   rrqm/s  %rrqm r_await rareq-sz     w/s     wkB/s   wrqm/s  %wrqm w_await wareq-sz     d/s     dkB/s   drqm/s  %drqm d_await dareq-sz     f/s f_await  aqu-sz  %util
sda              0.00      0.00     0.00   0.00    0.00     0.00   91.00   1628.00    25.00  21.55   17.22    17.89    0.00      0.00     0.00   0.00    0.00     0.00   30.00   31.83    2.52  91.20


2026년 06월 29일 22시 26분 36초
avg-cpu:  %user   %nice %system %iowait  %steal   %idle
           7.55    0.00    2.14   15.22    0.00   75.09

Device            r/s     rkB/s   rrqm/s  %rrqm r_await rareq-sz     w/s     wkB/s   wrqm/s  %wrqm w_await wareq-sz     d/s     dkB/s   drqm/s  %drqm d_await dareq-sz     f/s f_await  aqu-sz  %util
sda              2.00      8.00     0.00   0.00   30.00     4.00   64.00   2192.00    38.00  37.25   20.62    34.25    0.00      0.00     0.00   0.00    0.00     0.00   28.00   29.89    2.22  86.40


2026년 06월 29일 22시 26분 37초
avg-cpu:  %user   %nice %system %iowait  %steal   %idle
           4.55    0.00    1.77   18.46    0.00   75.22

Device            r/s     rkB/s   rrqm/s  %rrqm r_await rareq-sz     w/s     wkB/s   wrqm/s  %wrqm w_await wareq-sz     d/s     dkB/s   drqm/s  %drqm d_await dareq-sz     f/s f_await  aqu-sz  %util
sda              1.00      8.00     1.00  50.00   51.00     8.00   78.00   2092.00    36.00  31.58   23.37    26.82    0.00      0.00     0.00   0.00    0.00     0.00   28.00   38.64    2.96 104.40


2026년 06월 29일 22시 26분 38초
avg-cpu:  %user   %nice %system %iowait  %steal   %idle
           2.15    0.00    1.14   17.36    0.00   79.34

Device            r/s     rkB/s   rrqm/s  %rrqm r_await rareq-sz     w/s     wkB/s   wrqm/s  %wrqm w_await wareq-sz     d/s     dkB/s   drqm/s  %drqm d_await dareq-sz     f/s f_await  aqu-sz  %util
sda              0.00      0.00     0.00   0.00    0.00     0.00   75.00   1496.00    31.00  29.25   19.40    19.95    0.00      0.00     0.00   0.00    0.00     0.00   27.00   35.22    2.40  87.20


2026년 06월 29일 22시 26분 39초
avg-cpu:  %user   %nice %system %iowait  %steal   %idle
           1.64    0.00    0.88   20.28    0.00   77.20

Device            r/s     rkB/s   rrqm/s  %rrqm r_await rareq-sz     w/s     wkB/s   wrqm/s  %wrqm w_await wareq-sz     d/s     dkB/s   drqm/s  %drqm d_await dareq-sz     f/s f_await  aqu-sz  %util
sda              0.00      0.00     0.00   0.00    0.00     0.00   71.00   1344.00    24.00  25.26   24.89    18.93    0.00      0.00     0.00   0.00    0.00     0.00   30.00   33.10    2.76  90.00


2026년 06월 29일 22시 26분 40초
avg-cpu:  %user   %nice %system %iowait  %steal   %idle
           1.39    0.00    0.38   17.02    0.00   81.21

Device            r/s     rkB/s   rrqm/s  %rrqm r_await rareq-sz     w/s     wkB/s   wrqm/s  %wrqm w_await wareq-sz     d/s     dkB/s   drqm/s  %drqm d_await dareq-sz     f/s f_await  aqu-sz  %util
sda              0.00      0.00     0.00   0.00    0.00     0.00   82.00   1860.00    25.00  23.36   17.72    22.68    0.00      0.00     0.00   0.00    0.00     0.00   27.00   36.00    2.43 101.60


