Linux 5.15.0-157-generic (cgda) 	2026년 06월 29일 	_x86_64_	(8 CPU)

2026년 06월 29일 22시 42분 54초
avg-cpu:  %user   %nice %system %iowait  %steal   %idle
           0.10    0.00    0.09    0.08    0.00   99.73

Device            r/s     rkB/s   rrqm/s  %rrqm r_await rareq-sz     w/s     wkB/s   wrqm/s  %wrqm w_await wareq-sz     d/s     dkB/s   drqm/s  %drqm d_await dareq-sz     f/s f_await  aqu-sz  %util
sda              0.04      0.55     0.01  25.37   31.20    15.62    1.28     14.59     0.56  30.48    7.60    11.43    0.00      0.00     0.00   0.00    0.00     0.00    0.24   17.00    0.01   0.64


2026년 06월 29일 22시 42분 55초
avg-cpu:  %user   %nice %system %iowait  %steal   %idle
           0.13    0.00    0.13    2.65    0.00   97.10

Device            r/s     rkB/s   rrqm/s  %rrqm r_await rareq-sz     w/s     wkB/s   wrqm/s  %wrqm w_await wareq-sz     d/s     dkB/s   drqm/s  %drqm d_await dareq-sz     f/s f_await  aqu-sz  %util
sda              0.00      0.00     0.00   0.00    0.00     0.00   23.00    352.00    10.00  30.30    9.65    15.30    0.00      0.00     0.00   0.00    0.00     0.00    8.00   22.12    0.40  19.20


2026년 06월 29일 22시 42분 56초
avg-cpu:  %user   %nice %system %iowait  %steal   %idle
           1.51    0.00    0.38    5.53    0.00   92.58

Device            r/s     rkB/s   rrqm/s  %rrqm r_await rareq-sz     w/s     wkB/s   wrqm/s  %wrqm w_await wareq-sz     d/s     dkB/s   drqm/s  %drqm d_await dareq-sz     f/s f_await  aqu-sz  %util
sda              0.00      0.00     0.00   0.00    0.00     0.00   35.00    632.00    16.00  31.37   12.91    18.06    0.00      0.00     0.00   0.00    0.00     0.00   18.00   22.39    0.86  42.80


2026년 06월 29일 22시 42분 57초
avg-cpu:  %user   %nice %system %iowait  %steal   %idle
          25.57    0.00    0.89    9.80    0.00   63.74

Device            r/s     rkB/s   rrqm/s  %rrqm r_await rareq-sz     w/s     wkB/s   wrqm/s  %wrqm w_await wareq-sz     d/s     dkB/s   drqm/s  %drqm d_await dareq-sz     f/s f_await  aqu-sz  %util
sda              6.00     40.00     4.00  40.00   21.17     6.67   41.00    320.00    37.00  47.44   16.32     7.80    0.00      0.00     0.00   0.00    0.00     0.00   26.00   23.73    1.41  71.20


2026년 06월 29일 22시 42분 58초
avg-cpu:  %user   %nice %system %iowait  %steal   %idle
          15.13    0.00    1.39   16.14    0.00   67.34

Device            r/s     rkB/s   rrqm/s  %rrqm r_await rareq-sz     w/s     wkB/s   wrqm/s  %wrqm w_await wareq-sz     d/s     dkB/s   drqm/s  %drqm d_await dareq-sz     f/s f_await  aqu-sz  %util
sda              1.00      4.00     0.00   0.00   39.00     4.00   86.00   1584.00    79.00  47.88   15.71    18.42    0.00      0.00     0.00   0.00    0.00     0.00   43.00   22.56    2.36  88.00


2026년 06월 29일 22시 42분 59초
avg-cpu:  %user   %nice %system %iowait  %steal   %idle
          17.99    0.00    1.01   12.20    0.00   68.81

Device            r/s     rkB/s   rrqm/s  %rrqm r_await rareq-sz     w/s     wkB/s   wrqm/s  %wrqm w_await wareq-sz     d/s     dkB/s   drqm/s  %drqm d_await dareq-sz     f/s f_await  aqu-sz  %util
sda              0.00      0.00     0.00   0.00    0.00     0.00   71.00    944.00    92.00  56.44   15.08    13.30    0.00      0.00     0.00   0.00    0.00     0.00   42.00   20.10    1.91  98.00


2026년 06월 29일 22시 43분 00초
avg-cpu:  %user   %nice %system %iowait  %steal   %idle
          19.70    0.00    1.00   11.54    0.00   67.75

Device            r/s     rkB/s   rrqm/s  %rrqm r_await rareq-sz     w/s     wkB/s   wrqm/s  %wrqm w_await wareq-sz     d/s     dkB/s   drqm/s  %drqm d_await dareq-sz     f/s f_await  aqu-sz  %util
sda              0.00      0.00     0.00   0.00    0.00     0.00   74.00   1096.00    93.00  55.69   14.41    14.81    0.00      0.00     0.00   0.00    0.00     0.00   40.00   21.98    1.95  91.60


2026년 06월 29일 22시 43분 01초
avg-cpu:  %user   %nice %system %iowait  %steal   %idle
          19.55    0.00    1.00   13.16    0.00   66.29

Device            r/s     rkB/s   rrqm/s  %rrqm r_await rareq-sz     w/s     wkB/s   wrqm/s  %wrqm w_await wareq-sz     d/s     dkB/s   drqm/s  %drqm d_await dareq-sz     f/s f_await  aqu-sz  %util
sda              1.00      4.00     0.00   0.00    1.00     4.00   87.00   1136.00    72.00  45.28   13.97    13.06    0.00      0.00     0.00   0.00    0.00     0.00   36.00   25.39    2.13  94.00


2026년 06월 29일 22시 43분 02초
avg-cpu:  %user   %nice %system %iowait  %steal   %idle
          19.35    0.00    1.01   13.94    0.00   65.70

Device            r/s     rkB/s   rrqm/s  %rrqm r_await rareq-sz     w/s     wkB/s   wrqm/s  %wrqm w_await wareq-sz     d/s     dkB/s   drqm/s  %drqm d_await dareq-sz     f/s f_await  aqu-sz  %util
sda              1.00      4.00     0.00   0.00    0.00     4.00   78.00   1248.00    89.00  53.29   15.45    16.00    0.00      0.00     0.00   0.00    0.00     0.00   41.00   21.37    2.08  92.40


2026년 06월 29일 22시 43분 03초
avg-cpu:  %user   %nice %system %iowait  %steal   %idle
          20.58    0.00    1.38   12.92    0.00   65.12

Device            r/s     rkB/s   rrqm/s  %rrqm r_await rareq-sz     w/s     wkB/s   wrqm/s  %wrqm w_await wareq-sz     d/s     dkB/s   drqm/s  %drqm d_await dareq-sz     f/s f_await  aqu-sz  %util
sda              1.00      4.00     0.00   0.00    6.00     4.00   72.00   1288.00    86.00  54.43   15.46    17.89    0.00      0.00     0.00   0.00    0.00     0.00   39.00   22.72    2.00  92.00


2026년 06월 29일 22시 43분 04초
avg-cpu:  %user   %nice %system %iowait  %steal   %idle
          21.86    0.00    1.26   13.69    0.00   63.19

Device            r/s     rkB/s   rrqm/s  %rrqm r_await rareq-sz     w/s     wkB/s   wrqm/s  %wrqm w_await wareq-sz     d/s     dkB/s   drqm/s  %drqm d_await dareq-sz     f/s f_await  aqu-sz  %util
sda              1.00      4.00     0.00   0.00    0.00     4.00   77.00   1352.00    91.00  54.17   15.34    17.56    0.00      0.00     0.00   0.00    0.00     0.00   44.00   21.09    2.11  93.20


2026년 06월 29일 22시 43분 05초
avg-cpu:  %user   %nice %system %iowait  %steal   %idle
          17.11    0.00    1.76   14.59    0.00   66.54

Device            r/s     rkB/s   rrqm/s  %rrqm r_await rareq-sz     w/s     wkB/s   wrqm/s  %wrqm w_await wareq-sz     d/s     dkB/s   drqm/s  %drqm d_await dareq-sz     f/s f_await  aqu-sz  %util
sda              0.00      0.00     0.00   0.00    0.00     0.00   65.00   9352.00    67.00  50.76   21.23   143.88    0.00      0.00     0.00   0.00    0.00     0.00   33.00   23.55    2.16  97.20


2026년 06월 29일 22시 43분 06초
avg-cpu:  %user   %nice %system %iowait  %steal   %idle
          18.21    0.00    1.41   10.64    0.00   69.74

Device            r/s     rkB/s   rrqm/s  %rrqm r_await rareq-sz     w/s     wkB/s   wrqm/s  %wrqm w_await wareq-sz     d/s     dkB/s   drqm/s  %drqm d_await dareq-sz     f/s f_await  aqu-sz  %util
sda             13.00    100.00    12.00  48.00   14.77     7.69   54.00   1324.00    58.00  51.79   13.46    24.52    0.00      0.00     0.00   0.00    0.00     0.00   27.00   22.19    1.52  80.40


2026년 06월 29일 22시 43분 07초
avg-cpu:  %user   %nice %system %iowait  %steal   %idle
          14.81    0.00    1.06   13.89    0.00   70.24

Device            r/s     rkB/s   rrqm/s  %rrqm r_await rareq-sz     w/s     wkB/s   wrqm/s  %wrqm w_await wareq-sz     d/s     dkB/s   drqm/s  %drqm d_await dareq-sz     f/s f_await  aqu-sz  %util
sda              2.00      8.00     0.00   0.00   16.50     4.00   82.00   1608.00    82.00  50.00   14.30    19.61    0.00      0.00     0.00   0.00    0.00     0.00   40.00   19.20    1.97  79.60


2026년 06월 29일 22시 43분 08초
avg-cpu:  %user   %nice %system %iowait  %steal   %idle
          13.25    0.00    2.12   11.66    0.00   72.98

Device            r/s     rkB/s   rrqm/s  %rrqm r_await rareq-sz     w/s     wkB/s   wrqm/s  %wrqm w_await wareq-sz     d/s     dkB/s   drqm/s  %drqm d_await dareq-sz     f/s f_await  aqu-sz  %util
sda              1.00      4.00     0.00   0.00    0.00     4.00   76.00   1584.00   102.00  57.30   12.36    20.84    0.00      0.00     0.00   0.00    0.00     0.00   35.00   21.66    1.70  80.80


2026년 06월 29일 22시 43분 09초
avg-cpu:  %user   %nice %system %iowait  %steal   %idle
          10.99    0.00    1.18   11.39    0.00   76.44

Device            r/s     rkB/s   rrqm/s  %rrqm r_await rareq-sz     w/s     wkB/s   wrqm/s  %wrqm w_await wareq-sz     d/s     dkB/s   drqm/s  %drqm d_await dareq-sz     f/s f_await  aqu-sz  %util
sda              1.00      4.00     0.00   0.00   24.00     4.00   76.00   1536.00    72.00  48.65   13.26    20.21    0.00      0.00     0.00   0.00    0.00     0.00   37.00   21.05    1.81  85.60


2026년 06월 29일 22시 43분 10초
avg-cpu:  %user   %nice %system %iowait  %steal   %idle
           7.57    0.00    0.95   11.08    0.00   80.41

Device            r/s     rkB/s   rrqm/s  %rrqm r_await rareq-sz     w/s     wkB/s   wrqm/s  %wrqm w_await wareq-sz     d/s     dkB/s   drqm/s  %drqm d_await dareq-sz     f/s f_await  aqu-sz  %util
sda              1.00      4.00     0.00   0.00    0.00     4.00   70.00   2540.00    70.00  50.00   12.93    36.29    0.00      0.00     0.00   0.00    0.00     0.00   35.00   20.11    1.61  78.00


2026년 06월 29일 22시 43분 11초
avg-cpu:  %user   %nice %system %iowait  %steal   %idle
           7.70    0.00    2.52   11.95    0.00   77.82

Device            r/s     rkB/s   rrqm/s  %rrqm r_await rareq-sz     w/s     wkB/s   wrqm/s  %wrqm w_await wareq-sz     d/s     dkB/s   drqm/s  %drqm d_await dareq-sz     f/s f_await  aqu-sz  %util
sda              2.00     20.00     3.00  60.00   25.00    10.00   77.00   2640.00    65.00  45.77   13.23    34.29    0.00      0.00     0.00   0.00    0.00     0.00   39.00   19.79    1.84  82.00


2026년 06월 29일 22시 43분 12초
avg-cpu:  %user   %nice %system %iowait  %steal   %idle
          15.14    0.00    0.78   12.66    0.00   71.41

Device            r/s     rkB/s   rrqm/s  %rrqm r_await rareq-sz     w/s     wkB/s   wrqm/s  %wrqm w_await wareq-sz     d/s     dkB/s   drqm/s  %drqm d_await dareq-sz     f/s f_await  aqu-sz  %util
sda              2.00     12.00     1.00  33.33    9.50     6.00   81.00   1444.00    90.00  52.63   13.99    17.83    0.00      0.00     0.00   0.00    0.00     0.00   39.00   21.23    1.98  76.40


2026년 06월 29일 22시 43분 13초
avg-cpu:  %user   %nice %system %iowait  %steal   %idle
          12.17    0.00    0.53   15.87    0.00   71.43

Device            r/s     rkB/s   rrqm/s  %rrqm r_await rareq-sz     w/s     wkB/s   wrqm/s  %wrqm w_await wareq-sz     d/s     dkB/s   drqm/s  %drqm d_await dareq-sz     f/s f_await  aqu-sz  %util
sda              0.00      0.00     0.00   0.00    0.00     0.00   87.00   1688.00    92.00  51.40   17.43    19.40    0.00      0.00     0.00   0.00    0.00     0.00   41.00   20.32    2.35  87.60


2026년 06월 29일 22시 43분 14초
avg-cpu:  %user   %nice %system %iowait  %steal   %idle
          13.73    0.00    0.65   13.86    0.00   71.76

Device            r/s     rkB/s   rrqm/s  %rrqm r_await rareq-sz     w/s     wkB/s   wrqm/s  %wrqm w_await wareq-sz     d/s     dkB/s   drqm/s  %drqm d_await dareq-sz     f/s f_await  aqu-sz  %util
sda              1.00      4.00     0.00   0.00   21.00     4.00   79.00   1472.00    87.00  52.41   14.32    18.63    0.00      0.00     0.00   0.00    0.00     0.00   38.00   21.89    1.98  93.20


2026년 06월 29일 22시 43분 15초
avg-cpu:  %user   %nice %system %iowait  %steal   %idle
          13.65    0.00    1.05   13.25    0.00   72.05

Device            r/s     rkB/s   rrqm/s  %rrqm r_await rareq-sz     w/s     wkB/s   wrqm/s  %wrqm w_await wareq-sz     d/s     dkB/s   drqm/s  %drqm d_await dareq-sz     f/s f_await  aqu-sz  %util
sda              2.00      8.00     0.00   0.00   11.00     4.00   77.00   1572.00    87.00  53.05   13.74    20.42    0.00      0.00     0.00   0.00    0.00     0.00   37.00   20.24    1.83  81.20


2026년 06월 29일 22시 43분 16초
avg-cpu:  %user   %nice %system %iowait  %steal   %idle
          14.80    0.00    0.26   14.80    0.00   70.15

Device            r/s     rkB/s   rrqm/s  %rrqm r_await rareq-sz     w/s     wkB/s   wrqm/s  %wrqm w_await wareq-sz     d/s     dkB/s   drqm/s  %drqm d_await dareq-sz     f/s f_await  aqu-sz  %util
sda              1.00      4.00     0.00   0.00   28.00     4.00   65.00   1456.00    65.00  50.00   18.66    22.40    0.00      0.00     0.00   0.00    0.00     0.00   29.00   31.93    2.17  84.40


2026년 06월 29일 22시 43분 17초
avg-cpu:  %user   %nice %system %iowait  %steal   %idle
           6.55    0.00    0.67   14.84    0.00   77.94

Device            r/s     rkB/s   rrqm/s  %rrqm r_await rareq-sz     w/s     wkB/s   wrqm/s  %wrqm w_await wareq-sz     d/s     dkB/s   drqm/s  %drqm d_await dareq-sz     f/s f_await  aqu-sz  %util
sda              3.00     12.00     0.00   0.00   29.00     4.00   66.00   1448.00    57.00  46.34   16.32    21.94    0.00      0.00     0.00   0.00    0.00     0.00   33.00   21.70    1.88  80.00


2026년 06월 29일 22시 43분 18초
avg-cpu:  %user   %nice %system %iowait  %steal   %idle
           9.38    0.00    1.74   14.21    0.00   74.66

Device            r/s     rkB/s   rrqm/s  %rrqm r_await rareq-sz     w/s     wkB/s   wrqm/s  %wrqm w_await wareq-sz     d/s     dkB/s   drqm/s  %drqm d_await dareq-sz     f/s f_await  aqu-sz  %util
sda              2.00      8.00     0.00   0.00   19.50     4.00   68.00   2608.00    75.00  52.45   16.71    38.35    0.00      0.00     0.00   0.00    0.00     0.00   33.00   22.27    1.91  82.40


2026년 06월 29일 22시 43분 19초
avg-cpu:  %user   %nice %system %iowait  %steal   %idle
          10.44    0.00    1.19   17.17    0.00   71.20

Device            r/s     rkB/s   rrqm/s  %rrqm r_await rareq-sz     w/s     wkB/s   wrqm/s  %wrqm w_await wareq-sz     d/s     dkB/s   drqm/s  %drqm d_await dareq-sz     f/s f_await  aqu-sz  %util
sda              1.00      4.00     0.00   0.00   29.00     4.00   79.00   1660.00    69.00  46.62   17.62    21.01    0.00      0.00     0.00   0.00    0.00     0.00   35.00   24.14    2.27  84.80


2026년 06월 29일 22시 43분 20초
avg-cpu:  %user   %nice %system %iowait  %steal   %idle
          10.85    0.00    0.93   13.89    0.00   74.34

Device            r/s     rkB/s   rrqm/s  %rrqm r_await rareq-sz     w/s     wkB/s   wrqm/s  %wrqm w_await wareq-sz     d/s     dkB/s   drqm/s  %drqm d_await dareq-sz     f/s f_await  aqu-sz  %util
sda              1.00     12.00     2.00  66.67    1.00    12.00   72.00   1368.00    73.00  50.34   15.64    19.00    0.00      0.00     0.00   0.00    0.00     0.00   35.00   22.46    1.91  81.60


2026년 06월 29일 22시 43분 21초
avg-cpu:  %user   %nice %system %iowait  %steal   %idle
          18.48    0.00    0.92   18.74    0.00   61.86

Device            r/s     rkB/s   rrqm/s  %rrqm r_await rareq-sz     w/s     wkB/s   wrqm/s  %wrqm w_await wareq-sz     d/s     dkB/s   drqm/s  %drqm d_await dareq-sz     f/s f_await  aqu-sz  %util
sda              2.00     12.00     1.00  33.33    2.00     6.00  100.00   1604.00    72.00  41.86   52.36    16.04    0.00      0.00     0.00   0.00    0.00     0.00   28.00   30.43    6.09  90.00


2026년 06월 29일 22시 43분 22초
avg-cpu:  %user   %nice %system %iowait  %steal   %idle
           9.21    0.00    0.92   13.42    0.00   76.45

Device            r/s     rkB/s   rrqm/s  %rrqm r_await rareq-sz     w/s     wkB/s   wrqm/s  %wrqm w_await wareq-sz     d/s     dkB/s   drqm/s  %drqm d_await dareq-sz     f/s f_await  aqu-sz  %util
sda              1.00      4.00     0.00   0.00   14.00     4.00   71.00   1348.00    87.00  55.06   15.65    18.99    0.00      0.00     0.00   0.00    0.00     0.00   36.00   23.36    1.97  89.60


2026년 06월 29일 22시 43분 23초
avg-cpu:  %user   %nice %system %iowait  %steal   %idle
          11.49    0.00    0.79   12.68    0.00   75.03

Device            r/s     rkB/s   rrqm/s  %rrqm r_await rareq-sz     w/s     wkB/s   wrqm/s  %wrqm w_await wareq-sz     d/s     dkB/s   drqm/s  %drqm d_await dareq-sz     f/s f_await  aqu-sz  %util
sda              1.00      4.00     0.00   0.00    1.00     4.00   68.00   1264.00    84.00  55.26   15.65    18.59    0.00      0.00     0.00   0.00    0.00     0.00   34.00   22.74    1.84  80.00


2026년 06월 29일 22시 43분 24초
avg-cpu:  %user   %nice %system %iowait  %steal   %idle
           6.25    0.00    1.06   13.30    0.00   79.39

Device            r/s     rkB/s   rrqm/s  %rrqm r_await rareq-sz     w/s     wkB/s   wrqm/s  %wrqm w_await wareq-sz     d/s     dkB/s   drqm/s  %drqm d_await dareq-sz     f/s f_await  aqu-sz  %util
sda              3.00     20.00     2.00  40.00   21.67     6.67   62.00   4204.00    68.00  52.31   17.61    67.81    0.00      0.00     0.00   0.00    0.00     0.00   30.00   23.50    1.86  84.40


2026년 06월 29일 22시 43분 25초
avg-cpu:  %user   %nice %system %iowait  %steal   %idle
          13.98    0.00    0.40   13.46    0.00   72.16

Device            r/s     rkB/s   rrqm/s  %rrqm r_await rareq-sz     w/s     wkB/s   wrqm/s  %wrqm w_await wareq-sz     d/s     dkB/s   drqm/s  %drqm d_await dareq-sz     f/s f_await  aqu-sz  %util
sda              0.99      3.96     0.00   0.00    0.00     4.00   69.31   1326.73    83.17  54.55   15.36    19.14    0.00      0.00     0.00   0.00    0.00     0.00   31.68   24.66    1.85  78.02


2026년 06월 29일 22시 43분 26초
avg-cpu:  %user   %nice %system %iowait  %steal   %idle
           5.70    0.00    1.33   12.33    0.00   80.64

Device            r/s     rkB/s   rrqm/s  %rrqm r_await rareq-sz     w/s     wkB/s   wrqm/s  %wrqm w_await wareq-sz     d/s     dkB/s   drqm/s  %drqm d_await dareq-sz     f/s f_await  aqu-sz  %util
sda              1.00      4.00     0.00   0.00   18.00     4.00   61.00   1216.00    73.00  54.48   16.87    19.93    0.00      0.00     0.00   0.00    0.00     0.00   30.00   25.07    1.80  72.40


2026년 06월 29일 22시 43분 27초
avg-cpu:  %user   %nice %system %iowait  %steal   %idle
           7.45    0.00    0.53   19.81    0.00   72.21

Device            r/s     rkB/s   rrqm/s  %rrqm r_await rareq-sz     w/s     wkB/s   wrqm/s  %wrqm w_await wareq-sz     d/s     dkB/s   drqm/s  %drqm d_await dareq-sz     f/s f_await  aqu-sz  %util
sda              0.00      0.00     0.00   0.00    0.00     0.00   98.00   2620.00    69.00  41.32   16.36    26.73    0.00      0.00     0.00   0.00    0.00     0.00   42.00   22.19    2.54  93.60


2026년 06월 29일 22시 43분 28초
avg-cpu:  %user   %nice %system %iowait  %steal   %idle
           4.67    0.00    1.33   19.73    0.00   74.27

Device            r/s     rkB/s   rrqm/s  %rrqm r_await rareq-sz     w/s     wkB/s   wrqm/s  %wrqm w_await wareq-sz     d/s     dkB/s   drqm/s  %drqm d_await dareq-sz     f/s f_await  aqu-sz  %util
sda              1.00      4.00     0.00   0.00    5.00     4.00  110.00   2984.00    66.00  37.50   14.98    27.13    0.00      0.00     0.00   0.00    0.00     0.00   44.00   21.30    2.59  89.20


2026년 06월 29일 22시 43분 29초
avg-cpu:  %user   %nice %system %iowait  %steal   %idle
           5.04    0.00    0.66   25.73    0.00   68.57

Device            r/s     rkB/s   rrqm/s  %rrqm r_await rareq-sz     w/s     wkB/s   wrqm/s  %wrqm w_await wareq-sz     d/s     dkB/s   drqm/s  %drqm d_await dareq-sz     f/s f_await  aqu-sz  %util
sda              1.00      4.00     0.00   0.00   37.00     4.00   97.00   2128.00    66.00  40.49   21.52    21.94    0.00      0.00     0.00   0.00    0.00     0.00   46.00   22.26    3.15 100.80


2026년 06월 29일 22시 43분 30초
avg-cpu:  %user   %nice %system %iowait  %steal   %idle
           1.74    0.00    0.40   18.98    0.00   78.88

Device            r/s     rkB/s   rrqm/s  %rrqm r_await rareq-sz     w/s     wkB/s   wrqm/s  %wrqm w_await wareq-sz     d/s     dkB/s   drqm/s  %drqm d_await dareq-sz     f/s f_await  aqu-sz  %util
sda              2.00     20.00     4.00  66.67   73.00    10.00   85.00   2056.00    42.00  33.07   16.04    24.19    0.00      0.00     0.00   0.00    0.00     0.00   35.00   27.66    2.48  91.20


2026년 06월 29일 22시 43분 31초
avg-cpu:  %user   %nice %system %iowait  %steal   %idle
          11.07    0.00    0.65   17.71    0.00   70.57

Device            r/s     rkB/s   rrqm/s  %rrqm r_await rareq-sz     w/s     wkB/s   wrqm/s  %wrqm w_await wareq-sz     d/s     dkB/s   drqm/s  %drqm d_await dareq-sz     f/s f_await  aqu-sz  %util
sda              1.00      8.00     0.00   0.00   49.00     8.00   89.00   3464.00    71.00  44.38   17.91    38.92    0.00      0.00     0.00   0.00    0.00     0.00   40.00   24.12    2.61  90.80


2026년 06월 29일 22시 43분 32초
avg-cpu:  %user   %nice %system %iowait  %steal   %idle
           6.04    0.00    1.18   19.69    0.00   73.10

Device            r/s     rkB/s   rrqm/s  %rrqm r_await rareq-sz     w/s     wkB/s   wrqm/s  %wrqm w_await wareq-sz     d/s     dkB/s   drqm/s  %drqm d_await dareq-sz     f/s f_await  aqu-sz  %util
sda              1.00     16.00     3.00  75.00   46.00    16.00   81.00   2300.00    72.00  47.06   19.83    28.40    0.00      0.00     0.00   0.00    0.00     0.00   39.00   24.38    2.60  88.00


2026년 06월 29일 22시 43분 33초
avg-cpu:  %user   %nice %system %iowait  %steal   %idle
           8.02    0.00    0.53   12.75    0.00   78.71

Device            r/s     rkB/s   rrqm/s  %rrqm r_await rareq-sz     w/s     wkB/s   wrqm/s  %wrqm w_await wareq-sz     d/s     dkB/s   drqm/s  %drqm d_await dareq-sz     f/s f_await  aqu-sz  %util
sda              1.00      8.00     1.00  50.00    0.00     8.00   87.00   1760.00    76.00  46.63   13.40    20.23    0.00      0.00     0.00   0.00    0.00     0.00   37.00   21.65    1.97  82.00


2026년 06월 29일 22시 43분 34초
avg-cpu:  %user   %nice %system %iowait  %steal   %idle
           5.26    0.00    1.31   12.09    0.00   81.34

Device            r/s     rkB/s   rrqm/s  %rrqm r_await rareq-sz     w/s     wkB/s   wrqm/s  %wrqm w_await wareq-sz     d/s     dkB/s   drqm/s  %drqm d_await dareq-sz     f/s f_await  aqu-sz  %util
sda              3.00     12.00     0.00   0.00   10.67     4.00   60.00   1572.00    68.00  53.12   16.18    26.20    0.00      0.00     0.00   0.00    0.00     0.00   36.00   21.64    1.78  80.00


2026년 06월 29일 22시 43분 35초
avg-cpu:  %user   %nice %system %iowait  %steal   %idle
           9.55    0.00    0.26   19.76    0.00   70.42

Device            r/s     rkB/s   rrqm/s  %rrqm r_await rareq-sz     w/s     wkB/s   wrqm/s  %wrqm w_await wareq-sz     d/s     dkB/s   drqm/s  %drqm d_await dareq-sz     f/s f_await  aqu-sz  %util
sda              3.00     12.00     0.00   0.00   54.00     4.00   85.00   2244.00    58.00  40.56   16.84    26.40    0.00      0.00     0.00   0.00    0.00     0.00   36.00   25.72    2.52  90.80


2026년 06월 29일 22시 43분 36초
avg-cpu:  %user   %nice %system %iowait  %steal   %idle
           5.25    0.00    1.97   19.69    0.00   73.10

Device            r/s     rkB/s   rrqm/s  %rrqm r_await rareq-sz     w/s     wkB/s   wrqm/s  %wrqm w_await wareq-sz     d/s     dkB/s   drqm/s  %drqm d_await dareq-sz     f/s f_await  aqu-sz  %util
sda              1.00      4.00     0.00   0.00   57.00     4.00   88.00   2400.00    75.00  46.01   19.94    27.27    0.00      0.00     0.00   0.00    0.00     0.00   37.00   27.70    2.84  95.20


2026년 06월 29일 22시 43분 37초
avg-cpu:  %user   %nice %system %iowait  %steal   %idle
           5.06    0.00    2.78   15.17    0.00   76.99

Device            r/s     rkB/s   rrqm/s  %rrqm r_await rareq-sz     w/s     wkB/s   wrqm/s  %wrqm w_await wareq-sz     d/s     dkB/s   drqm/s  %drqm d_await dareq-sz     f/s f_await  aqu-sz  %util
sda              0.00      0.00     0.00   0.00    0.00     0.00   83.00   1640.00    43.00  34.13   15.45    19.76    0.00      0.00     0.00   0.00    0.00     0.00   38.00   24.68    2.22  96.40


2026년 06월 29일 22시 43분 38초
avg-cpu:  %user   %nice %system %iowait  %steal   %idle
           9.07    0.00    3.90   18.01    0.00   69.02

Device            r/s     rkB/s   rrqm/s  %rrqm r_await rareq-sz     w/s     wkB/s   wrqm/s  %wrqm w_await wareq-sz     d/s     dkB/s   drqm/s  %drqm d_await dareq-sz     f/s f_await  aqu-sz  %util
sda              3.00     12.00     0.00   0.00   23.00     4.00   77.00   3756.00    72.00  48.32   22.75    48.78    0.00      0.00     0.00   0.00    0.00     0.00   32.00   30.62    2.80  96.40


2026년 06월 29일 22시 43분 39초
avg-cpu:  %user   %nice %system %iowait  %steal   %idle
          12.91    0.00    1.39   19.62    0.00   66.08

Device            r/s     rkB/s   rrqm/s  %rrqm r_await rareq-sz     w/s     wkB/s   wrqm/s  %wrqm w_await wareq-sz     d/s     dkB/s   drqm/s  %drqm d_await dareq-sz     f/s f_await  aqu-sz  %util
sda              2.00      8.00     0.00   0.00   22.00     4.00   86.00   2484.00    72.00  45.57   20.17    28.88    0.00      0.00     0.00   0.00    0.00     0.00   41.00   23.49    2.74  92.40


2026년 06월 29일 22시 43분 40초
avg-cpu:  %user   %nice %system %iowait  %steal   %idle
           8.20    0.00    3.15   17.02    0.00   71.63

Device            r/s     rkB/s   rrqm/s  %rrqm r_await rareq-sz     w/s     wkB/s   wrqm/s  %wrqm w_await wareq-sz     d/s     dkB/s   drqm/s  %drqm d_await dareq-sz     f/s f_await  aqu-sz  %util
sda              0.00      0.00     0.00   0.00    0.00     0.00   81.00   1740.00    68.00  45.64   18.04    21.48    0.00      0.00     0.00   0.00    0.00     0.00   38.00   23.95    2.37  75.20


2026년 06월 29일 22시 43분 41초
avg-cpu:  %user   %nice %system %iowait  %steal   %idle
           8.91    0.00    2.93   13.36    0.00   74.81

Device            r/s     rkB/s   rrqm/s  %rrqm r_await rareq-sz     w/s     wkB/s   wrqm/s  %wrqm w_await wareq-sz     d/s     dkB/s   drqm/s  %drqm d_await dareq-sz     f/s f_await  aqu-sz  %util
sda              0.00      0.00     0.00   0.00    0.00     0.00   83.00   2200.00    54.00  39.42   12.95    26.51    0.00      0.00     0.00   0.00    0.00     0.00   36.00   22.22    1.88  86.00


2026년 06월 29일 22시 43분 42초
avg-cpu:  %user   %nice %system %iowait  %steal   %idle
           6.22    0.00    2.28   18.40    0.00   73.10

Device            r/s     rkB/s   rrqm/s  %rrqm r_await rareq-sz     w/s     wkB/s   wrqm/s  %wrqm w_await wareq-sz     d/s     dkB/s   drqm/s  %drqm d_await dareq-sz     f/s f_await  aqu-sz  %util
sda              0.00      0.00     0.00   0.00    0.00     0.00   91.00   2200.00    45.00  33.09   16.87    24.18    0.00      0.00     0.00   0.00    0.00     0.00   39.00   24.85    2.50  92.40


2026년 06월 29일 22시 43분 43초
avg-cpu:  %user   %nice %system %iowait  %steal   %idle
           8.04    0.00    3.14   18.72    0.00   70.10

Device            r/s     rkB/s   rrqm/s  %rrqm r_await rareq-sz     w/s     wkB/s   wrqm/s  %wrqm w_await wareq-sz     d/s     dkB/s   drqm/s  %drqm d_await dareq-sz     f/s f_await  aqu-sz  %util
sda              2.00     12.00     1.00  33.33   20.50     6.00   84.00   3332.00    53.00  38.69   17.95    39.67    0.00      0.00     0.00   0.00    0.00     0.00   46.00   21.24    2.53  86.00


2026년 06월 29일 22시 43분 44초
avg-cpu:  %user   %nice %system %iowait  %steal   %idle
           5.93    0.00    2.65   24.46    0.00   66.96

Device            r/s     rkB/s   rrqm/s  %rrqm r_await rareq-sz     w/s     wkB/s   wrqm/s  %wrqm w_await wareq-sz     d/s     dkB/s   drqm/s  %drqm d_await dareq-sz     f/s f_await  aqu-sz  %util
sda              1.00      8.00     1.00  50.00   33.00     8.00   98.00   2192.00    37.00  27.41   20.33    22.37    0.00      0.00     0.00   0.00    0.00     0.00   39.00   24.79    2.99  98.00


2026년 06월 29일 22시 43분 45초
avg-cpu:  %user   %nice %system %iowait  %steal   %idle
           8.12    0.00    2.92   21.57    0.00   67.39

Device            r/s     rkB/s   rrqm/s  %rrqm r_await rareq-sz     w/s     wkB/s   wrqm/s  %wrqm w_await wareq-sz     d/s     dkB/s   drqm/s  %drqm d_await dareq-sz     f/s f_await  aqu-sz  %util
sda              3.00     12.00     0.00   0.00   55.67     4.00   83.00   2796.00    68.00  45.03   21.88    33.69    0.00      0.00     0.00   0.00    0.00     0.00   39.00   24.59    2.94  90.40


2026년 06월 29일 22시 43분 46초
avg-cpu:  %user   %nice %system %iowait  %steal   %idle
           8.71    0.00    3.03   17.30    0.00   70.96

Device            r/s     rkB/s   rrqm/s  %rrqm r_await rareq-sz     w/s     wkB/s   wrqm/s  %wrqm w_await wareq-sz     d/s     dkB/s   drqm/s  %drqm d_await dareq-sz     f/s f_await  aqu-sz  %util
sda              3.00     12.00     0.00   0.00   34.33     4.00   99.00   2444.00    55.00  35.71   14.02    24.69    0.00      0.00     0.00   0.00    0.00     0.00   41.00   23.32    2.45  93.60


2026년 06월 29일 22시 43분 47초
avg-cpu:  %user   %nice %system %iowait  %steal   %idle
           9.08    0.00    2.77   18.16    0.00   69.99

Device            r/s     rkB/s   rrqm/s  %rrqm r_await rareq-sz     w/s     wkB/s   wrqm/s  %wrqm w_await wareq-sz     d/s     dkB/s   drqm/s  %drqm d_await dareq-sz     f/s f_await  aqu-sz  %util
sda              1.00      4.00     0.00   0.00    3.00     4.00   79.00   2664.00    75.00  48.70   21.18    33.72    0.00      0.00     0.00   0.00    0.00     0.00   41.00   24.20    2.67  92.00


2026년 06월 29일 22시 43분 48초
avg-cpu:  %user   %nice %system %iowait  %steal   %idle
           7.84    0.00    3.54   19.09    0.00   69.53

Device            r/s     rkB/s   rrqm/s  %rrqm r_await rareq-sz     w/s     wkB/s   wrqm/s  %wrqm w_await wareq-sz     d/s     dkB/s   drqm/s  %drqm d_await dareq-sz     f/s f_await  aqu-sz  %util
sda              1.00      4.00     0.00   0.00   60.00     4.00   84.00   3232.00    63.00  42.86   19.90    38.48    0.00      0.00     0.00   0.00    0.00     0.00   33.00   28.79    2.68  92.00


2026년 06월 29일 22시 43분 49초
avg-cpu:  %user   %nice %system %iowait  %steal   %idle
          10.03    0.00    3.30   20.18    0.00   66.50

Device            r/s     rkB/s   rrqm/s  %rrqm r_await rareq-sz     w/s     wkB/s   wrqm/s  %wrqm w_await wareq-sz     d/s     dkB/s   drqm/s  %drqm d_await dareq-sz     f/s f_await  aqu-sz  %util
sda              1.00      4.00     0.00   0.00    4.00     4.00  104.00   3100.00    73.00  41.24   17.85    29.81    0.00      0.00     0.00   0.00    0.00     0.00   44.00   22.11    2.83  93.20


2026년 06월 29일 22시 43분 50초
avg-cpu:  %user   %nice %system %iowait  %steal   %idle
           7.59    0.00    4.17   19.47    0.00   68.77

Device            r/s     rkB/s   rrqm/s  %rrqm r_await rareq-sz     w/s     wkB/s   wrqm/s  %wrqm w_await wareq-sz     d/s     dkB/s   drqm/s  %drqm d_await dareq-sz     f/s f_await  aqu-sz  %util
sda              3.00     12.00     0.00   0.00   39.67     4.00   81.00   1964.00    47.00  36.72   19.20    24.25    0.00      0.00     0.00   0.00    0.00     0.00   37.00   26.86    2.67  95.20


2026년 06월 29일 22시 43분 51초
avg-cpu:  %user   %nice %system %iowait  %steal   %idle
           9.23    0.00    2.15   17.57    0.00   71.05

Device            r/s     rkB/s   rrqm/s  %rrqm r_await rareq-sz     w/s     wkB/s   wrqm/s  %wrqm w_await wareq-sz     d/s     dkB/s   drqm/s  %drqm d_await dareq-sz     f/s f_await  aqu-sz  %util
sda              2.00      8.00     0.00   0.00   65.00     4.00   76.00   2400.00    60.00  44.12   18.39    31.58    0.00      0.00     0.00   0.00    0.00     0.00   35.00   26.69    2.46  73.60


2026년 06월 29일 22시 43분 52초
avg-cpu:  %user   %nice %system %iowait  %steal   %idle
           9.54    0.00    5.14   17.06    0.00   68.26

Device            r/s     rkB/s   rrqm/s  %rrqm r_await rareq-sz     w/s     wkB/s   wrqm/s  %wrqm w_await wareq-sz     d/s     dkB/s   drqm/s  %drqm d_await dareq-sz     f/s f_await  aqu-sz  %util
sda              1.00      4.00     0.00   0.00   29.00     4.00   95.00   2608.00    44.00  31.65   42.28    27.45    0.00      0.00     0.00   0.00    0.00     0.00   26.00   38.58    5.05  93.60


2026년 06월 29일 22시 43분 53초
avg-cpu:  %user   %nice %system %iowait  %steal   %idle
           6.97    0.00    1.52   17.49    0.00   74.02

Device            r/s     rkB/s   rrqm/s  %rrqm r_await rareq-sz     w/s     wkB/s   wrqm/s  %wrqm w_await wareq-sz     d/s     dkB/s   drqm/s  %drqm d_await dareq-sz     f/s f_await  aqu-sz  %util
sda              1.00      4.00     0.00   0.00   38.00     4.00   69.00   3008.00    41.00  37.27   22.33    43.59    0.00      0.00     0.00   0.00    0.00     0.00   39.00   23.41    2.49  86.00


2026년 06월 29일 22시 43분 54초
avg-cpu:  %user   %nice %system %iowait  %steal   %idle
           7.89    0.00    1.53   18.70    0.00   71.88

Device            r/s     rkB/s   rrqm/s  %rrqm r_await rareq-sz     w/s     wkB/s   wrqm/s  %wrqm w_await wareq-sz     d/s     dkB/s   drqm/s  %drqm d_await dareq-sz     f/s f_await  aqu-sz  %util
sda              2.00     20.00     3.00  60.00   36.00    10.00   92.00   3016.00    56.00  37.84   18.90    32.78    0.00      0.00     0.00   0.00    0.00     0.00   37.00   27.11    2.81  93.60


2026년 06월 29일 22시 43분 55초
avg-cpu:  %user   %nice %system %iowait  %steal   %idle
           7.93    0.00    2.77   17.00    0.00   72.29

Device            r/s     rkB/s   rrqm/s  %rrqm r_await rareq-sz     w/s     wkB/s   wrqm/s  %wrqm w_await wareq-sz     d/s     dkB/s   drqm/s  %drqm d_await dareq-sz     f/s f_await  aqu-sz  %util
sda              1.00     16.00     3.00  75.00   43.00    16.00   83.00   2532.00    46.00  35.66   15.94    30.51    0.00      0.00     0.00   0.00    0.00     0.00   38.00   25.55    2.34  84.00


2026년 06월 29일 22시 43분 56초
avg-cpu:  %user   %nice %system %iowait  %steal   %idle
           7.64    0.00    2.17   23.06    0.00   67.13

Device            r/s     rkB/s   rrqm/s  %rrqm r_await rareq-sz     w/s     wkB/s   wrqm/s  %wrqm w_await wareq-sz     d/s     dkB/s   drqm/s  %drqm d_await dareq-sz     f/s f_await  aqu-sz  %util
sda              1.00      4.00     0.00   0.00   33.00     4.00  111.00   2376.00    42.00  27.45   18.77    21.41    0.00      0.00     0.00   0.00    0.00     0.00   49.00   19.84    3.09 107.60


2026년 06월 29일 22시 43분 57초
avg-cpu:  %user   %nice %system %iowait  %steal   %idle
           7.50    0.00    2.41   19.19    0.00   70.90

Device            r/s     rkB/s   rrqm/s  %rrqm r_await rareq-sz     w/s     wkB/s   wrqm/s  %wrqm w_await wareq-sz     d/s     dkB/s   drqm/s  %drqm d_await dareq-sz     f/s f_await  aqu-sz  %util
sda              1.00      8.00     1.00  50.00   65.00     8.00  101.00   2652.00    41.00  28.87   15.80    26.26    0.00      0.00     0.00   0.00    0.00     0.00   36.00   25.58    2.58  91.20


2026년 06월 29일 22시 43분 58초
avg-cpu:  %user   %nice %system %iowait  %steal   %idle
           8.79    0.00    2.42   22.80    0.00   65.99

Device            r/s     rkB/s   rrqm/s  %rrqm r_await rareq-sz     w/s     wkB/s   wrqm/s  %wrqm w_await wareq-sz     d/s     dkB/s   drqm/s  %drqm d_await dareq-sz     f/s f_await  aqu-sz  %util
sda              4.00     16.00     0.00   0.00   49.75     4.00   91.00   4112.00    64.00  41.29   20.49    45.19    0.00      0.00     0.00   0.00    0.00     0.00   36.00   25.58    2.98  87.60


2026년 06월 29일 22시 43분 59초
avg-cpu:  %user   %nice %system %iowait  %steal   %idle
           7.36    0.00    3.17   17.01    0.00   72.46

Device            r/s     rkB/s   rrqm/s  %rrqm r_await rareq-sz     w/s     wkB/s   wrqm/s  %wrqm w_await wareq-sz     d/s     dkB/s   drqm/s  %drqm d_await dareq-sz     f/s f_await  aqu-sz  %util
sda              2.00      8.00     0.00   0.00  114.50     4.00   81.00   2192.00    59.00  42.14   18.06    27.06    0.00      0.00     0.00   0.00    0.00     0.00   32.00   32.06    2.72  94.40


2026년 06월 29일 22시 44분 00초
avg-cpu:  %user   %nice %system %iowait  %steal   %idle
           5.31    0.00    2.91   19.34    0.00   72.44

Device            r/s     rkB/s   rrqm/s  %rrqm r_await rareq-sz     w/s     wkB/s   wrqm/s  %wrqm w_await wareq-sz     d/s     dkB/s   drqm/s  %drqm d_await dareq-sz     f/s f_await  aqu-sz  %util
sda              3.00     16.00     1.00  25.00   39.67     5.33   75.00   3608.00    34.00  31.19   24.60    48.11    0.00      0.00     0.00   0.00    0.00     0.00   30.00   32.50    2.94  91.20


2026년 06월 29일 22시 44분 01초
avg-cpu:  %user   %nice %system %iowait  %steal   %idle
           7.35    0.00    2.15   18.12    0.00   72.37

Device            r/s     rkB/s   rrqm/s  %rrqm r_await rareq-sz     w/s     wkB/s   wrqm/s  %wrqm w_await wareq-sz     d/s     dkB/s   drqm/s  %drqm d_await dareq-sz     f/s f_await  aqu-sz  %util
sda              3.00     12.00     0.00   0.00   54.00     4.00   77.00   1432.00    28.00  26.67   18.96    18.60    0.00      0.00     0.00   0.00    0.00     0.00   25.00   36.64    2.54  85.20


2026년 06월 29일 22시 44분 02초
avg-cpu:  %user   %nice %system %iowait  %steal   %idle
           8.98    0.00    2.02   17.45    0.00   71.55

Device            r/s     rkB/s   rrqm/s  %rrqm r_await rareq-sz     w/s     wkB/s   wrqm/s  %wrqm w_await wareq-sz     d/s     dkB/s   drqm/s  %drqm d_await dareq-sz     f/s f_await  aqu-sz  %util
sda              3.00     12.00     0.00   0.00   63.00     4.00   80.00   2624.00    43.00  34.96   17.39    32.80    0.00      0.00     0.00   0.00    0.00     0.00   35.00   25.03    2.46  81.60


2026년 06월 29일 22시 44분 03초
avg-cpu:  %user   %nice %system %iowait  %steal   %idle
           9.33    0.00    1.89   17.91    0.00   70.87

Device            r/s     rkB/s   rrqm/s  %rrqm r_await rareq-sz     w/s     wkB/s   wrqm/s  %wrqm w_await wareq-sz     d/s     dkB/s   drqm/s  %drqm d_await dareq-sz     f/s f_await  aqu-sz  %util
sda              3.00     12.00     0.00   0.00   23.33     4.00   81.00   3780.00    61.00  42.96   17.96    46.67    0.00      0.00     0.00   0.00    0.00     0.00   43.00   22.37    2.49  91.20


2026년 06월 29일 22시 44분 04초
avg-cpu:  %user   %nice %system %iowait  %steal   %idle
           6.83    0.00    2.53   22.88    0.00   67.76

Device            r/s     rkB/s   rrqm/s  %rrqm r_await rareq-sz     w/s     wkB/s   wrqm/s  %wrqm w_await wareq-sz     d/s     dkB/s   drqm/s  %drqm d_await dareq-sz     f/s f_await  aqu-sz  %util
sda              2.00      8.00     0.00   0.00   54.00     4.00   81.00   3588.00    58.00  41.73   20.01    44.30    0.00      0.00     0.00   0.00    0.00     0.00   33.00   28.79    2.68  91.60


2026년 06월 29일 22시 44분 05초
avg-cpu:  %user   %nice %system %iowait  %steal   %idle
           6.41    0.00    2.64   17.34    0.00   73.62

Device            r/s     rkB/s   rrqm/s  %rrqm r_await rareq-sz     w/s     wkB/s   wrqm/s  %wrqm w_await wareq-sz     d/s     dkB/s   drqm/s  %drqm d_await dareq-sz     f/s f_await  aqu-sz  %util
sda              0.00      0.00     0.00   0.00    0.00     0.00   95.00   2344.00    36.00  27.48   14.97    24.67    0.00      0.00     0.00   0.00    0.00     0.00   41.00   23.00    2.37  90.40


2026년 06월 29일 22시 44분 06초
avg-cpu:  %user   %nice %system %iowait  %steal   %idle
           9.09    0.00    2.78   21.84    0.00   66.29

Device            r/s     rkB/s   rrqm/s  %rrqm r_await rareq-sz     w/s     wkB/s   wrqm/s  %wrqm w_await wareq-sz     d/s     dkB/s   drqm/s  %drqm d_await dareq-sz     f/s f_await  aqu-sz  %util
sda              3.00     12.00     0.00   0.00   29.33     4.00   94.00   3704.00    58.00  38.16   20.51    39.40    0.00      0.00     0.00   0.00    0.00     0.00   43.00   23.56    3.03  93.60


2026년 06월 29일 22시 44분 07초
avg-cpu:  %user   %nice %system %iowait  %steal   %idle
           7.57    0.00    2.77   17.28    0.00   72.38

Device            r/s     rkB/s   rrqm/s  %rrqm r_await rareq-sz     w/s     wkB/s   wrqm/s  %wrqm w_await wareq-sz     d/s     dkB/s   drqm/s  %drqm d_await dareq-sz     f/s f_await  aqu-sz  %util
sda              0.00      0.00     0.00   0.00    0.00     0.00   91.00   2516.00    63.00  40.91   15.20    27.65    0.00      0.00     0.00   0.00    0.00     0.00   41.00   22.78    2.32  88.40


2026년 06월 29일 22시 44분 08초
avg-cpu:  %user   %nice %system %iowait  %steal   %idle
           8.72    0.00    2.05   16.28    0.00   72.95

Device            r/s     rkB/s   rrqm/s  %rrqm r_await rareq-sz     w/s     wkB/s   wrqm/s  %wrqm w_await wareq-sz     d/s     dkB/s   drqm/s  %drqm d_await dareq-sz     f/s f_await  aqu-sz  %util
sda              1.00      4.00     0.00   0.00   26.00     4.00   81.00   2980.00    62.00  43.36   18.12    36.79    0.00      0.00     0.00   0.00    0.00     0.00   41.00   24.24    2.49  91.20


2026년 06월 29일 22시 44분 09초
avg-cpu:  %user   %nice %system %iowait  %steal   %idle
           9.30    0.00    2.42   16.43    0.00   71.85

Device            r/s     rkB/s   rrqm/s  %rrqm r_await rareq-sz     w/s     wkB/s   wrqm/s  %wrqm w_await wareq-sz     d/s     dkB/s   drqm/s  %drqm d_await dareq-sz     f/s f_await  aqu-sz  %util
sda              0.00      0.00     0.00   0.00    0.00     0.00   90.00   2232.00    63.00  41.18   16.40    24.80    0.00      0.00     0.00   0.00    0.00     0.00   33.00   29.55    2.45  90.40


2026년 06월 29일 22시 44분 10초
avg-cpu:  %user   %nice %system %iowait  %steal   %idle
           8.62    0.00    2.53   16.48    0.00   72.37

Device            r/s     rkB/s   rrqm/s  %rrqm r_await rareq-sz     w/s     wkB/s   wrqm/s  %wrqm w_await wareq-sz     d/s     dkB/s   drqm/s  %drqm d_await dareq-sz     f/s f_await  aqu-sz  %util
sda              0.00      0.00     0.00   0.00    0.00     0.00   90.00   2848.00    69.00  43.40   16.96    31.64    0.00      0.00     0.00   0.00    0.00     0.00   38.00   25.42    2.49  81.60


2026년 06월 29일 22시 44분 11초
avg-cpu:  %user   %nice %system %iowait  %steal   %idle
          10.97    0.00    2.52   12.61    0.00   73.90

Device            r/s     rkB/s   rrqm/s  %rrqm r_await rareq-sz     w/s     wkB/s   wrqm/s  %wrqm w_await wareq-sz     d/s     dkB/s   drqm/s  %drqm d_await dareq-sz     f/s f_await  aqu-sz  %util
sda              1.00     16.00     3.00  75.00   24.00    16.00   62.00   2840.00    66.00  51.56   16.11    45.81    0.00      0.00     0.00   0.00    0.00     0.00   30.00   24.60    1.76  74.80


2026년 06월 29일 22시 44분 12초
avg-cpu:  %user   %nice %system %iowait  %steal   %idle
           5.18    0.00    2.15   21.59    0.00   71.09

Device            r/s     rkB/s   rrqm/s  %rrqm r_await rareq-sz     w/s     wkB/s   wrqm/s  %wrqm w_await wareq-sz     d/s     dkB/s   drqm/s  %drqm d_await dareq-sz     f/s f_await  aqu-sz  %util
sda              2.00      8.00     0.00   0.00  104.50     4.00   80.00   1776.00    31.00  27.93   19.89    22.20    0.00      0.00     0.00   0.00    0.00     0.00   34.00   29.15    2.79  97.60


2026년 06월 29일 22시 44분 13초
avg-cpu:  %user   %nice %system %iowait  %steal   %idle
           7.76    0.00    1.65   17.56    0.00   73.03

Device            r/s     rkB/s   rrqm/s  %rrqm r_await rareq-sz     w/s     wkB/s   wrqm/s  %wrqm w_await wareq-sz     d/s     dkB/s   drqm/s  %drqm d_await dareq-sz     f/s f_await  aqu-sz  %util
sda              1.00      4.00     0.00   0.00   69.00     4.00   85.00   2772.00    55.00  39.29   18.74    32.61    0.00      0.00     0.00   0.00    0.00     0.00   39.00   25.05    2.64  86.00


2026년 06월 29일 22시 44분 14초
avg-cpu:  %user   %nice %system %iowait  %steal   %idle
          10.86    0.00    2.02   13.89    0.00   73.23

Device            r/s     rkB/s   rrqm/s  %rrqm r_await rareq-sz     w/s     wkB/s   wrqm/s  %wrqm w_await wareq-sz     d/s     dkB/s   drqm/s  %drqm d_await dareq-sz     f/s f_await  aqu-sz  %util
sda              0.00      0.00     0.00   0.00    0.00     0.00   77.00   2320.00    56.00  42.11   16.27    30.13    0.00      0.00     0.00   0.00    0.00     0.00   34.00   21.62    1.99  79.20


2026년 06월 29일 22시 44분 15초
avg-cpu:  %user   %nice %system %iowait  %steal   %idle
           7.41    0.00    3.02   20.10    0.00   69.47

Device            r/s     rkB/s   rrqm/s  %rrqm r_await rareq-sz     w/s     wkB/s   wrqm/s  %wrqm w_await wareq-sz     d/s     dkB/s   drqm/s  %drqm d_await dareq-sz     f/s f_await  aqu-sz  %util
sda              2.00     12.00     1.00  33.33   49.50     6.00   81.00   2460.00    60.00  42.55   22.49    30.37    0.00      0.00     0.00   0.00    0.00     0.00   37.00   27.30    2.93  88.80


2026년 06월 29일 22시 44분 16초
avg-cpu:  %user   %nice %system %iowait  %steal   %idle
           8.93    0.00    3.90   19.75    0.00   67.42

Device            r/s     rkB/s   rrqm/s  %rrqm r_await rareq-sz     w/s     wkB/s   wrqm/s  %wrqm w_await wareq-sz     d/s     dkB/s   drqm/s  %drqm d_await dareq-sz     f/s f_await  aqu-sz  %util
sda              4.00     28.00     0.00   0.00   44.50     7.00   83.00   3156.00    55.00  39.86   20.98    38.02    0.00      0.00     0.00   0.00    0.00     0.00   33.00   27.45    2.83  89.60


2026년 06월 29일 22시 44분 17초
avg-cpu:  %user   %nice %system %iowait  %steal   %idle
           9.62    0.00    3.42   24.68    0.00   62.28

Device            r/s     rkB/s   rrqm/s  %rrqm r_await rareq-sz     w/s     wkB/s   wrqm/s  %wrqm w_await wareq-sz     d/s     dkB/s   drqm/s  %drqm d_await dareq-sz     f/s f_await  aqu-sz  %util
sda              3.00     12.00     0.00   0.00   26.00     4.00   97.00   1916.00    50.00  34.01   31.53    19.75    0.00      0.00     0.00   0.00    0.00     0.00   35.00   28.03    4.12  89.20


2026년 06월 29일 22시 44분 18초
avg-cpu:  %user   %nice %system %iowait  %steal   %idle
          10.25    0.00    2.91    9.87    0.00   76.96

Device            r/s     rkB/s   rrqm/s  %rrqm r_await rareq-sz     w/s     wkB/s   wrqm/s  %wrqm w_await wareq-sz     d/s     dkB/s   drqm/s  %drqm d_await dareq-sz     f/s f_await  aqu-sz  %util
sda              2.00      8.00     0.00   0.00   18.50     4.00   64.00   2652.00    60.00  48.39   13.28    41.44    0.00      0.00     0.00   0.00    0.00     0.00   32.00   22.25    1.60  75.60


2026년 06월 29일 22시 44분 19초
avg-cpu:  %user   %nice %system %iowait  %steal   %idle
           7.82    0.00    3.40   17.28    0.00   71.50

Device            r/s     rkB/s   rrqm/s  %rrqm r_await rareq-sz     w/s     wkB/s   wrqm/s  %wrqm w_await wareq-sz     d/s     dkB/s   drqm/s  %drqm d_await dareq-sz     f/s f_await  aqu-sz  %util
sda              2.00      8.00     0.00   0.00   38.00     4.00   91.00   2324.00    54.00  37.24   15.11    25.54    0.00      0.00     0.00   0.00    0.00     0.00   36.00   27.06    2.42  85.20


2026년 06월 29일 22시 44분 20초
avg-cpu:  %user   %nice %system %iowait  %steal   %idle
           8.52    0.00    2.29   16.67    0.00   72.52

Device            r/s     rkB/s   rrqm/s  %rrqm r_await rareq-sz     w/s     wkB/s   wrqm/s  %wrqm w_await wareq-sz     d/s     dkB/s   drqm/s  %drqm d_await dareq-sz     f/s f_await  aqu-sz  %util
sda              1.00      4.00     0.00   0.00   77.00     4.00   92.00   3140.00    58.00  38.67   17.96    34.13    0.00      0.00     0.00   0.00    0.00     0.00   37.00   24.51    2.64  97.20


2026년 06월 29일 22시 44분 21초
avg-cpu:  %user   %nice %system %iowait  %steal   %idle
           6.82    0.00    3.54   18.18    0.00   71.46

Device            r/s     rkB/s   rrqm/s  %rrqm r_await rareq-sz     w/s     wkB/s   wrqm/s  %wrqm w_await wareq-sz     d/s     dkB/s   drqm/s  %drqm d_await dareq-sz     f/s f_await  aqu-sz  %util
sda              1.00      4.00     0.00   0.00   38.00     4.00   99.00   3688.00    51.00  34.00   15.20    37.25    0.00      0.00     0.00   0.00    0.00     0.00   44.00   22.86    2.55 102.40


2026년 06월 29일 22시 44분 22초
avg-cpu:  %user   %nice %system %iowait  %steal   %idle
           6.22    0.00    3.30   20.30    0.00   70.18

Device            r/s     rkB/s   rrqm/s  %rrqm r_await rareq-sz     w/s     wkB/s   wrqm/s  %wrqm w_await wareq-sz     d/s     dkB/s   drqm/s  %drqm d_await dareq-sz     f/s f_await  aqu-sz  %util
sda              3.00     12.00     0.00   0.00   48.00     4.00   85.00   1940.00    40.00  32.00   19.27    22.82    0.00      0.00     0.00   0.00    0.00     0.00   34.00   27.85    2.73  88.00


2026년 06월 29일 22시 44분 23초
avg-cpu:  %user   %nice %system %iowait  %steal   %idle
           9.27    0.00    3.13   19.42    0.00   68.17

Device            r/s     rkB/s   rrqm/s  %rrqm r_await rareq-sz     w/s     wkB/s   wrqm/s  %wrqm w_await wareq-sz     d/s     dkB/s   drqm/s  %drqm d_await dareq-sz     f/s f_await  aqu-sz  %util
sda             15.00    264.00     0.00   0.00   41.47    17.60   81.00   2376.00    47.00  36.72   18.68    29.33    0.00      0.00     0.00   0.00    0.00     0.00   33.00   29.30    3.10  91.60


2026년 06월 29일 22시 44분 24초
avg-cpu:  %user   %nice %system %iowait  %steal   %idle
           7.97    0.00    2.78   13.54    0.00   75.70

Device            r/s     rkB/s   rrqm/s  %rrqm r_await rareq-sz     w/s     wkB/s   wrqm/s  %wrqm w_await wareq-sz     d/s     dkB/s   drqm/s  %drqm d_await dareq-sz     f/s f_await  aqu-sz  %util
sda              2.00      8.00     0.00   0.00    0.50     4.00   89.00   3284.00    65.00  42.21   13.37    36.90    0.00      0.00     0.00   0.00    0.00     0.00   38.00   20.47    1.97  79.20


2026년 06월 29일 22시 44분 25초
avg-cpu:  %user   %nice %system %iowait  %steal   %idle
           6.35    0.00    2.54   17.39    0.00   73.73

Device            r/s     rkB/s   rrqm/s  %rrqm r_await rareq-sz     w/s     wkB/s   wrqm/s  %wrqm w_await wareq-sz     d/s     dkB/s   drqm/s  %drqm d_await dareq-sz     f/s f_await  aqu-sz  %util
sda              1.00      4.00     0.00   0.00    2.00     4.00   81.00   1592.00    57.00  41.30   17.95    19.65    0.00      0.00     0.00   0.00    0.00     0.00   50.00   18.84    2.40  94.40


2026년 06월 29일 22시 44분 26초
avg-cpu:  %user   %nice %system %iowait  %steal   %idle
           6.31    0.00    3.03   13.89    0.00   76.77

Device            r/s     rkB/s   rrqm/s  %rrqm r_await rareq-sz     w/s     wkB/s   wrqm/s  %wrqm w_await wareq-sz     d/s     dkB/s   drqm/s  %drqm d_await dareq-sz     f/s f_await  aqu-sz  %util
sda              0.00      0.00     0.00   0.00    0.00     0.00   83.00   1332.00   110.00  56.99   13.86    16.05    0.00      0.00     0.00   0.00    0.00     0.00   75.00   13.05    2.13 102.00


2026년 06월 29일 22시 44분 27초
avg-cpu:  %user   %nice %system %iowait  %steal   %idle
          10.37    0.00    2.28   18.96    0.00   68.39

Device            r/s     rkB/s   rrqm/s  %rrqm r_await rareq-sz     w/s     wkB/s   wrqm/s  %wrqm w_await wareq-sz     d/s     dkB/s   drqm/s  %drqm d_await dareq-sz     f/s f_await  aqu-sz  %util
sda              3.00     12.00     0.00   0.00   23.00     4.00   78.00   3188.00    48.00  38.10   18.04    40.87    0.00      0.00     0.00   0.00    0.00     0.00   34.00   25.35    2.34  75.20


2026년 06월 29일 22시 44분 28초
avg-cpu:  %user   %nice %system %iowait  %steal   %idle
          11.34    0.00    3.15   15.24    0.00   70.28

Device            r/s     rkB/s   rrqm/s  %rrqm r_await rareq-sz     w/s     wkB/s   wrqm/s  %wrqm w_await wareq-sz     d/s     dkB/s   drqm/s  %drqm d_await dareq-sz     f/s f_await  aqu-sz  %util
sda              5.00     60.00     0.00   0.00   23.80    12.00   81.00   3652.00    53.00  39.55   13.99    45.09    0.00      0.00     0.00   0.00    0.00     0.00   27.00   30.41    2.07  76.80


2026년 06월 29일 22시 44분 29초
avg-cpu:  %user   %nice %system %iowait  %steal   %idle
           8.67    0.00    4.02   14.82    0.00   72.49

Device            r/s     rkB/s   rrqm/s  %rrqm r_await rareq-sz     w/s     wkB/s   wrqm/s  %wrqm w_await wareq-sz     d/s     dkB/s   drqm/s  %drqm d_await dareq-sz     f/s f_await  aqu-sz  %util
sda              2.00      8.00     0.00   0.00   64.00     4.00   88.00   3444.00    56.00  38.89   16.57    39.14    0.00      0.00     0.00   0.00    0.00     0.00   41.00   23.46    2.55 105.20


2026년 06월 29일 22시 44분 30초
avg-cpu:  %user   %nice %system %iowait  %steal   %idle
           6.21    0.00    2.28   15.84    0.00   75.67

Device            r/s     rkB/s   rrqm/s  %rrqm r_await rareq-sz     w/s     wkB/s   wrqm/s  %wrqm w_await wareq-sz     d/s     dkB/s   drqm/s  %drqm d_await dareq-sz     f/s f_await  aqu-sz  %util
sda              0.00      0.00     0.00   0.00    0.00     0.00   95.00   2296.00    44.00  31.65   16.48    24.17    0.00      0.00     0.00   0.00    0.00     0.00   34.00   27.41    2.50  88.00


2026년 06월 29일 22시 44분 31초
avg-cpu:  %user   %nice %system %iowait  %steal   %idle
          10.83    0.00    2.77   16.75    0.00   69.65

Device            r/s     rkB/s   rrqm/s  %rrqm r_await rareq-sz     w/s     wkB/s   wrqm/s  %wrqm w_await wareq-sz     d/s     dkB/s   drqm/s  %drqm d_await dareq-sz     f/s f_await  aqu-sz  %util
sda              4.00     24.00     2.00  33.33   45.50     6.00   83.00   2564.00    52.00  38.52   17.34    30.89    0.00      0.00     0.00   0.00    0.00     0.00   41.00   24.12    2.61  95.20


2026년 06월 29일 22시 44분 32초
avg-cpu:  %user   %nice %system %iowait  %steal   %idle
           7.06    0.00    2.90   18.66    0.00   71.37

Device            r/s     rkB/s   rrqm/s  %rrqm r_await rareq-sz     w/s     wkB/s   wrqm/s  %wrqm w_await wareq-sz     d/s     dkB/s   drqm/s  %drqm d_await dareq-sz     f/s f_await  aqu-sz  %util
sda              2.00      8.00     0.00   0.00   38.50     4.00   87.00   2304.00    36.00  29.27   16.99    26.48    0.00      0.00     0.00   0.00    0.00     0.00   32.00   29.94    2.51  94.40


2026년 06월 29일 22시 44분 33초
avg-cpu:  %user   %nice %system %iowait  %steal   %idle
           6.73    0.00    2.79   20.69    0.00   69.80

Device            r/s     rkB/s   rrqm/s  %rrqm r_await rareq-sz     w/s     wkB/s   wrqm/s  %wrqm w_await wareq-sz     d/s     dkB/s   drqm/s  %drqm d_await dareq-sz     f/s f_await  aqu-sz  %util
sda              0.00      0.00     0.00   0.00    0.00     0.00   89.00   2076.00    29.00  24.58   22.61    23.33    0.00      0.00     0.00   0.00    0.00     0.00   20.00   51.05    3.03  79.60


2026년 06월 29일 22시 44분 34초
avg-cpu:  %user   %nice %system %iowait  %steal   %idle
           8.10    0.00    2.78   16.33    0.00   72.78

Device            r/s     rkB/s   rrqm/s  %rrqm r_await rareq-sz     w/s     wkB/s   wrqm/s  %wrqm w_await wareq-sz     d/s     dkB/s   drqm/s  %drqm d_await dareq-sz     f/s f_await  aqu-sz  %util
sda              2.00      8.00     0.00   0.00   18.50     4.00   89.00   3680.00    53.00  37.32   16.52    41.35    0.00      0.00     0.00   0.00    0.00     0.00   41.00   23.51    2.47  95.60


2026년 06월 29일 22시 44분 35초
avg-cpu:  %user   %nice %system %iowait  %steal   %idle
           8.67    0.00    3.64   17.21    0.00   70.48

Device            r/s     rkB/s   rrqm/s  %rrqm r_await rareq-sz     w/s     wkB/s   wrqm/s  %wrqm w_await wareq-sz     d/s     dkB/s   drqm/s  %drqm d_await dareq-sz     f/s f_await  aqu-sz  %util
sda              1.00      4.00     0.00   0.00   79.00     4.00   75.00   1660.00    27.00  26.47   19.29    22.13    0.00      0.00     0.00   0.00    0.00     0.00   30.00   30.87    2.45  98.00


2026년 06월 29일 22시 44분 36초
avg-cpu:  %user   %nice %system %iowait  %steal   %idle
           7.86    0.00    2.79   18.50    0.00   70.85

Device            r/s     rkB/s   rrqm/s  %rrqm r_await rareq-sz     w/s     wkB/s   wrqm/s  %wrqm w_await wareq-sz     d/s     dkB/s   drqm/s  %drqm d_await dareq-sz     f/s f_await  aqu-sz  %util
sda              0.00      0.00     0.00   0.00    0.00     0.00   97.00   2264.00    39.00  28.68   16.60    23.34    0.00      0.00     0.00   0.00    0.00     0.00   39.00   25.36    2.60  94.80


2026년 06월 29일 22시 44분 37초
avg-cpu:  %user   %nice %system %iowait  %steal   %idle
           6.82    0.00    3.28   18.31    0.00   71.59

Device            r/s     rkB/s   rrqm/s  %rrqm r_await rareq-sz     w/s     wkB/s   wrqm/s  %wrqm w_await wareq-sz     d/s     dkB/s   drqm/s  %drqm d_await dareq-sz     f/s f_await  aqu-sz  %util
sda              1.00      4.00     0.00   0.00   26.00     4.00   81.00   1932.00    38.00  31.93   20.12    23.85    0.00      0.00     0.00   0.00    0.00     0.00   34.00   28.79    2.64 100.40


2026년 06월 29일 22시 44분 38초
avg-cpu:  %user   %nice %system %iowait  %steal   %idle
           8.10    0.00    3.16   18.10    0.00   70.63

Device            r/s     rkB/s   rrqm/s  %rrqm r_await rareq-sz     w/s     wkB/s   wrqm/s  %wrqm w_await wareq-sz     d/s     dkB/s   drqm/s  %drqm d_await dareq-sz     f/s f_await  aqu-sz  %util
sda              1.00      4.00     0.00   0.00  105.00     4.00   66.00   2328.00    54.00  45.00   23.35    35.27    0.00      0.00     0.00   0.00    0.00     0.00   29.00   34.34    2.64  90.80


2026년 06월 29일 22시 44분 39초
avg-cpu:  %user   %nice %system %iowait  %steal   %idle
           8.85    0.00    3.41   15.55    0.00   72.19

Device            r/s     rkB/s   rrqm/s  %rrqm r_await rareq-sz     w/s     wkB/s   wrqm/s  %wrqm w_await wareq-sz     d/s     dkB/s   drqm/s  %drqm d_await dareq-sz     f/s f_await  aqu-sz  %util
sda              2.00      8.00     0.00   0.00   31.00     4.00   73.00   2412.00    51.00  41.13   16.52    33.04    0.00      0.00     0.00   0.00    0.00     0.00   27.00   30.63    2.10  90.00


2026년 06월 29일 22시 44분 40초
avg-cpu:  %user   %nice %system %iowait  %steal   %idle
           6.55    0.00    3.40   18.26    0.00   71.79

Device            r/s     rkB/s   rrqm/s  %rrqm r_await rareq-sz     w/s     wkB/s   wrqm/s  %wrqm w_await wareq-sz     d/s     dkB/s   drqm/s  %drqm d_await dareq-sz     f/s f_await  aqu-sz  %util
sda              2.00     24.00     4.00  66.67   32.00    12.00   77.00   1512.00    30.00  28.04   23.30    19.64    0.00      0.00     0.00   0.00    0.00     0.00   31.00   33.52    2.90  93.60


2026년 06월 29일 22시 44분 41초
avg-cpu:  %user   %nice %system %iowait  %steal   %idle
           8.09    0.00    2.65   18.46    0.00   70.80

Device            r/s     rkB/s   rrqm/s  %rrqm r_await rareq-sz     w/s     wkB/s   wrqm/s  %wrqm w_await wareq-sz     d/s     dkB/s   drqm/s  %drqm d_await dareq-sz     f/s f_await  aqu-sz  %util
sda              2.00      8.00     0.00   0.00   42.00     4.00   69.00   2964.00    42.00  37.84   19.42    42.96    0.00      0.00     0.00   0.00    0.00     0.00   30.00   31.77    2.38  89.20


2026년 06월 29일 22시 44분 42초
avg-cpu:  %user   %nice %system %iowait  %steal   %idle
           9.33    0.00    3.28   13.62    0.00   73.77

Device            r/s     rkB/s   rrqm/s  %rrqm r_await rareq-sz     w/s     wkB/s   wrqm/s  %wrqm w_await wareq-sz     d/s     dkB/s   drqm/s  %drqm d_await dareq-sz     f/s f_await  aqu-sz  %util
sda              1.00      4.00     0.00   0.00   25.00     4.00   73.00   6116.00    46.00  38.66   21.00    83.78    0.00      0.00     0.00   0.00    0.00     0.00   28.00   26.50    2.30  81.60


2026년 06월 29일 22시 44분 43초
avg-cpu:  %user   %nice %system %iowait  %steal   %idle
           7.87    0.00    2.66   12.69    0.00   76.78

Device            r/s     rkB/s   rrqm/s  %rrqm r_await rareq-sz     w/s     wkB/s   wrqm/s  %wrqm w_await wareq-sz     d/s     dkB/s   drqm/s  %drqm d_await dareq-sz     f/s f_await  aqu-sz  %util
sda              4.00     16.00     0.00   0.00   10.25     4.00   78.00   2900.00    39.00  33.33   13.31    37.18    0.00      0.00     0.00   0.00    0.00     0.00   22.00   30.91    1.76  73.60


2026년 06월 29일 22시 44분 44초
avg-cpu:  %user   %nice %system %iowait  %steal   %idle
           6.82    0.00    2.53   18.43    0.00   72.22

Device            r/s     rkB/s   rrqm/s  %rrqm r_await rareq-sz     w/s     wkB/s   wrqm/s  %wrqm w_await wareq-sz     d/s     dkB/s   drqm/s  %drqm d_await dareq-sz     f/s f_await  aqu-sz  %util
sda              1.00      4.00     0.00   0.00   33.00     4.00   71.00   1532.00    34.00  32.38   21.25    21.58    0.00      0.00     0.00   0.00    0.00     0.00   33.00   30.39    2.54 100.00


2026년 06월 29일 22시 44분 45초
avg-cpu:  %user   %nice %system %iowait  %steal   %idle
           9.36    0.00    2.65   17.83    0.00   70.16

Device            r/s     rkB/s   rrqm/s  %rrqm r_await rareq-sz     w/s     wkB/s   wrqm/s  %wrqm w_await wareq-sz     d/s     dkB/s   drqm/s  %drqm d_await dareq-sz     f/s f_await  aqu-sz  %util
sda              5.00     28.00     2.00  28.57   32.00     5.60   73.00   3728.00    50.00  40.65   18.67    51.07    0.00      0.00     0.00   0.00    0.00     0.00   33.00   28.48    2.46  96.40


2026년 06월 29일 22시 44분 46초
avg-cpu:  %user   %nice %system %iowait  %steal   %idle
           8.54    0.00    2.76   22.99    0.00   65.70

Device            r/s     rkB/s   rrqm/s  %rrqm r_await rareq-sz     w/s     wkB/s   wrqm/s  %wrqm w_await wareq-sz     d/s     dkB/s   drqm/s  %drqm d_await dareq-sz     f/s f_await  aqu-sz  %util
sda              3.00     12.00     0.00   0.00   68.33     4.00   86.00   2096.00    36.00  29.51   21.06    24.37    0.00      0.00     0.00   0.00    0.00     0.00   29.00   33.17    2.98  90.80


2026년 06월 29일 22시 44분 47초
avg-cpu:  %user   %nice %system %iowait  %steal   %idle
           7.36    0.00    2.92   30.46    0.00   59.26

Device            r/s     rkB/s   rrqm/s  %rrqm r_await rareq-sz     w/s     wkB/s   wrqm/s  %wrqm w_await wareq-sz     d/s     dkB/s   drqm/s  %drqm d_await dareq-sz     f/s f_await  aqu-sz  %util
sda              2.00      8.00     0.00   0.00   97.50     4.00  120.00   5988.00    30.00  20.00   50.00    49.90    0.00      0.00     0.00   0.00    0.00     0.00   25.00   36.64    7.11  91.20


2026년 06월 29일 22시 44분 48초
avg-cpu:  %user   %nice %system %iowait  %steal   %idle
           8.71    0.00    3.66   19.57    0.00   68.06

Device            r/s     rkB/s   rrqm/s  %rrqm r_await rareq-sz     w/s     wkB/s   wrqm/s  %wrqm w_await wareq-sz     d/s     dkB/s   drqm/s  %drqm d_await dareq-sz     f/s f_await  aqu-sz  %util
sda              1.00      4.00     0.00   0.00   60.00     4.00   96.00   2828.00    59.00  38.06   30.42    29.46    0.00      0.00     0.00   0.00    0.00     0.00   30.00   33.27    3.98 102.00


2026년 06월 29일 22시 44분 49초
avg-cpu:  %user   %nice %system %iowait  %steal   %idle
           8.63    0.00    2.92   14.34    0.00   74.11

Device            r/s     rkB/s   rrqm/s  %rrqm r_await rareq-sz     w/s     wkB/s   wrqm/s  %wrqm w_await wareq-sz     d/s     dkB/s   drqm/s  %drqm d_await dareq-sz     f/s f_await  aqu-sz  %util
sda              1.00      4.00     0.00   0.00   51.00     4.00   93.00   2204.00    54.00  36.73   13.55    23.70    0.00      0.00     0.00   0.00    0.00     0.00   39.00   25.21    2.29  94.40


2026년 06월 29일 22시 44분 50초
avg-cpu:  %user   %nice %system %iowait  %steal   %idle
           9.56    0.00    3.14   15.22    0.00   72.08

Device            r/s     rkB/s   rrqm/s  %rrqm r_await rareq-sz     w/s     wkB/s   wrqm/s  %wrqm w_await wareq-sz     d/s     dkB/s   drqm/s  %drqm d_await dareq-sz     f/s f_await  aqu-sz  %util
sda              2.00     24.00     4.00  66.67   19.50    12.00   80.00   3644.00    62.00  43.66   17.38    45.55    0.00      0.00     0.00   0.00    0.00     0.00   32.00   30.12    2.39  81.60


2026년 06월 29일 22시 44분 51초
avg-cpu:  %user   %nice %system %iowait  %steal   %idle
           8.48    0.00    2.78   17.47    0.00   71.27

Device            r/s     rkB/s   rrqm/s  %rrqm r_await rareq-sz     w/s     wkB/s   wrqm/s  %wrqm w_await wareq-sz     d/s     dkB/s   drqm/s  %drqm d_await dareq-sz     f/s f_await  aqu-sz  %util
sda              3.00     12.00     0.00   0.00   31.00     4.00   98.00   2340.00    44.00  30.99   15.84    23.88    0.00      0.00     0.00   0.00    0.00     0.00   43.00   22.49    2.61  95.20


2026년 06월 29일 22시 44분 52초
avg-cpu:  %user   %nice %system %iowait  %steal   %idle
           8.28    0.00    3.89   18.32    0.00   69.51

Device            r/s     rkB/s   rrqm/s  %rrqm r_await rareq-sz     w/s     wkB/s   wrqm/s  %wrqm w_await wareq-sz     d/s     dkB/s   drqm/s  %drqm d_await dareq-sz     f/s f_await  aqu-sz  %util
sda              1.00      4.00     0.00   0.00    8.00     4.00   83.00   3296.00    58.00  41.13   19.25    39.71    0.00      0.00     0.00   0.00    0.00     0.00   33.00   29.21    2.57  87.20


2026년 06월 29일 22시 44분 53초
avg-cpu:  %user   %nice %system %iowait  %steal   %idle
           6.05    0.00    3.15   19.04    0.00   71.75

Device            r/s     rkB/s   rrqm/s  %rrqm r_await rareq-sz     w/s     wkB/s   wrqm/s  %wrqm w_await wareq-sz     d/s     dkB/s   drqm/s  %drqm d_await dareq-sz     f/s f_await  aqu-sz  %util
sda              0.00      0.00     0.00   0.00    0.00     0.00  103.00   1820.00    32.00  23.70   16.87    17.67    0.00      0.00     0.00   0.00    0.00     0.00   42.00   23.07    2.71  98.40


2026년 06월 29일 22시 44분 54초
avg-cpu:  %user   %nice %system %iowait  %steal   %idle
           8.06    0.00    2.77   19.65    0.00   69.52

Device            r/s     rkB/s   rrqm/s  %rrqm r_await rareq-sz     w/s     wkB/s   wrqm/s  %wrqm w_await wareq-sz     d/s     dkB/s   drqm/s  %drqm d_await dareq-sz     f/s f_await  aqu-sz  %util
sda              1.00      4.00     0.00   0.00   74.00     4.00   91.00   2208.00    33.00  26.61   20.40    24.26    0.00      0.00     0.00   0.00    0.00     0.00   32.00   30.97    2.92  94.00


2026년 06월 29일 22시 44분 55초
avg-cpu:  %user   %nice %system %iowait  %steal   %idle
          10.79    0.00    2.63   17.69    0.00   68.88

Device            r/s     rkB/s   rrqm/s  %rrqm r_await rareq-sz     w/s     wkB/s   wrqm/s  %wrqm w_await wareq-sz     d/s     dkB/s   drqm/s  %drqm d_await dareq-sz     f/s f_await  aqu-sz  %util
sda              2.00      8.00     0.00   0.00   30.50     4.00   80.00   2500.00    47.00  37.01   21.07    31.25    0.00      0.00     0.00   0.00    0.00     0.00   34.00   28.12    2.70  78.00


2026년 06월 29일 22시 44분 56초
avg-cpu:  %user   %nice %system %iowait  %steal   %idle
           7.96    0.00    3.16   21.74    0.00   67.13

Device            r/s     rkB/s   rrqm/s  %rrqm r_await rareq-sz     w/s     wkB/s   wrqm/s  %wrqm w_await wareq-sz     d/s     dkB/s   drqm/s  %drqm d_await dareq-sz     f/s f_await  aqu-sz  %util
sda              5.00     20.00     0.00   0.00   51.60     4.00   82.00   3128.00    34.00  29.31   20.43    38.15    0.00      0.00     0.00   0.00    0.00     0.00   32.00   31.09    2.93  92.40


2026년 06월 29일 22시 44분 57초
avg-cpu:  %user   %nice %system %iowait  %steal   %idle
           8.92    0.00    3.64   14.57    0.00   72.86

Device            r/s     rkB/s   rrqm/s  %rrqm r_await rareq-sz     w/s     wkB/s   wrqm/s  %wrqm w_await wareq-sz     d/s     dkB/s   drqm/s  %drqm d_await dareq-sz     f/s f_await  aqu-sz  %util
sda              2.00      8.00     0.00   0.00   31.00     4.00   89.00   2628.00    39.00  30.47   14.42    29.53    0.00      0.00     0.00   0.00    0.00     0.00   28.00   32.93    2.27  80.40


2026년 06월 29일 22시 44분 58초
avg-cpu:  %user   %nice %system %iowait  %steal   %idle
           6.82    0.00    3.16   17.30    0.00   72.73

Device            r/s     rkB/s   rrqm/s  %rrqm r_await rareq-sz     w/s     wkB/s   wrqm/s  %wrqm w_await wareq-sz     d/s     dkB/s   drqm/s  %drqm d_await dareq-sz     f/s f_await  aqu-sz  %util
sda              0.00      0.00     0.00   0.00    0.00     0.00   98.00   2420.00    36.00  26.87   20.41    24.69    0.00      0.00     0.00   0.00    0.00     0.00   29.00   31.66    2.92  90.00


2026년 06월 29일 22시 44분 59초
avg-cpu:  %user   %nice %system %iowait  %steal   %idle
          11.38    0.00    4.50   19.00    0.00   65.12

Device            r/s     rkB/s   rrqm/s  %rrqm r_await rareq-sz     w/s     wkB/s   wrqm/s  %wrqm w_await wareq-sz     d/s     dkB/s   drqm/s  %drqm d_await dareq-sz     f/s f_await  aqu-sz  %util
sda              3.00     20.00     2.00  40.00   56.00     6.67   86.00   2344.00    70.00  44.87   19.86    27.26    0.00      0.00     0.00   0.00    0.00     0.00   38.00   26.55    2.88  99.20


2026년 06월 29일 22시 45분 00초
avg-cpu:  %user   %nice %system %iowait  %steal   %idle
           8.64    0.00    2.54   19.31    0.00   69.50

Device            r/s     rkB/s   rrqm/s  %rrqm r_await rareq-sz     w/s     wkB/s   wrqm/s  %wrqm w_await wareq-sz     d/s     dkB/s   drqm/s  %drqm d_await dareq-sz     f/s f_await  aqu-sz  %util
sda              2.00      8.00     0.00   0.00   68.50     4.00   81.00   3072.00    46.00  36.22   17.75    37.93    0.00      0.00     0.00   0.00    0.00     0.00   34.00   29.32    2.57  96.00


2026년 06월 29일 22시 45분 01초
avg-cpu:  %user   %nice %system %iowait  %steal   %idle
           7.64    0.00    2.29   15.41    0.00   74.65

Device            r/s     rkB/s   rrqm/s  %rrqm r_await rareq-sz     w/s     wkB/s   wrqm/s  %wrqm w_await wareq-sz     d/s     dkB/s   drqm/s  %drqm d_await dareq-sz     f/s f_await  aqu-sz  %util
sda              2.00     12.00     1.00  33.33   47.50     6.00   77.00   2144.00    37.00  32.46   18.14    27.84    0.00      0.00     0.00   0.00    0.00     0.00   33.00   28.70    2.44  88.80


2026년 06월 29일 22시 45분 02초
avg-cpu:  %user   %nice %system %iowait  %steal   %idle
           8.73    0.00    3.16   20.38    0.00   67.72

Device            r/s     rkB/s   rrqm/s  %rrqm r_await rareq-sz     w/s     wkB/s   wrqm/s  %wrqm w_await wareq-sz     d/s     dkB/s   drqm/s  %drqm d_await dareq-sz     f/s f_await  aqu-sz  %util
sda              3.00     28.00     4.00  57.14   74.00     9.33   90.00   2988.00    48.00  34.78   18.79    33.20    0.00      0.00     0.00   0.00    0.00     0.00   34.00   27.79    2.86  94.80


2026년 06월 29일 22시 45분 03초
avg-cpu:  %user   %nice %system %iowait  %steal   %idle
           6.97    0.00    3.42   16.98    0.00   72.62

Device            r/s     rkB/s   rrqm/s  %rrqm r_await rareq-sz     w/s     wkB/s   wrqm/s  %wrqm w_await wareq-sz     d/s     dkB/s   drqm/s  %drqm d_await dareq-sz     f/s f_await  aqu-sz  %util
sda              0.00      0.00     0.00   0.00    0.00     0.00   87.00   2064.00    33.00  27.50   16.38    23.72    0.00      0.00     0.00   0.00    0.00     0.00   35.00   26.91    2.37  92.40


2026년 06월 29일 22시 45분 04초
avg-cpu:  %user   %nice %system %iowait  %steal   %idle
           7.35    0.00    3.42   21.29    0.00   67.93

Device            r/s     rkB/s   rrqm/s  %rrqm r_await rareq-sz     w/s     wkB/s   wrqm/s  %wrqm w_await wareq-sz     d/s     dkB/s   drqm/s  %drqm d_await dareq-sz     f/s f_await  aqu-sz  %util
sda              0.00      0.00     0.00   0.00    0.00     0.00  100.00   1776.00    33.00  24.81   41.25    17.76    0.00      0.00     0.00   0.00    0.00     0.00   30.00   32.23    5.09  84.40


2026년 06월 29일 22시 45분 05초
avg-cpu:  %user   %nice %system %iowait  %steal   %idle
           9.05    0.00    4.15   17.46    0.00   69.35

Device            r/s     rkB/s   rrqm/s  %rrqm r_await rareq-sz     w/s     wkB/s   wrqm/s  %wrqm w_await wareq-sz     d/s     dkB/s   drqm/s  %drqm d_await dareq-sz     f/s f_await  aqu-sz  %util
sda              1.00      4.00     0.00   0.00   49.00     4.00   83.00   2460.00    44.00  34.65   19.95    29.64    0.00      0.00     0.00   0.00    0.00     0.00   28.00   37.96    2.77  98.40


2026년 06월 29일 22시 45분 06초
avg-cpu:  %user   %nice %system %iowait  %steal   %idle
           9.73    0.00    2.40   17.95    0.00   69.91

Device            r/s     rkB/s   rrqm/s  %rrqm r_await rareq-sz     w/s     wkB/s   wrqm/s  %wrqm w_await wareq-sz     d/s     dkB/s   drqm/s  %drqm d_await dareq-sz     f/s f_await  aqu-sz  %util
sda              2.00      8.00     0.00   0.00   89.00     4.00   88.00   6484.00    45.00  33.83   18.24    73.68    0.00      0.00     0.00   0.00    0.00     0.00   45.00   18.18    2.60 100.00


2026년 06월 29일 22시 45분 07초
avg-cpu:  %user   %nice %system %iowait  %steal   %idle
           9.21    0.00    3.53   15.89    0.00   71.37

Device            r/s     rkB/s   rrqm/s  %rrqm r_await rareq-sz     w/s     wkB/s   wrqm/s  %wrqm w_await wareq-sz     d/s     dkB/s   drqm/s  %drqm d_await dareq-sz     f/s f_await  aqu-sz  %util
sda              1.00      4.00     0.00   0.00   21.00     4.00   86.00   2100.00    45.00  34.35   17.02    24.42    0.00      0.00     0.00   0.00    0.00     0.00   28.00   36.36    2.50  99.60


2026년 06월 29일 22시 45분 08초
avg-cpu:  %user   %nice %system %iowait  %steal   %idle
           9.70    0.00    3.02   14.99    0.00   72.29

Device            r/s     rkB/s   rrqm/s  %rrqm r_await rareq-sz     w/s     wkB/s   wrqm/s  %wrqm w_await wareq-sz     d/s     dkB/s   drqm/s  %drqm d_await dareq-sz     f/s f_await  aqu-sz  %util
sda              0.00      0.00     0.00   0.00    0.00     0.00   87.00   3228.00    55.00  38.73   15.24    37.10    0.00      0.00     0.00   0.00    0.00     0.00   35.00   27.31    2.28  85.20


2026년 06월 29일 22시 45분 09초
avg-cpu:  %user   %nice %system %iowait  %steal   %idle
          13.65    0.00    3.32   11.19    0.00   71.83

Device            r/s     rkB/s   rrqm/s  %rrqm r_await rareq-sz     w/s     wkB/s   wrqm/s  %wrqm w_await wareq-sz     d/s     dkB/s   drqm/s  %drqm d_await dareq-sz     f/s f_await  aqu-sz  %util
sda              0.00      0.00     0.00   0.00    0.00     0.00   85.44   3778.64    60.19  41.33   16.83    44.23    0.00      0.00     0.00   0.00    0.00     0.00   31.07   21.72    2.11  70.68


2026년 06월 29일 22시 45분 10초
avg-cpu:  %user   %nice %system %iowait  %steal   %idle
           9.02    0.00    2.35   16.21    0.00   72.42

Device            r/s     rkB/s   rrqm/s  %rrqm r_await rareq-sz     w/s     wkB/s   wrqm/s  %wrqm w_await wareq-sz     d/s     dkB/s   drqm/s  %drqm d_await dareq-sz     f/s f_await  aqu-sz  %util
sda              1.03     12.37     2.06  66.67   63.00    12.00   89.69   2173.20    37.11  29.27   19.57    24.23    0.00      0.00     0.00   0.00    0.00     0.00   35.05   27.91    2.80  94.85


2026년 06월 29일 22시 45분 11초
avg-cpu:  %user   %nice %system %iowait  %steal   %idle
           8.32    0.00    3.53   16.27    0.00   71.88

Device            r/s     rkB/s   rrqm/s  %rrqm r_await rareq-sz     w/s     wkB/s   wrqm/s  %wrqm w_await wareq-sz     d/s     dkB/s   drqm/s  %drqm d_await dareq-sz     f/s f_await  aqu-sz  %util
sda              0.00      0.00     0.00   0.00    0.00     0.00   93.00   2860.00    43.00  31.62   15.62    30.75    0.00      0.00     0.00   0.00    0.00     0.00   38.00   25.61    2.42  93.60


2026년 06월 29일 22시 45분 12초
avg-cpu:  %user   %nice %system %iowait  %steal   %idle
          11.40    0.00    3.88   15.54    0.00   69.17

Device            r/s     rkB/s   rrqm/s  %rrqm r_await rareq-sz     w/s     wkB/s   wrqm/s  %wrqm w_await wareq-sz     d/s     dkB/s   drqm/s  %drqm d_await dareq-sz     f/s f_await  aqu-sz  %util
sda              2.00     12.00     1.00  33.33   42.00     6.00   80.00   2092.00    34.00  29.82   15.70    26.15    0.00      0.00     0.00   0.00    0.00     0.00   30.00   29.70    2.23  82.00


2026년 06월 29일 22시 45분 13초
avg-cpu:  %user   %nice %system %iowait  %steal   %idle
           8.02    0.00    3.63   21.68    0.00   66.67

Device            r/s     rkB/s   rrqm/s  %rrqm r_await rareq-sz     w/s     wkB/s   wrqm/s  %wrqm w_await wareq-sz     d/s     dkB/s   drqm/s  %drqm d_await dareq-sz     f/s f_await  aqu-sz  %util
sda              2.00      8.00     0.00   0.00   57.50     4.00   84.00   6244.00    36.00  30.00   25.10    74.33    0.00      0.00     0.00   0.00    0.00     0.00   32.00   33.19    3.29  96.40


2026년 06월 29일 22시 45분 14초
avg-cpu:  %user   %nice %system %iowait  %steal   %idle
           9.34    0.00    2.65   18.31    0.00   69.70

Device            r/s     rkB/s   rrqm/s  %rrqm r_await rareq-sz     w/s     wkB/s   wrqm/s  %wrqm w_await wareq-sz     d/s     dkB/s   drqm/s  %drqm d_await dareq-sz     f/s f_await  aqu-sz  %util
sda              2.00      8.00     0.00   0.00   47.50     4.00   88.00   3008.00    50.00  36.23   16.12    34.18    0.00      0.00     0.00   0.00    0.00     0.00   40.00   24.15    2.48  92.00


2026년 06월 29일 22시 45분 15초
avg-cpu:  %user   %nice %system %iowait  %steal   %idle
           8.41    0.00    3.14   21.08    0.00   67.38

Device            r/s     rkB/s   rrqm/s  %rrqm r_await rareq-sz     w/s     wkB/s   wrqm/s  %wrqm w_await wareq-sz     d/s     dkB/s   drqm/s  %drqm d_await dareq-sz     f/s f_await  aqu-sz  %util
sda              1.00      4.00     0.00   0.00   69.00     4.00   81.00   2156.00    32.00  28.32   21.14    26.62    0.00      0.00     0.00   0.00    0.00     0.00   25.00   38.96    2.75  79.20


2026년 06월 29일 22시 45분 16초
avg-cpu:  %user   %nice %system %iowait  %steal   %idle
           9.73    0.00    2.78   20.48    0.00   67.00

Device            r/s     rkB/s   rrqm/s  %rrqm r_await rareq-sz     w/s     wkB/s   wrqm/s  %wrqm w_await wareq-sz     d/s     dkB/s   drqm/s  %drqm d_await dareq-sz     f/s f_await  aqu-sz  %util
sda              1.00      4.00     0.00   0.00   59.00     4.00   80.00   2008.00    36.00  31.03   19.98    25.10    0.00      0.00     0.00   0.00    0.00     0.00   37.00   26.59    2.64 103.20


2026년 06월 29일 22시 45분 17초
avg-cpu:  %user   %nice %system %iowait  %steal   %idle
           8.66    0.00    3.01   14.93    0.00   73.40

Device            r/s     rkB/s   rrqm/s  %rrqm r_await rareq-sz     w/s     wkB/s   wrqm/s  %wrqm w_await wareq-sz     d/s     dkB/s   drqm/s  %drqm d_await dareq-sz     f/s f_await  aqu-sz  %util
sda              2.00      8.00     0.00   0.00   39.00     4.00   87.00   2408.00    32.00  26.89   16.77    27.68    0.00      0.00     0.00   0.00    0.00     0.00   31.00   29.29    2.45  90.40


2026년 06월 29일 22시 45분 18초
avg-cpu:  %user   %nice %system %iowait  %steal   %idle
           7.55    0.00    4.03   16.48    0.00   71.95

Device            r/s     rkB/s   rrqm/s  %rrqm r_await rareq-sz     w/s     wkB/s   wrqm/s  %wrqm w_await wareq-sz     d/s     dkB/s   drqm/s  %drqm d_await dareq-sz     f/s f_await  aqu-sz  %util
sda              0.00      0.00     0.00   0.00    0.00     0.00   85.00   1960.00    27.00  24.11   15.73    23.06    0.00      0.00     0.00   0.00    0.00     0.00   33.00   27.55    2.25  85.20


2026년 06월 29일 22시 45분 19초
avg-cpu:  %user   %nice %system %iowait  %steal   %idle
          10.18    0.00    3.82   16.41    0.00   69.59

Device            r/s     rkB/s   rrqm/s  %rrqm r_await rareq-sz     w/s     wkB/s   wrqm/s  %wrqm w_await wareq-sz     d/s     dkB/s   drqm/s  %drqm d_await dareq-sz     f/s f_await  aqu-sz  %util
sda              3.00     12.00     0.00   0.00   29.00     4.00   91.00   2728.00    63.00  40.91   17.20    29.98    0.00      0.00     0.00   0.00    0.00     0.00   34.00   30.97    2.71  99.60


2026년 06월 29일 22시 45분 20초
avg-cpu:  %user   %nice %system %iowait  %steal   %idle
           8.79    0.00    3.39   17.96    0.00   69.85

Device            r/s     rkB/s   rrqm/s  %rrqm r_await rareq-sz     w/s     wkB/s   wrqm/s  %wrqm w_await wareq-sz     d/s     dkB/s   drqm/s  %drqm d_await dareq-sz     f/s f_await  aqu-sz  %util
sda              0.00      0.00     0.00   0.00    0.00     0.00   89.00   1920.00    27.00  23.28   19.26    21.57    0.00      0.00     0.00   0.00    0.00     0.00   24.00   37.62    2.62  90.40


2026년 06월 29일 22시 45분 21초
avg-cpu:  %user   %nice %system %iowait  %steal   %idle
           9.11    0.00    2.91   17.85    0.00   70.13

Device            r/s     rkB/s   rrqm/s  %rrqm r_await rareq-sz     w/s     wkB/s   wrqm/s  %wrqm w_await wareq-sz     d/s     dkB/s   drqm/s  %drqm d_await dareq-sz     f/s f_await  aqu-sz  %util
sda              1.00     16.00     3.00  75.00   74.00    16.00  101.00   2452.00    44.00  30.34   17.70    24.28    0.00      0.00     0.00   0.00    0.00     0.00   40.00   27.18    2.95  92.40


2026년 06월 29일 22시 45분 22초
avg-cpu:  %user   %nice %system %iowait  %steal   %idle
          10.08    0.00    3.02   17.25    0.00   69.65

Device            r/s     rkB/s   rrqm/s  %rrqm r_await rareq-sz     w/s     wkB/s   wrqm/s  %wrqm w_await wareq-sz     d/s     dkB/s   drqm/s  %drqm d_await dareq-sz     f/s f_await  aqu-sz  %util
sda              1.00      8.00     1.00  50.00   47.00     8.00  119.00   2948.00    44.00  26.99   12.81    24.77    0.00      0.00     0.00   0.00    0.00     0.00   41.00   22.41    2.49  87.60


2026년 06월 29일 22시 45분 23초
avg-cpu:  %user   %nice %system %iowait  %steal   %idle
           9.34    0.00    3.16    9.09    0.00   78.41

Device            r/s     rkB/s   rrqm/s  %rrqm r_await rareq-sz     w/s     wkB/s   wrqm/s  %wrqm w_await wareq-sz     d/s     dkB/s   drqm/s  %drqm d_await dareq-sz     f/s f_await  aqu-sz  %util
sda              3.00     12.00     0.00   0.00    5.33     4.00   62.00   3196.00    41.00  39.81   12.11    51.55    0.00      0.00     0.00   0.00    0.00     0.00   26.00   21.96    1.34  65.20


2026년 06월 29일 22시 45분 24초
avg-cpu:  %user   %nice %system %iowait  %steal   %idle
           7.20    0.00    3.28   20.96    0.00   68.56

Device            r/s     rkB/s   rrqm/s  %rrqm r_await rareq-sz     w/s     wkB/s   wrqm/s  %wrqm w_await wareq-sz     d/s     dkB/s   drqm/s  %drqm d_await dareq-sz     f/s f_await  aqu-sz  %util
sda              2.00      8.00     0.00   0.00   42.00     4.00  108.00   2296.00    35.00  24.48   16.84    21.26    0.00      0.00     0.00   0.00    0.00     0.00   38.00   27.00    2.93  91.60


2026년 06월 29일 22시 45분 25초
avg-cpu:  %user   %nice %system %iowait  %steal   %idle
           9.00    0.00    3.17   16.98    0.00   70.85

Device            r/s     rkB/s   rrqm/s  %rrqm r_await rareq-sz     w/s     wkB/s   wrqm/s  %wrqm w_await wareq-sz     d/s     dkB/s   drqm/s  %drqm d_await dareq-sz     f/s f_await  aqu-sz  %util
sda              1.00      4.00     0.00   0.00   38.00     4.00   94.00   2744.00    31.00  24.80   19.24    29.19    0.00      0.00     0.00   0.00    0.00     0.00   28.00   31.50    2.73  84.40


2026년 06월 29일 22시 45분 26초
avg-cpu:  %user   %nice %system %iowait  %steal   %idle
           9.47    0.00    3.16   19.07    0.00   68.31

Device            r/s     rkB/s   rrqm/s  %rrqm r_await rareq-sz     w/s     wkB/s   wrqm/s  %wrqm w_await wareq-sz     d/s     dkB/s   drqm/s  %drqm d_await dareq-sz     f/s f_await  aqu-sz  %util
sda              3.00     20.00     2.00  40.00   29.33     6.67   90.00   2464.00    50.00  35.71   20.62    27.38    0.00      0.00     0.00   0.00    0.00     0.00   41.00   26.37    3.03 102.00


2026년 06월 29일 22시 45분 27초
avg-cpu:  %user   %nice %system %iowait  %steal   %idle
           7.32    0.00    2.78   20.58    0.00   69.32

Device            r/s     rkB/s   rrqm/s  %rrqm r_await rareq-sz     w/s     wkB/s   wrqm/s  %wrqm w_await wareq-sz     d/s     dkB/s   drqm/s  %drqm d_await dareq-sz     f/s f_await  aqu-sz  %util
sda              1.00      4.00     0.00   0.00   28.00     4.00   84.00   2264.00    30.00  26.32   19.11    26.95    0.00      0.00     0.00   0.00    0.00     0.00   32.00   29.78    2.58  90.40


2026년 06월 29일 22시 45분 28초
avg-cpu:  %user   %nice %system %iowait  %steal   %idle
          10.14    0.00    2.53   17.24    0.00   70.09

Device            r/s     rkB/s   rrqm/s  %rrqm r_await rareq-sz     w/s     wkB/s   wrqm/s  %wrqm w_await wareq-sz     d/s     dkB/s   drqm/s  %drqm d_await dareq-sz     f/s f_await  aqu-sz  %util
sda              1.00      4.00     0.00   0.00   38.00     4.00   95.00   2192.00    34.00  26.36   15.88    23.07    0.00      0.00     0.00   0.00    0.00     0.00   41.00   24.34    2.54  98.80


2026년 06월 29일 22시 45분 29초
avg-cpu:  %user   %nice %system %iowait  %steal   %idle
           9.77    0.00    4.57   13.71    0.00   71.95

Device            r/s     rkB/s   rrqm/s  %rrqm r_await rareq-sz     w/s     wkB/s   wrqm/s  %wrqm w_await wareq-sz     d/s     dkB/s   drqm/s  %drqm d_await dareq-sz     f/s f_await  aqu-sz  %util
sda              0.00      0.00     0.00   0.00    0.00     0.00  105.00   2716.00    59.00  35.98   14.62    25.87    0.00      0.00     0.00   0.00    0.00     0.00   36.00   25.89    2.47  94.00


2026년 06월 29일 22시 45분 30초
avg-cpu:  %user   %nice %system %iowait  %steal   %idle
           8.50    0.00    2.79   19.67    0.00   69.04

Device            r/s     rkB/s   rrqm/s  %rrqm r_await rareq-sz     w/s     wkB/s   wrqm/s  %wrqm w_await wareq-sz     d/s     dkB/s   drqm/s  %drqm d_await dareq-sz     f/s f_await  aqu-sz  %util
sda              4.00     32.00     0.00   0.00   62.00     8.00   88.00   2548.00    51.00  36.69   16.70    28.95    0.00      0.00     0.00   0.00    0.00     0.00   30.00   31.87    2.67  96.40


2026년 06월 29일 22시 45분 31초
avg-cpu:  %user   %nice %system %iowait  %steal   %idle
           8.72    0.00    3.03   21.24    0.00   67.00

Device            r/s     rkB/s   rrqm/s  %rrqm r_await rareq-sz     w/s     wkB/s   wrqm/s  %wrqm w_await wareq-sz     d/s     dkB/s   drqm/s  %drqm d_await dareq-sz     f/s f_await  aqu-sz  %util
sda              2.00      8.00     0.00   0.00   73.00     4.00   89.00   2324.00    39.00  30.47   20.73    26.11    0.00      0.00     0.00   0.00    0.00     0.00   31.00   30.87    2.95  87.60


2026년 06월 29일 22시 45분 32초
avg-cpu:  %user   %nice %system %iowait  %steal   %idle
           7.63    0.00    4.26   16.02    0.00   72.09

Device            r/s     rkB/s   rrqm/s  %rrqm r_await rareq-sz     w/s     wkB/s   wrqm/s  %wrqm w_await wareq-sz     d/s     dkB/s   drqm/s  %drqm d_await dareq-sz     f/s f_await  aqu-sz  %util
sda              0.00      0.00     0.00   0.00    0.00     0.00   75.00   1656.00    23.00  23.47   19.49    22.08    0.00      0.00     0.00   0.00    0.00     0.00   26.00   36.65    2.41  88.00


2026년 06월 29일 22시 45분 33초
avg-cpu:  %user   %nice %system %iowait  %steal   %idle
           6.99    0.00    2.92   24.02    0.00   66.07

Device            r/s     rkB/s   rrqm/s  %rrqm r_await rareq-sz     w/s     wkB/s   wrqm/s  %wrqm w_await wareq-sz     d/s     dkB/s   drqm/s  %drqm d_await dareq-sz     f/s f_await  aqu-sz  %util
sda              0.00      0.00     0.00   0.00    0.00     0.00   94.00   1012.00    20.00  17.54   53.74    10.77    0.00      0.00     0.00   0.00    0.00     0.00   20.00   51.50    6.08  66.00


2026년 06월 29일 22시 45분 34초
avg-cpu:  %user   %nice %system %iowait  %steal   %idle
           9.30    0.00    3.02   12.81    0.00   74.87

Device            r/s     rkB/s   rrqm/s  %rrqm r_await rareq-sz     w/s     wkB/s   wrqm/s  %wrqm w_await wareq-sz     d/s     dkB/s   drqm/s  %drqm d_await dareq-sz     f/s f_await  aqu-sz  %util
sda              2.00      8.00     0.00   0.00   26.50     4.00   97.00   2168.00    41.00  29.71   11.72    22.35    0.00      0.00     0.00   0.00    0.00     0.00   45.00   18.78    2.03  94.00


2026년 06월 29일 22시 45분 35초
avg-cpu:  %user   %nice %system %iowait  %steal   %idle
           9.85    0.00    2.53   15.66    0.00   71.97

Device            r/s     rkB/s   rrqm/s  %rrqm r_await rareq-sz     w/s     wkB/s   wrqm/s  %wrqm w_await wareq-sz     d/s     dkB/s   drqm/s  %drqm d_await dareq-sz     f/s f_await  aqu-sz  %util
sda              2.00      8.00     0.00   0.00   34.50     4.00   69.00   6712.00    47.00  40.52   23.58    97.28    0.00      0.00     0.00   0.00    0.00     0.00   19.00   41.11    2.48  70.80


2026년 06월 29일 22시 45분 36초
avg-cpu:  %user   %nice %system %iowait  %steal   %idle
           8.83    0.00    2.65   19.92    0.00   68.60

Device            r/s     rkB/s   rrqm/s  %rrqm r_await rareq-sz     w/s     wkB/s   wrqm/s  %wrqm w_await wareq-sz     d/s     dkB/s   drqm/s  %drqm d_await dareq-sz     f/s f_await  aqu-sz  %util
sda              1.00      4.00     0.00   0.00   32.00     4.00   87.00   1940.00    23.00  20.91   21.51    22.30    0.00      0.00     0.00   0.00    0.00     0.00   29.00   32.41    2.84  92.40


2026년 06월 29일 22시 45분 37초
avg-cpu:  %user   %nice %system %iowait  %steal   %idle
          10.79    0.00    3.39   17.06    0.00   68.76

Device            r/s     rkB/s   rrqm/s  %rrqm r_await rareq-sz     w/s     wkB/s   wrqm/s  %wrqm w_await wareq-sz     d/s     dkB/s   drqm/s  %drqm d_await dareq-sz     f/s f_await  aqu-sz  %util
sda              0.00      0.00     0.00   0.00    0.00     0.00   88.00   3080.00    58.00  39.73   17.20    35.00    0.00      0.00     0.00   0.00    0.00     0.00   37.00   26.86    2.51  91.60


2026년 06월 29일 22시 45분 38초
avg-cpu:  %user   %nice %system %iowait  %steal   %idle
           8.10    0.00    3.67   15.57    0.00   72.66

Device            r/s     rkB/s   rrqm/s  %rrqm r_await rareq-sz     w/s     wkB/s   wrqm/s  %wrqm w_await wareq-sz     d/s     dkB/s   drqm/s  %drqm d_await dareq-sz     f/s f_await  aqu-sz  %util
sda              0.00      0.00     0.00   0.00    0.00     0.00   89.00   1912.00    27.00  23.28   15.27    21.48    0.00      0.00     0.00   0.00    0.00     0.00   30.00   30.97    2.29  95.60


2026년 06월 29일 22시 45분 39초
avg-cpu:  %user   %nice %system %iowait  %steal   %idle
          10.79    0.00    4.27   17.57    0.00   67.38

Device            r/s     rkB/s   rrqm/s  %rrqm r_await rareq-sz     w/s     wkB/s   wrqm/s  %wrqm w_await wareq-sz     d/s     dkB/s   drqm/s  %drqm d_await dareq-sz     f/s f_await  aqu-sz  %util
sda              2.00      8.00     0.00   0.00   42.50     4.00   95.00   2736.00    54.00  36.24   17.72    28.80    0.00      0.00     0.00   0.00    0.00     0.00   28.00   35.18    2.75 100.40


2026년 06월 29일 22시 45분 40초
avg-cpu:  %user   %nice %system %iowait  %steal   %idle
          10.68    0.00    3.39   17.46    0.00   68.47

Device            r/s     rkB/s   rrqm/s  %rrqm r_await rareq-sz     w/s     wkB/s   wrqm/s  %wrqm w_await wareq-sz     d/s     dkB/s   drqm/s  %drqm d_await dareq-sz     f/s f_await  aqu-sz  %util
sda              2.00      8.00     0.00   0.00   38.50     4.00   83.00   2368.00    49.00  37.12   17.55    28.53    0.00      0.00     0.00   0.00    0.00     0.00   39.00   25.18    2.52  91.60


2026년 06월 29일 22시 45분 41초
avg-cpu:  %user   %nice %system %iowait  %steal   %idle
           9.26    0.00    4.01   20.53    0.00   66.21

Device            r/s     rkB/s   rrqm/s  %rrqm r_await rareq-sz     w/s     wkB/s   wrqm/s  %wrqm w_await wareq-sz     d/s     dkB/s   drqm/s  %drqm d_await dareq-sz     f/s f_await  aqu-sz  %util
sda              1.00      4.00     0.00   0.00   58.00     4.00  103.00   2476.00    34.00  24.82   17.01    24.04    0.00      0.00     0.00   0.00    0.00     0.00   35.00   28.51    2.81 100.80


2026년 06월 29일 22시 45분 42초
avg-cpu:  %user   %nice %system %iowait  %steal   %idle
           9.82    0.00    3.15   15.49    0.00   71.54

Device            r/s     rkB/s   rrqm/s  %rrqm r_await rareq-sz     w/s     wkB/s   wrqm/s  %wrqm w_await wareq-sz     d/s     dkB/s   drqm/s  %drqm d_await dareq-sz     f/s f_await  aqu-sz  %util
sda              0.00      0.00     0.00   0.00    0.00     0.00   87.00   2716.00    43.00  33.08   17.45    31.22    0.00      0.00     0.00   0.00    0.00     0.00   32.00   30.25    2.49  95.20


2026년 06월 29일 22시 45분 43초
avg-cpu:  %user   %nice %system %iowait  %steal   %idle
           8.17    0.00    4.27   21.11    0.00   66.46

Device            r/s     rkB/s   rrqm/s  %rrqm r_await rareq-sz     w/s     wkB/s   wrqm/s  %wrqm w_await wareq-sz     d/s     dkB/s   drqm/s  %drqm d_await dareq-sz     f/s f_await  aqu-sz  %util
sda              0.00      0.00     0.00   0.00    0.00     0.00   80.00   1940.00    38.00  32.20   20.19    24.25    0.00      0.00     0.00   0.00    0.00     0.00   30.00   31.23    2.55  94.40


2026년 06월 29일 22시 45분 44초
avg-cpu:  %user   %nice %system %iowait  %steal   %idle
          14.47    0.00    2.16   17.64    0.00   65.74

Device            r/s     rkB/s   rrqm/s  %rrqm r_await rareq-sz     w/s     wkB/s   wrqm/s  %wrqm w_await wareq-sz     d/s     dkB/s   drqm/s  %drqm d_await dareq-sz     f/s f_await  aqu-sz  %util
sda              1.00      4.00     0.00   0.00   36.00     4.00   91.00   3096.00    49.00  35.00   16.69    34.02    0.00      0.00     0.00   0.00    0.00     0.00   34.00   28.41    2.52  96.00


2026년 06월 29일 22시 45분 45초
avg-cpu:  %user   %nice %system %iowait  %steal   %idle
           9.66    0.00    2.89   16.44    0.00   71.02

Device            r/s     rkB/s   rrqm/s  %rrqm r_await rareq-sz     w/s     wkB/s   wrqm/s  %wrqm w_await wareq-sz     d/s     dkB/s   drqm/s  %drqm d_await dareq-sz     f/s f_await  aqu-sz  %util
sda              0.00      0.00     0.00   0.00    0.00     0.00   87.00   2148.00    42.00  32.56   16.09    24.69    0.00      0.00     0.00   0.00    0.00     0.00   34.00   29.38    2.40 101.60


2026년 06월 29일 22시 45분 46초
avg-cpu:  %user   %nice %system %iowait  %steal   %idle
           9.30    0.00    3.64   14.45    0.00   72.61

Device            r/s     rkB/s   rrqm/s  %rrqm r_await rareq-sz     w/s     wkB/s   wrqm/s  %wrqm w_await wareq-sz     d/s     dkB/s   drqm/s  %drqm d_await dareq-sz     f/s f_await  aqu-sz  %util
sda              1.00      8.00     1.00  50.00   33.00     8.00   91.00   2644.00    46.00  33.58   16.70    29.05    0.00      0.00     0.00   0.00    0.00     0.00   34.00   29.26    2.55  99.60


2026년 06월 29일 22시 45분 47초
avg-cpu:  %user   %nice %system %iowait  %steal   %idle
           9.78    0.00    2.92   17.66    0.00   69.63

Device            r/s     rkB/s   rrqm/s  %rrqm r_await rareq-sz     w/s     wkB/s   wrqm/s  %wrqm w_await wareq-sz     d/s     dkB/s   drqm/s  %drqm d_await dareq-sz     f/s f_await  aqu-sz  %util
sda              0.00      0.00     3.00 100.00    0.00     0.00   93.00   1840.00    26.00  21.85   21.27    19.78    0.00      0.00     0.00   0.00    0.00     0.00   40.00   23.65    2.92  92.40


2026년 06월 29일 22시 45분 48초
avg-cpu:  %user   %nice %system %iowait  %steal   %idle
           9.10    0.00    2.65   19.47    0.00   68.77

Device            r/s     rkB/s   rrqm/s  %rrqm r_await rareq-sz     w/s     wkB/s   wrqm/s  %wrqm w_await wareq-sz     d/s     dkB/s   drqm/s  %drqm d_await dareq-sz     f/s f_await  aqu-sz  %util
sda              1.00     16.00     0.00   0.00  102.00    16.00   87.00   2316.00    40.00  31.50   19.94    26.62    0.00      0.00     0.00   0.00    0.00     0.00   36.00   27.14    2.81  97.60


2026년 06월 29일 22시 45분 49초
avg-cpu:  %user   %nice %system %iowait  %steal   %idle
          10.96    0.00    3.44   19.62    0.00   65.99

Device            r/s     rkB/s   rrqm/s  %rrqm r_await rareq-sz     w/s     wkB/s   wrqm/s  %wrqm w_await wareq-sz     d/s     dkB/s   drqm/s  %drqm d_await dareq-sz     f/s f_await  aqu-sz  %util
sda              2.00     12.00     1.00  33.33   48.00     6.00   91.00   3028.00    47.00  34.06   19.57    33.27    0.00      0.00     0.00   0.00    0.00     0.00   32.00   31.75    2.89  97.20


2026년 06월 29일 22시 45분 50초
avg-cpu:  %user   %nice %system %iowait  %steal   %idle
           8.89    0.00    3.50   15.14    0.00   72.47

Device            r/s     rkB/s   rrqm/s  %rrqm r_await rareq-sz     w/s     wkB/s   wrqm/s  %wrqm w_await wareq-sz     d/s     dkB/s   drqm/s  %drqm d_await dareq-sz     f/s f_await  aqu-sz  %util
sda              0.00      0.00     0.00   0.00    0.00     0.00   83.00   1860.00    39.00  31.97   16.02    22.41    0.00      0.00     0.00   0.00    0.00     0.00   27.00   35.59    2.29  79.60


2026년 06월 29일 22시 45분 51초
avg-cpu:  %user   %nice %system %iowait  %steal   %idle
           7.04    0.00    2.26   18.87    0.00   71.82

Device            r/s     rkB/s   rrqm/s  %rrqm r_await rareq-sz     w/s     wkB/s   wrqm/s  %wrqm w_await wareq-sz     d/s     dkB/s   drqm/s  %drqm d_await dareq-sz     f/s f_await  aqu-sz  %util
sda              0.00      0.00     0.00   0.00    0.00     0.00   89.00   1824.00    29.00  24.58   18.29    20.49    0.00      0.00     0.00   0.00    0.00     0.00   30.00   32.80    2.61  95.60


2026년 06월 29일 22시 45분 52초
avg-cpu:  %user   %nice %system %iowait  %steal   %idle
           7.47    0.00    2.53   21.77    0.00   68.23

Device            r/s     rkB/s   rrqm/s  %rrqm r_await rareq-sz     w/s     wkB/s   wrqm/s  %wrqm w_await wareq-sz     d/s     dkB/s   drqm/s  %drqm d_await dareq-sz     f/s f_await  aqu-sz  %util
sda              1.00      4.00     0.00   0.00   32.00     4.00   82.00   2060.00    46.00  35.94   22.29    25.12    0.00      0.00     0.00   0.00    0.00     0.00   34.00   28.97    2.85  97.20


2026년 06월 29일 22시 45분 53초
avg-cpu:  %user   %nice %system %iowait  %steal   %idle
           7.33    0.00    1.90    9.48    0.00   81.29

Device            r/s     rkB/s   rrqm/s  %rrqm r_await rareq-sz     w/s     wkB/s   wrqm/s  %wrqm w_await wareq-sz     d/s     dkB/s   drqm/s  %drqm d_await dareq-sz     f/s f_await  aqu-sz  %util
sda              1.00     16.00     4.00  80.00   24.00    16.00   60.00   1472.00    27.00  31.03   12.53    24.53    0.00      0.00     0.00   0.00    0.00     0.00   24.00   25.79    1.39  69.20


2026년 06월 29일 22시 45분 54초
avg-cpu:  %user   %nice %system %iowait  %steal   %idle
          10.72    0.00    3.15   20.43    0.00   65.70

Device            r/s     rkB/s   rrqm/s  %rrqm r_await rareq-sz     w/s     wkB/s   wrqm/s  %wrqm w_await wareq-sz     d/s     dkB/s   drqm/s  %drqm d_await dareq-sz     f/s f_await  aqu-sz  %util
sda              2.00     12.00     0.00   0.00   19.50     6.00  106.00   4244.00    44.00  29.33   20.21    40.04    0.00      0.00     0.00   0.00    0.00     0.00   30.00   29.90    3.08  91.20


2026년 06월 29일 22시 45분 55초
avg-cpu:  %user   %nice %system %iowait  %steal   %idle
          10.51    0.00    2.41   18.61    0.00   68.48

Device            r/s     rkB/s   rrqm/s  %rrqm r_await rareq-sz     w/s     wkB/s   wrqm/s  %wrqm w_await wareq-sz     d/s     dkB/s   drqm/s  %drqm d_await dareq-sz     f/s f_await  aqu-sz  %util
sda              2.00      8.00     0.00   0.00   14.50     4.00   93.00   2928.00    46.00  33.09   17.05    31.48    0.00      0.00     0.00   0.00    0.00     0.00   40.00   25.52    2.64  92.40


2026년 06월 29일 22시 45분 56초
avg-cpu:  %user   %nice %system %iowait  %steal   %idle
          10.82    0.00    3.77   21.13    0.00   64.28

Device            r/s     rkB/s   rrqm/s  %rrqm r_await rareq-sz     w/s     wkB/s   wrqm/s  %wrqm w_await wareq-sz     d/s     dkB/s   drqm/s  %drqm d_await dareq-sz     f/s f_await  aqu-sz  %util
sda              2.00      8.00     0.00   0.00   56.50     4.00   95.00   6164.00    41.00  30.15   20.75    64.88    0.00      0.00     0.00   0.00    0.00     0.00   35.00   24.83    2.95  97.20


2026년 06월 29일 22시 45분 57초
avg-cpu:  %user   %nice %system %iowait  %steal   %idle
          13.07    0.00    3.52   14.45    0.00   68.97

Device            r/s     rkB/s   rrqm/s  %rrqm r_await rareq-sz     w/s     wkB/s   wrqm/s  %wrqm w_await wareq-sz     d/s     dkB/s   drqm/s  %drqm d_await dareq-sz     f/s f_await  aqu-sz  %util
sda              0.00      0.00     0.00   0.00    0.00     0.00   77.00   2628.00    35.00  31.25   18.25    34.13    0.00      0.00     0.00   0.00    0.00     0.00   32.00   31.25    2.40  96.40


2026년 06월 29일 22시 45분 58초
avg-cpu:  %user   %nice %system %iowait  %steal   %idle
           9.88    0.00    3.50   16.88    0.00   69.75

Device            r/s     rkB/s   rrqm/s  %rrqm r_await rareq-sz     w/s     wkB/s   wrqm/s  %wrqm w_await wareq-sz     d/s     dkB/s   drqm/s  %drqm d_await dareq-sz     f/s f_await  aqu-sz  %util
sda              0.00      0.00     0.00   0.00    0.00     0.00   81.00   2444.00    36.00  30.77   14.79    30.17    0.00      0.00     0.00   0.00    0.00     0.00   25.00   37.36    2.13  97.20


2026년 06월 29일 22시 45분 59초
avg-cpu:  %user   %nice %system %iowait  %steal   %idle
          10.54    0.00    4.02   15.93    0.00   69.51

Device            r/s     rkB/s   rrqm/s  %rrqm r_await rareq-sz     w/s     wkB/s   wrqm/s  %wrqm w_await wareq-sz     d/s     dkB/s   drqm/s  %drqm d_await dareq-sz     f/s f_await  aqu-sz  %util
sda              2.00      8.00     0.00   0.00   37.00     4.00   94.00   2960.00    42.00  30.88   15.06    31.49    0.00      0.00     0.00   0.00    0.00     0.00   34.00   29.15    2.48  92.80


2026년 06월 29일 22시 46분 00초
avg-cpu:  %user   %nice %system %iowait  %steal   %idle
          11.59    0.00    4.20   19.49    0.00   64.71

Device            r/s     rkB/s   rrqm/s  %rrqm r_await rareq-sz     w/s     wkB/s   wrqm/s  %wrqm w_await wareq-sz     d/s     dkB/s   drqm/s  %drqm d_await dareq-sz     f/s f_await  aqu-sz  %util
sda              1.00      4.00     0.00   0.00   28.00     4.00   93.00   2300.00    46.00  33.09   20.15    24.73    0.00      0.00     0.00   0.00    0.00     0.00   36.00   27.28    2.89  86.00


2026년 06월 29일 22시 46분 01초
avg-cpu:  %user   %nice %system %iowait  %steal   %idle
          10.59    0.00    3.40   17.15    0.00   68.85

Device            r/s     rkB/s   rrqm/s  %rrqm r_await rareq-sz     w/s     wkB/s   wrqm/s  %wrqm w_await wareq-sz     d/s     dkB/s   drqm/s  %drqm d_await dareq-sz     f/s f_await  aqu-sz  %util
sda              2.00      8.00     0.00   0.00   45.50     4.00   88.00   3096.00    38.00  30.16   16.24    35.18    0.00      0.00     0.00   0.00    0.00     0.00   28.00   34.89    2.50  87.60


2026년 06월 29일 22시 46분 02초
avg-cpu:  %user   %nice %system %iowait  %steal   %idle
          10.34    0.00    2.77   17.65    0.00   69.23

Device            r/s     rkB/s   rrqm/s  %rrqm r_await rareq-sz     w/s     wkB/s   wrqm/s  %wrqm w_await wareq-sz     d/s     dkB/s   drqm/s  %drqm d_await dareq-sz     f/s f_await  aqu-sz  %util
sda              1.00      4.00     0.00   0.00   26.00     4.00   97.00   2508.00    42.00  30.22   15.26    25.86    0.00      0.00     0.00   0.00    0.00     0.00   40.00   24.05    2.47  82.00


2026년 06월 29일 22시 46분 03초
avg-cpu:  %user   %nice %system %iowait  %steal   %idle
           9.76    0.00    3.68   17.74    0.00   68.82

Device            r/s     rkB/s   rrqm/s  %rrqm r_await rareq-sz     w/s     wkB/s   wrqm/s  %wrqm w_await wareq-sz     d/s     dkB/s   drqm/s  %drqm d_await dareq-sz     f/s f_await  aqu-sz  %util
sda              1.00      4.00     0.00   0.00   94.00     4.00  107.00   2764.00    41.00  27.70   13.66    25.83    0.00      0.00     0.00   0.00    0.00     0.00   32.00   28.44    2.46  92.00


2026년 06월 29일 22시 46분 04초
avg-cpu:  %user   %nice %system %iowait  %steal   %idle
          11.35    0.00    3.28   16.52    0.00   68.85

Device            r/s     rkB/s   rrqm/s  %rrqm r_await rareq-sz     w/s     wkB/s   wrqm/s  %wrqm w_await wareq-sz     d/s     dkB/s   drqm/s  %drqm d_await dareq-sz     f/s f_await  aqu-sz  %util
sda              2.00      8.00     0.00   0.00   82.00     4.00   64.00   2392.00    43.00  40.19   20.84    37.38    0.00      0.00     0.00   0.00    0.00     0.00   32.00   32.69    2.54  93.60


2026년 06월 29일 22시 46분 05초
avg-cpu:  %user   %nice %system %iowait  %steal   %idle
          10.47    0.00    4.86   18.58    0.00   66.08

Device            r/s     rkB/s   rrqm/s  %rrqm r_await rareq-sz     w/s     wkB/s   wrqm/s  %wrqm w_await wareq-sz     d/s     dkB/s   drqm/s  %drqm d_await dareq-sz     f/s f_await  aqu-sz  %util
sda              1.00      4.00     0.00   0.00   56.00     4.00  108.00   2816.00    41.00  27.52   14.98    26.07    0.00      0.00     0.00   0.00    0.00     0.00   32.00   28.56    2.59  86.80


2026년 06월 29일 22시 46분 06초
avg-cpu:  %user   %nice %system %iowait  %steal   %idle
          10.24    0.00    3.41   20.48    0.00   65.87

Device            r/s     rkB/s   rrqm/s  %rrqm r_await rareq-sz     w/s     wkB/s   wrqm/s  %wrqm w_await wareq-sz     d/s     dkB/s   drqm/s  %drqm d_await dareq-sz     f/s f_await  aqu-sz  %util
sda              2.00      8.00     0.00   0.00   27.50     4.00   92.00   2156.00    44.00  32.35   19.42    23.43    0.00      0.00     0.00   0.00    0.00     0.00   38.00   25.87    2.83 102.00


2026년 06월 29일 22시 46분 07초
avg-cpu:  %user   %nice %system %iowait  %steal   %idle
           9.82    0.00    4.16   21.28    0.00   64.74

Device            r/s     rkB/s   rrqm/s  %rrqm r_await rareq-sz     w/s     wkB/s   wrqm/s  %wrqm w_await wareq-sz     d/s     dkB/s   drqm/s  %drqm d_await dareq-sz     f/s f_await  aqu-sz  %util
sda              0.00      0.00     0.00   0.00    0.00     0.00  102.00   1552.00    38.00  27.14   25.10    15.22    0.00      0.00     0.00   0.00    0.00     0.00   25.00   40.56    3.57 100.00


2026년 06월 29일 22시 46분 08초
avg-cpu:  %user   %nice %system %iowait  %steal   %idle
          10.72    0.00    3.28   21.56    0.00   64.44

Device            r/s     rkB/s   rrqm/s  %rrqm r_await rareq-sz     w/s     wkB/s   wrqm/s  %wrqm w_await wareq-sz     d/s     dkB/s   drqm/s  %drqm d_await dareq-sz     f/s f_await  aqu-sz  %util
sda              2.00      8.00     0.00   0.00   36.00     4.00   68.00   1436.00    24.00  26.09   24.68    21.12    0.00      0.00     0.00   0.00    0.00     0.00   32.00   30.03    2.71  92.80


2026년 06월 29일 22시 46분 09초
avg-cpu:  %user   %nice %system %iowait  %steal   %idle
          12.36    0.00    4.04   16.02    0.00   67.59

Device            r/s     rkB/s   rrqm/s  %rrqm r_await rareq-sz     w/s     wkB/s   wrqm/s  %wrqm w_await wareq-sz     d/s     dkB/s   drqm/s  %drqm d_await dareq-sz     f/s f_await  aqu-sz  %util
sda              0.00      0.00     0.00   0.00    0.00     0.00   81.00   3032.00    53.00  39.55   20.05    37.43    0.00      0.00     0.00   0.00    0.00     0.00   23.00   40.96    2.56  80.80


2026년 06월 29일 22시 46분 10초
avg-cpu:  %user   %nice %system %iowait  %steal   %idle
           9.60    0.00    3.91   18.69    0.00   67.80

Device            r/s     rkB/s   rrqm/s  %rrqm r_await rareq-sz     w/s     wkB/s   wrqm/s  %wrqm w_await wareq-sz     d/s     dkB/s   drqm/s  %drqm d_await dareq-sz     f/s f_await  aqu-sz  %util
sda              3.00     24.00     3.00  50.00   41.67     8.00   95.00   2416.00    40.00  29.63   17.67    25.43    0.00      0.00     0.00   0.00    0.00     0.00   41.00   24.41    2.81  95.60


2026년 06월 29일 22시 46분 11초
avg-cpu:  %user   %nice %system %iowait  %steal   %idle
           5.92    0.00    2.27   19.40    0.00   72.42

Device            r/s     rkB/s   rrqm/s  %rrqm r_await rareq-sz     w/s     wkB/s   wrqm/s  %wrqm w_await wareq-sz     d/s     dkB/s   drqm/s  %drqm d_await dareq-sz     f/s f_await  aqu-sz  %util
sda              2.00      8.00     0.00   0.00   44.00     4.00   86.00   1920.00    27.00  23.89   17.81    22.33    0.00      0.00     0.00   0.00    0.00     0.00   26.00   36.81    2.58  98.00


2026년 06월 29일 22시 46분 12초
avg-cpu:  %user   %nice %system %iowait  %steal   %idle
           9.99    0.00    3.67   15.17    0.00   71.18

Device            r/s     rkB/s   rrqm/s  %rrqm r_await rareq-sz     w/s     wkB/s   wrqm/s  %wrqm w_await wareq-sz     d/s     dkB/s   drqm/s  %drqm d_await dareq-sz     f/s f_await  aqu-sz  %util
sda              0.00      0.00     0.00   0.00    0.00     0.00   78.00   2584.00    36.00  31.58   18.08    33.13    0.00      0.00     0.00   0.00    0.00     0.00   36.00   27.69    2.41  87.60


2026년 06월 29일 22시 46분 13초
avg-cpu:  %user   %nice %system %iowait  %steal   %idle
           9.58    0.00    2.65   17.91    0.00   69.86

Device            r/s     rkB/s   rrqm/s  %rrqm r_await rareq-sz     w/s     wkB/s   wrqm/s  %wrqm w_await wareq-sz     d/s     dkB/s   drqm/s  %drqm d_await dareq-sz     f/s f_await  aqu-sz  %util
sda              1.00      4.00     0.00   0.00   46.00     4.00  102.00   2116.00    36.00  26.09   17.74    20.75    0.00      0.00     0.00   0.00    0.00     0.00   35.00   27.03    2.80  96.40


2026년 06월 29일 22시 46분 14초
avg-cpu:  %user   %nice %system %iowait  %steal   %idle
          10.43    0.00    3.39   20.98    0.00   65.20

Device            r/s     rkB/s   rrqm/s  %rrqm r_await rareq-sz     w/s     wkB/s   wrqm/s  %wrqm w_await wareq-sz     d/s     dkB/s   drqm/s  %drqm d_await dareq-sz     f/s f_await  aqu-sz  %util
sda              2.00     16.00     2.00  50.00   33.00     8.00   82.00   2436.00    40.00  32.79   21.77    29.71    0.00      0.00     0.00   0.00    0.00     0.00   41.00   23.90    2.83  96.80


2026년 06월 29일 22시 46분 15초
avg-cpu:  %user   %nice %system %iowait  %steal   %idle
           9.69    0.00    3.27   19.25    0.00   67.80

Device            r/s     rkB/s   rrqm/s  %rrqm r_await rareq-sz     w/s     wkB/s   wrqm/s  %wrqm w_await wareq-sz     d/s     dkB/s   drqm/s  %drqm d_await dareq-sz     f/s f_await  aqu-sz  %util
sda              0.00      0.00     1.00 100.00    0.00     0.00  100.00   2820.00    40.00  28.57   16.92    28.20    0.00      0.00     0.00   0.00    0.00     0.00   36.00   27.42    2.68  92.00


2026년 06월 29일 22시 46분 16초
avg-cpu:  %user   %nice %system %iowait  %steal   %idle
          11.56    0.00    3.14   17.59    0.00   67.71

Device            r/s     rkB/s   rrqm/s  %rrqm r_await rareq-sz     w/s     wkB/s   wrqm/s  %wrqm w_await wareq-sz     d/s     dkB/s   drqm/s  %drqm d_await dareq-sz     f/s f_await  aqu-sz  %util
sda              3.00     20.00     1.00  25.00   36.33     6.67   71.00   5324.00    46.00  39.32   18.63    74.99    0.00      0.00     0.00   0.00    0.00     0.00   36.00   25.14    2.33  90.40


2026년 06월 29일 22시 46분 17초
avg-cpu:  %user   %nice %system %iowait  %steal   %idle
          10.74    0.00    3.62   25.09    0.00   60.55

Device            r/s     rkB/s   rrqm/s  %rrqm r_await rareq-sz     w/s     wkB/s   wrqm/s  %wrqm w_await wareq-sz     d/s     dkB/s   drqm/s  %drqm d_await dareq-sz     f/s f_await  aqu-sz  %util
sda              2.00      8.00     0.00   0.00   37.50     4.00   92.00   4960.00    46.00  33.33   22.82    53.91    0.00      0.00     0.00   0.00    0.00     0.00   26.00   37.96    3.16  88.40


2026년 06월 29일 22시 46분 18초
avg-cpu:  %user   %nice %system %iowait  %steal   %idle
          10.25    0.00    4.00   17.38    0.00   68.38

Device            r/s     rkB/s   rrqm/s  %rrqm r_await rareq-sz     w/s     wkB/s   wrqm/s  %wrqm w_await wareq-sz     d/s     dkB/s   drqm/s  %drqm d_await dareq-sz     f/s f_await  aqu-sz  %util
sda              1.00      4.00     0.00   0.00   88.00     4.00   83.00   2364.00    41.00  33.06   18.07    28.48    0.00      0.00     0.00   0.00    0.00     0.00   41.00   24.95    2.61 101.60


2026년 06월 29일 22시 46분 19초
avg-cpu:  %user   %nice %system %iowait  %steal   %idle
           9.33    0.00    3.28   16.52    0.00   70.87

Device            r/s     rkB/s   rrqm/s  %rrqm r_await rareq-sz     w/s     wkB/s   wrqm/s  %wrqm w_await wareq-sz     d/s     dkB/s   drqm/s  %drqm d_await dareq-sz     f/s f_await  aqu-sz  %util
sda              1.00      4.00     0.00   0.00   37.00     4.00   95.00   3220.00    58.00  37.91   15.86    33.89    0.00      0.00     0.00   0.00    0.00     0.00   31.00   30.35    2.48  89.20


2026년 06월 29일 22시 46분 20초
avg-cpu:  %user   %nice %system %iowait  %steal   %idle
           8.05    0.00    3.70   18.90    0.00   69.35

Device            r/s     rkB/s   rrqm/s  %rrqm r_await rareq-sz     w/s     wkB/s   wrqm/s  %wrqm w_await wareq-sz     d/s     dkB/s   drqm/s  %drqm d_await dareq-sz     f/s f_await  aqu-sz  %util
sda              2.00      8.00     0.00   0.00   36.00     4.00   98.00   2292.00    45.00  31.47   16.80    23.39    0.00      0.00     0.00   0.00    0.00     0.00   40.00   23.70    2.67  99.60


2026년 06월 29일 22시 46분 21초
avg-cpu:  %user   %nice %system %iowait  %steal   %idle
           6.93    0.00    2.64   22.54    0.00   67.88

Device            r/s     rkB/s   rrqm/s  %rrqm r_await rareq-sz     w/s     wkB/s   wrqm/s  %wrqm w_await wareq-sz     d/s     dkB/s   drqm/s  %drqm d_await dareq-sz     f/s f_await  aqu-sz  %util
sda              0.00      0.00     0.00   0.00    0.00     0.00   84.16   2106.93    35.64  29.75   24.86    25.04    0.00      0.00     0.00   0.00    0.00     0.00   29.70   32.67    3.06  95.84


2026년 06월 29일 22시 46분 22초
avg-cpu:  %user   %nice %system %iowait  %steal   %idle
           8.86    0.00    2.03   15.57    0.00   73.54

Device            r/s     rkB/s   rrqm/s  %rrqm r_await rareq-sz     w/s     wkB/s   wrqm/s  %wrqm w_await wareq-sz     d/s     dkB/s   drqm/s  %drqm d_await dareq-sz     f/s f_await  aqu-sz  %util
sda              3.03     12.12     0.00   0.00   30.00     4.00   84.85   2230.30    54.55  39.13   16.06    26.29    0.00      0.00     0.00   0.00    0.00     0.00   36.36   26.83    2.43  81.62


2026년 06월 29일 22시 46분 23초
avg-cpu:  %user   %nice %system %iowait  %steal   %idle
           5.35    0.00    1.91   17.32    0.00   75.41

Device            r/s     rkB/s   rrqm/s  %rrqm r_await rareq-sz     w/s     wkB/s   wrqm/s  %wrqm w_await wareq-sz     d/s     dkB/s   drqm/s  %drqm d_await dareq-sz     f/s f_await  aqu-sz  %util
sda              1.98      7.92     0.00   0.00   43.50     4.00   88.12   3033.66    38.61  30.47   17.69    34.43    0.00      0.00     0.00   0.00    0.00     0.00   26.73   36.85    2.63  85.15


2026년 06월 29일 22시 46분 24초
avg-cpu:  %user   %nice %system %iowait  %steal   %idle
           6.43    0.00    1.77   20.55    0.00   71.25

Device            r/s     rkB/s   rrqm/s  %rrqm r_await rareq-sz     w/s     wkB/s   wrqm/s  %wrqm w_await wareq-sz     d/s     dkB/s   drqm/s  %drqm d_await dareq-sz     f/s f_await  aqu-sz  %util
sda              4.00     16.00     0.00   0.00   32.75     4.00   72.00   2164.00    42.00  36.84   24.11    30.06    0.00      0.00     0.00   0.00    0.00     0.00   32.00   29.69    2.82  91.60


2026년 06월 29일 22시 46분 25초
avg-cpu:  %user   %nice %system %iowait  %steal   %idle
           8.81    0.00    1.64   19.25    0.00   70.31

Device            r/s     rkB/s   rrqm/s  %rrqm r_await rareq-sz     w/s     wkB/s   wrqm/s  %wrqm w_await wareq-sz     d/s     dkB/s   drqm/s  %drqm d_await dareq-sz     f/s f_await  aqu-sz  %util
sda              4.00     16.00     0.00   0.00   46.75     4.00   71.00   7276.00    58.00  44.96   19.62   102.48    0.00      0.00     0.00   0.00    0.00     0.00   31.00   27.29    2.42  89.20


2026년 06월 29일 22시 46분 26초
avg-cpu:  %user   %nice %system %iowait  %steal   %idle
           1.64    0.00    0.63   17.95    0.00   79.77

Device            r/s     rkB/s   rrqm/s  %rrqm r_await rareq-sz     w/s     wkB/s   wrqm/s  %wrqm w_await wareq-sz     d/s     dkB/s   drqm/s  %drqm d_await dareq-sz     f/s f_await  aqu-sz  %util
sda              0.00      0.00     0.00   0.00    0.00     0.00  101.00   2588.00    30.00  22.90   15.52    25.62    0.00      0.00     0.00   0.00    0.00     0.00   29.00   33.59    2.54 100.80


2026년 06월 29일 22시 46분 27초
avg-cpu:  %user   %nice %system %iowait  %steal   %idle
           4.67    0.00    0.63   20.58    0.00   74.12

Device            r/s     rkB/s   rrqm/s  %rrqm r_await rareq-sz     w/s     wkB/s   wrqm/s  %wrqm w_await wareq-sz     d/s     dkB/s   drqm/s  %drqm d_await dareq-sz     f/s f_await  aqu-sz  %util
sda              2.00      8.00     0.00   0.00   45.00     4.00   89.00   2600.00    36.00  28.80   17.27    29.21    0.00      0.00     0.00   0.00    0.00     0.00   35.00   25.37    2.52  80.80


2026년 06월 29일 22시 46분 28초
avg-cpu:  %user   %nice %system %iowait  %steal   %idle
           0.51    0.00    0.25   19.37    0.00   79.87

Device            r/s     rkB/s   rrqm/s  %rrqm r_await rareq-sz     w/s     wkB/s   wrqm/s  %wrqm w_await wareq-sz     d/s     dkB/s   drqm/s  %drqm d_await dareq-sz     f/s f_await  aqu-sz  %util
sda              0.00      0.00     0.00   0.00    0.00     0.00   98.00   2220.00    31.00  24.03   19.57    22.65    0.00      0.00     0.00   0.00    0.00     0.00   33.00   31.58    2.96 102.40


