Linux 5.15.0-157-generic (cgda) 	2026년 06월 29일 	_x86_64_	(8 CPU)

2026년 06월 29일 21시 53분 16초
avg-cpu:  %user   %nice %system %iowait  %steal   %idle
           0.10    0.00    0.09    0.07    0.00   99.73

Device            r/s     rkB/s   rrqm/s  %rrqm r_await rareq-sz     w/s     wkB/s   wrqm/s  %wrqm w_await wareq-sz     d/s     dkB/s   drqm/s  %drqm d_await dareq-sz     f/s f_await  aqu-sz  %util
sda              0.04      0.55     0.01  25.37   31.18    15.62    1.27     14.51     0.56  30.45    7.57    11.40    0.00      0.00     0.00   0.00    0.00     0.00    0.24   16.93    0.01   0.64


2026년 06월 29일 21시 53분 17초
avg-cpu:  %user   %nice %system %iowait  %steal   %idle
           0.62    0.00    0.50    0.00    0.00   98.88

Device            r/s     rkB/s   rrqm/s  %rrqm r_await rareq-sz     w/s     wkB/s   wrqm/s  %wrqm w_await wareq-sz     d/s     dkB/s   drqm/s  %drqm d_await dareq-sz     f/s f_await  aqu-sz  %util


2026년 06월 29일 21시 53분 18초
avg-cpu:  %user   %nice %system %iowait  %steal   %idle
           1.01    0.00    1.01    0.00    0.00   97.98

Device            r/s     rkB/s   rrqm/s  %rrqm r_await rareq-sz     w/s     wkB/s   wrqm/s  %wrqm w_await wareq-sz     d/s     dkB/s   drqm/s  %drqm d_await dareq-sz     f/s f_await  aqu-sz  %util
sda              0.00      0.00     0.00   0.00    0.00     0.00    3.00     24.00     2.00  40.00    1.33     8.00    0.00      0.00     0.00   0.00    0.00     0.00    0.00    0.00    0.00   0.40


2026년 06월 29일 21시 53분 19초
avg-cpu:  %user   %nice %system %iowait  %steal   %idle
           1.01    0.00    1.01   11.45    0.00   86.54

Device            r/s     rkB/s   rrqm/s  %rrqm r_await rareq-sz     w/s     wkB/s   wrqm/s  %wrqm w_await wareq-sz     d/s     dkB/s   drqm/s  %drqm d_await dareq-sz     f/s f_await  aqu-sz  %util
sda              6.00     32.00     2.00  25.00    8.00     5.33   51.00    524.00    41.00  44.57   16.90    10.27    0.00      0.00     0.00   0.00    0.00     0.00   27.00   25.59    1.60  75.20


2026년 06월 29일 21시 53분 20초
avg-cpu:  %user   %nice %system %iowait  %steal   %idle
           0.89    0.00    0.89   16.10    0.00   82.13

Device            r/s     rkB/s   rrqm/s  %rrqm r_await rareq-sz     w/s     wkB/s   wrqm/s  %wrqm w_await wareq-sz     d/s     dkB/s   drqm/s  %drqm d_await dareq-sz     f/s f_await  aqu-sz  %util
sda              1.00      4.00     0.00   0.00   71.00     4.00   86.00    912.00    36.00  29.51   14.90    10.60    0.00      0.00     0.00   0.00    0.00     0.00   41.00   23.17    2.30  95.20


2026년 06월 29일 21시 53분 21초
avg-cpu:  %user   %nice %system %iowait  %steal   %idle
           2.03    0.00    1.01   13.04    0.00   83.92

Device            r/s     rkB/s   rrqm/s  %rrqm r_await rareq-sz     w/s     wkB/s   wrqm/s  %wrqm w_await wareq-sz     d/s     dkB/s   drqm/s  %drqm d_await dareq-sz     f/s f_await  aqu-sz  %util
sda              0.00      0.00     0.00   0.00    0.00     0.00   75.00    584.00    40.00  34.78   14.49     7.79    0.00      0.00     0.00   0.00    0.00     0.00   41.00   22.54    2.01  92.00


2026년 06월 29일 21시 53분 22초
avg-cpu:  %user   %nice %system %iowait  %steal   %idle
           2.29    0.00    1.52   13.60    0.00   82.59

Device            r/s     rkB/s   rrqm/s  %rrqm r_await rareq-sz     w/s     wkB/s   wrqm/s  %wrqm w_await wareq-sz     d/s     dkB/s   drqm/s  %drqm d_await dareq-sz     f/s f_await  aqu-sz  %util
sda              0.00      0.00     0.00   0.00    0.00     0.00   69.00    548.00    45.00  39.47   16.83     7.94    0.00      0.00     0.00   0.00    0.00     0.00   39.00   24.03    2.10  96.00


2026년 06월 29일 21시 53분 23초
avg-cpu:  %user   %nice %system %iowait  %steal   %idle
           2.77    0.00    1.51   12.72    0.00   83.00

Device            r/s     rkB/s   rrqm/s  %rrqm r_await rareq-sz     w/s     wkB/s   wrqm/s  %wrqm w_await wareq-sz     d/s     dkB/s   drqm/s  %drqm d_await dareq-sz     f/s f_await  aqu-sz  %util
sda              0.00      0.00     0.00   0.00    0.00     0.00   80.00    648.00    56.00  41.18   13.04     8.10    0.00      0.00     0.00   0.00    0.00     0.00   47.00   19.36    1.95  94.80


2026년 06월 29일 21시 53분 24초
avg-cpu:  %user   %nice %system %iowait  %steal   %idle
           2.78    0.00    0.76   14.90    0.00   81.57

Device            r/s     rkB/s   rrqm/s  %rrqm r_await rareq-sz     w/s     wkB/s   wrqm/s  %wrqm w_await wareq-sz     d/s     dkB/s   drqm/s  %drqm d_await dareq-sz     f/s f_await  aqu-sz  %util
sda              0.00      0.00     0.00   0.00    0.00     0.00   81.00    576.00    37.00  31.36   16.05     7.11    0.00      0.00     0.00   0.00    0.00     0.00   30.00   31.20    2.24  90.00


2026년 06월 29일 21시 53분 25초
avg-cpu:  %user   %nice %system %iowait  %steal   %idle
           2.02    0.00    1.01   12.64    0.00   84.32

Device            r/s     rkB/s   rrqm/s  %rrqm r_await rareq-sz     w/s     wkB/s   wrqm/s  %wrqm w_await wareq-sz     d/s     dkB/s   drqm/s  %drqm d_await dareq-sz     f/s f_await  aqu-sz  %util
sda              0.00      0.00     0.00   0.00    0.00     0.00   74.00    564.00    44.00  37.29   14.18     7.62    0.00      0.00     0.00   0.00    0.00     0.00   45.00   21.13    2.00  99.20


2026년 06월 29일 21시 53분 26초
avg-cpu:  %user   %nice %system %iowait  %steal   %idle
           4.91    0.00    1.39   14.99    0.00   78.72

Device            r/s     rkB/s   rrqm/s  %rrqm r_await rareq-sz     w/s     wkB/s   wrqm/s  %wrqm w_await wareq-sz     d/s     dkB/s   drqm/s  %drqm d_await dareq-sz     f/s f_await  aqu-sz  %util
sda              1.00      4.00     0.00   0.00   23.00     4.00   72.00    608.00    52.00  41.94   16.36     8.44    0.00      0.00     0.00   0.00    0.00     0.00   42.00   22.17    2.13  96.00


2026년 06월 29일 21시 53분 27초
avg-cpu:  %user   %nice %system %iowait  %steal   %idle
           2.14    0.00    1.38   13.58    0.00   82.89

Device            r/s     rkB/s   rrqm/s  %rrqm r_await rareq-sz     w/s     wkB/s   wrqm/s  %wrqm w_await wareq-sz     d/s     dkB/s   drqm/s  %drqm d_await dareq-sz     f/s f_await  aqu-sz  %util
sda              0.00      0.00     0.00   0.00    0.00     0.00   71.00    576.00    48.00  40.34   15.83     8.11    0.00      0.00     0.00   0.00    0.00     0.00   40.00   23.85    2.08  94.00


2026년 06월 29일 21시 53분 28초
avg-cpu:  %user   %nice %system %iowait  %steal   %idle
           5.44    0.00    2.15   12.14    0.00   80.28

Device            r/s     rkB/s   rrqm/s  %rrqm r_await rareq-sz     w/s     wkB/s   wrqm/s  %wrqm w_await wareq-sz     d/s     dkB/s   drqm/s  %drqm d_await dareq-sz     f/s f_await  aqu-sz  %util
sda              0.00      0.00     0.00   0.00    0.00     0.00   74.00    708.00    73.00  49.66   13.72     9.57    0.00      0.00     0.00   0.00    0.00     0.00   42.00   22.12    1.94  96.40


2026년 06월 29일 21시 53분 29초
avg-cpu:  %user   %nice %system %iowait  %steal   %idle
           4.27    0.00    1.01   13.94    0.00   80.78

Device            r/s     rkB/s   rrqm/s  %rrqm r_await rareq-sz     w/s     wkB/s   wrqm/s  %wrqm w_await wareq-sz     d/s     dkB/s   drqm/s  %drqm d_await dareq-sz     f/s f_await  aqu-sz  %util
sda              0.00      0.00     0.00   0.00    0.00     0.00   76.00    572.00    44.00  36.67   28.25     7.53    0.00      0.00     0.00   0.00    0.00     0.00   35.00   27.00    3.09  91.20


2026년 06월 29일 21시 53분 30초
avg-cpu:  %user   %nice %system %iowait  %steal   %idle
           2.53    0.00    0.89   15.32    0.00   81.27

Device            r/s     rkB/s   rrqm/s  %rrqm r_await rareq-sz     w/s     wkB/s   wrqm/s  %wrqm w_await wareq-sz     d/s     dkB/s   drqm/s  %drqm d_await dareq-sz     f/s f_await  aqu-sz  %util
sda              0.00      0.00     0.00   0.00    0.00     0.00   86.00    792.00    66.00  43.42   16.12     9.21    0.00      0.00     0.00   0.00    0.00     0.00   46.00   20.17    2.31 102.00


2026년 06월 29일 21시 53분 31초
avg-cpu:  %user   %nice %system %iowait  %steal   %idle
           3.14    0.00    1.38   13.21    0.00   82.26

Device            r/s     rkB/s   rrqm/s  %rrqm r_await rareq-sz     w/s     wkB/s   wrqm/s  %wrqm w_await wareq-sz     d/s     dkB/s   drqm/s  %drqm d_await dareq-sz     f/s f_await  aqu-sz  %util
sda              0.00      0.00     0.00   0.00    0.00     0.00   83.00    648.00    45.00  35.16   13.33     7.81    0.00      0.00     0.00   0.00    0.00     0.00   47.00   20.06    2.05 100.00


2026년 06월 29일 21시 53분 32초
avg-cpu:  %user   %nice %system %iowait  %steal   %idle
           3.79    0.00    0.88   12.77    0.00   82.55

Device            r/s     rkB/s   rrqm/s  %rrqm r_await rareq-sz     w/s     wkB/s   wrqm/s  %wrqm w_await wareq-sz     d/s     dkB/s   drqm/s  %drqm d_await dareq-sz     f/s f_await  aqu-sz  %util
sda              1.00      4.00     0.00   0.00   27.00     4.00   75.00    656.00    51.00  40.48   14.32     8.75    0.00      0.00     0.00   0.00    0.00     0.00   43.00   21.53    2.03  96.40


2026년 06월 29일 21시 53분 33초
avg-cpu:  %user   %nice %system %iowait  %steal   %idle
           4.40    0.00    1.01   13.46    0.00   81.13

Device            r/s     rkB/s   rrqm/s  %rrqm r_await rareq-sz     w/s     wkB/s   wrqm/s  %wrqm w_await wareq-sz     d/s     dkB/s   drqm/s  %drqm d_await dareq-sz     f/s f_await  aqu-sz  %util
sda              0.00      0.00     0.00   0.00    0.00     0.00   77.00    636.00    54.00  41.22   15.14     8.26    0.00      0.00     0.00   0.00    0.00     0.00   46.00   20.54    2.11  97.60


2026년 06월 29일 21시 53분 34초
avg-cpu:  %user   %nice %system %iowait  %steal   %idle
           2.78    0.00    0.76   13.92    0.00   82.53

Device            r/s     rkB/s   rrqm/s  %rrqm r_await rareq-sz     w/s     wkB/s   wrqm/s  %wrqm w_await wareq-sz     d/s     dkB/s   drqm/s  %drqm d_await dareq-sz     f/s f_await  aqu-sz  %util
sda              0.00      0.00     0.00   0.00    0.00     0.00   66.00    632.00    50.00  43.10   17.42     9.58    0.00      0.00     0.00   0.00    0.00     0.00   38.00   24.76    2.09  91.20


2026년 06월 29일 21시 53분 35초
avg-cpu:  %user   %nice %system %iowait  %steal   %idle
           1.52    0.00    1.27   13.81    0.00   83.40

Device            r/s     rkB/s   rrqm/s  %rrqm r_await rareq-sz     w/s     wkB/s   wrqm/s  %wrqm w_await wareq-sz     d/s     dkB/s   drqm/s  %drqm d_await dareq-sz     f/s f_await  aqu-sz  %util
sda              0.00      0.00     0.00   0.00    0.00     0.00   85.00    736.00    58.00  40.56   13.32     8.66    0.00      0.00     0.00   0.00    0.00     0.00   48.00   19.60    2.07  92.80


2026년 06월 29일 21시 53분 36초
avg-cpu:  %user   %nice %system %iowait  %steal   %idle
           4.27    0.00    1.26   13.82    0.00   80.65

Device            r/s     rkB/s   rrqm/s  %rrqm r_await rareq-sz     w/s     wkB/s   wrqm/s  %wrqm w_await wareq-sz     d/s     dkB/s   drqm/s  %drqm d_await dareq-sz     f/s f_await  aqu-sz  %util
sda              0.00      0.00     0.00   0.00    0.00     0.00   73.00    740.00    59.00  44.70   16.22    10.14    0.00      0.00     0.00   0.00    0.00     0.00   40.00   23.27    2.11  96.00


2026년 06월 29일 21시 53분 37초
avg-cpu:  %user   %nice %system %iowait  %steal   %idle
           4.17    0.00    2.15   15.30    0.00   78.38

Device            r/s     rkB/s   rrqm/s  %rrqm r_await rareq-sz     w/s     wkB/s   wrqm/s  %wrqm w_await wareq-sz     d/s     dkB/s   drqm/s  %drqm d_await dareq-sz     f/s f_await  aqu-sz  %util
sda              0.00      0.00     0.00   0.00    0.00     0.00   86.00    840.00    68.00  44.16   15.79     9.77    0.00      0.00     0.00   0.00    0.00     0.00   46.00   21.17    2.33  96.80


2026년 06월 29일 21시 53분 38초
avg-cpu:  %user   %nice %system %iowait  %steal   %idle
           5.42    0.00    1.89   11.84    0.00   80.86

Device            r/s     rkB/s   rrqm/s  %rrqm r_await rareq-sz     w/s     wkB/s   wrqm/s  %wrqm w_await wareq-sz     d/s     dkB/s   drqm/s  %drqm d_await dareq-sz     f/s f_await  aqu-sz  %util
sda              0.00      0.00     0.00   0.00    0.00     0.00   72.00    668.00    59.00  45.04   13.99     9.28    0.00      0.00     0.00   0.00    0.00     0.00   41.00   23.00    1.95  95.20


2026년 06월 29일 21시 53분 39초
avg-cpu:  %user   %nice %system %iowait  %steal   %idle
           3.29    0.00    0.89   14.18    0.00   81.65

Device            r/s     rkB/s   rrqm/s  %rrqm r_await rareq-sz     w/s     wkB/s   wrqm/s  %wrqm w_await wareq-sz     d/s     dkB/s   drqm/s  %drqm d_await dareq-sz     f/s f_await  aqu-sz  %util
sda              0.00      0.00     0.00   0.00    0.00     0.00   81.00    720.00    62.00  43.36   15.54     8.89    0.00      0.00     0.00   0.00    0.00     0.00   45.00   20.20    2.17  95.60


2026년 06월 29일 21시 53분 40초
avg-cpu:  %user   %nice %system %iowait  %steal   %idle
           2.53    0.00    0.76   15.21    0.00   81.50

Device            r/s     rkB/s   rrqm/s  %rrqm r_await rareq-sz     w/s     wkB/s   wrqm/s  %wrqm w_await wareq-sz     d/s     dkB/s   drqm/s  %drqm d_await dareq-sz     f/s f_await  aqu-sz  %util
sda              1.00      8.00     1.00  50.00   78.00     8.00   76.00    632.00    45.00  37.19   15.92     8.32    0.00      0.00     0.00   0.00    0.00     0.00   39.00   24.79    2.26  99.20


2026년 06월 29일 21시 53분 41초
avg-cpu:  %user   %nice %system %iowait  %steal   %idle
           2.14    0.00    1.26   14.61    0.00   81.99

Device            r/s     rkB/s   rrqm/s  %rrqm r_await rareq-sz     w/s     wkB/s   wrqm/s  %wrqm w_await wareq-sz     d/s     dkB/s   drqm/s  %drqm d_await dareq-sz     f/s f_await  aqu-sz  %util
sda              0.00      0.00     0.00   0.00    0.00     0.00   82.00    784.00    62.00  43.06   14.46     9.56    0.00      0.00     0.00   0.00    0.00     0.00   43.00   21.26    2.10  92.80


2026년 06월 29일 21시 53분 42초
avg-cpu:  %user   %nice %system %iowait  %steal   %idle
           2.79    0.00    1.14   13.94    0.00   82.13

Device            r/s     rkB/s   rrqm/s  %rrqm r_await rareq-sz     w/s     wkB/s   wrqm/s  %wrqm w_await wareq-sz     d/s     dkB/s   drqm/s  %drqm d_await dareq-sz     f/s f_await  aqu-sz  %util
sda              0.00      0.00     0.00   0.00    0.00     0.00   78.00    664.00    44.00  36.07   14.78     8.51    0.00      0.00     0.00   0.00    0.00     0.00   40.00   23.48    2.09  94.00


2026년 06월 29일 21시 53분 43초
avg-cpu:  %user   %nice %system %iowait  %steal   %idle
           2.90    0.00    0.76   14.77    0.00   81.57

Device            r/s     rkB/s   rrqm/s  %rrqm r_await rareq-sz     w/s     wkB/s   wrqm/s  %wrqm w_await wareq-sz     d/s     dkB/s   drqm/s  %drqm d_await dareq-sz     f/s f_await  aqu-sz  %util
sda              0.00      0.00     0.00   0.00    0.00     0.00   75.00    704.00    52.00  40.94   15.76     9.39    0.00      0.00     0.00   0.00    0.00     0.00   37.00   26.57    2.17  98.40


2026년 06월 29일 21시 53분 44초
avg-cpu:  %user   %nice %system %iowait  %steal   %idle
           5.82    0.00    0.89   12.66    0.00   80.63

Device            r/s     rkB/s   rrqm/s  %rrqm r_await rareq-sz     w/s     wkB/s   wrqm/s  %wrqm w_await wareq-sz     d/s     dkB/s   drqm/s  %drqm d_await dareq-sz     f/s f_await  aqu-sz  %util
sda              0.00      0.00     0.00   0.00    0.00     0.00   81.00    692.00    57.00  41.30   13.77     8.54    0.00      0.00     0.00   0.00    0.00     0.00   47.00   19.60    2.04  97.60


2026년 06월 29일 21시 53분 45초
avg-cpu:  %user   %nice %system %iowait  %steal   %idle
           1.78    0.00    0.76   14.10    0.00   83.35

Device            r/s     rkB/s   rrqm/s  %rrqm r_await rareq-sz     w/s     wkB/s   wrqm/s  %wrqm w_await wareq-sz     d/s     dkB/s   drqm/s  %drqm d_await dareq-sz     f/s f_await  aqu-sz  %util
sda              0.00      0.00     0.00   0.00    0.00     0.00   76.00    636.00    51.00  40.16   15.46     8.37    0.00      0.00     0.00   0.00    0.00     0.00   41.00   23.00    2.12 100.40


2026년 06월 29일 21시 53분 46초
avg-cpu:  %user   %nice %system %iowait  %steal   %idle
           2.15    0.00    1.14   13.51    0.00   83.21

Device            r/s     rkB/s   rrqm/s  %rrqm r_await rareq-sz     w/s     wkB/s   wrqm/s  %wrqm w_await wareq-sz     d/s     dkB/s   drqm/s  %drqm d_await dareq-sz     f/s f_await  aqu-sz  %util
sda              0.00      0.00     0.00   0.00    0.00     0.00   77.00    648.00    53.00  40.77   14.05     8.42    0.00      0.00     0.00   0.00    0.00     0.00   42.00   21.71    1.99  89.20


2026년 06월 29일 21시 53분 47초
avg-cpu:  %user   %nice %system %iowait  %steal   %idle
           2.53    0.00    1.14   12.53    0.00   83.80

Device            r/s     rkB/s   rrqm/s  %rrqm r_await rareq-sz     w/s     wkB/s   wrqm/s  %wrqm w_await wareq-sz     d/s     dkB/s   drqm/s  %drqm d_await dareq-sz     f/s f_await  aqu-sz  %util
sda              0.00      0.00     0.00   0.00    0.00     0.00   72.00    708.00    67.00  48.20   14.51     9.83    0.00      0.00     0.00   0.00    0.00     0.00   43.00   22.28    2.00  99.20


2026년 06월 29일 21시 53분 48초
avg-cpu:  %user   %nice %system %iowait  %steal   %idle
           3.43    0.00    1.90   12.94    0.00   81.73

Device            r/s     rkB/s   rrqm/s  %rrqm r_await rareq-sz     w/s     wkB/s   wrqm/s  %wrqm w_await wareq-sz     d/s     dkB/s   drqm/s  %drqm d_await dareq-sz     f/s f_await  aqu-sz  %util
sda              0.00      0.00     0.00   0.00    0.00     0.00   75.00    704.00    61.00  44.85   14.55     9.39    0.00      0.00     0.00   0.00    0.00     0.00   40.00   24.05    2.05  88.00


2026년 06월 29일 21시 53분 49초
avg-cpu:  %user   %nice %system %iowait  %steal   %idle
           3.40    0.00    1.01   14.23    0.00   81.36

Device            r/s     rkB/s   rrqm/s  %rrqm r_await rareq-sz     w/s     wkB/s   wrqm/s  %wrqm w_await wareq-sz     d/s     dkB/s   drqm/s  %drqm d_await dareq-sz     f/s f_await  aqu-sz  %util
sda              0.00      0.00     0.00   0.00    0.00     0.00   78.00    640.00    47.00  37.60   15.54     8.21    0.00      0.00     0.00   0.00    0.00     0.00   43.00   22.12    2.16 100.80


2026년 06월 29일 21시 53분 50초
avg-cpu:  %user   %nice %system %iowait  %steal   %idle
           1.78    0.00    0.89   13.72    0.00   83.61

Device            r/s     rkB/s   rrqm/s  %rrqm r_await rareq-sz     w/s     wkB/s   wrqm/s  %wrqm w_await wareq-sz     d/s     dkB/s   drqm/s  %drqm d_await dareq-sz     f/s f_await  aqu-sz  %util
sda              0.00      0.00     0.00   0.00    0.00     0.00   74.00    636.00    50.00  40.32   14.80     8.59    0.00      0.00     0.00   0.00    0.00     0.00   41.00   22.27    2.01  87.60


2026년 06월 29일 21시 53분 51초
avg-cpu:  %user   %nice %system %iowait  %steal   %idle
           2.27    0.00    1.64   13.75    0.00   82.35

Device            r/s     rkB/s   rrqm/s  %rrqm r_await rareq-sz     w/s     wkB/s   wrqm/s  %wrqm w_await wareq-sz     d/s     dkB/s   drqm/s  %drqm d_await dareq-sz     f/s f_await  aqu-sz  %util
sda              0.00      0.00     0.00   0.00    0.00     0.00   75.00    660.00    53.00  41.41   15.12     8.80    0.00      0.00     0.00   0.00    0.00     0.00   41.00   23.37    2.09  93.60


2026년 06월 29일 21시 53분 52초
avg-cpu:  %user   %nice %system %iowait  %steal   %idle
           3.16    0.00    1.65   14.43    0.00   80.76

Device            r/s     rkB/s   rrqm/s  %rrqm r_await rareq-sz     w/s     wkB/s   wrqm/s  %wrqm w_await wareq-sz     d/s     dkB/s   drqm/s  %drqm d_await dareq-sz     f/s f_await  aqu-sz  %util
sda              2.00      8.00     0.00   0.00   35.00     4.00   68.00    644.00    58.00  46.03   16.62     9.47    0.00      0.00     0.00   0.00    0.00     0.00   36.00   26.64    2.16  90.80


2026년 06월 29일 21시 53분 53초
avg-cpu:  %user   %nice %system %iowait  %steal   %idle
           2.78    0.00    0.63   14.05    0.00   82.53

Device            r/s     rkB/s   rrqm/s  %rrqm r_await rareq-sz     w/s     wkB/s   wrqm/s  %wrqm w_await wareq-sz     d/s     dkB/s   drqm/s  %drqm d_await dareq-sz     f/s f_await  aqu-sz  %util
sda              0.00      0.00     0.00   0.00    0.00     0.00   87.00    700.00    54.00  38.30   14.55     8.05    0.00      0.00     0.00   0.00    0.00     0.00   41.00   22.76    2.20 101.20


2026년 06월 29일 21시 53분 54초
avg-cpu:  %user   %nice %system %iowait  %steal   %idle
           3.02    0.00    1.01   14.23    0.00   81.74

Device            r/s     rkB/s   rrqm/s  %rrqm r_await rareq-sz     w/s     wkB/s   wrqm/s  %wrqm w_await wareq-sz     d/s     dkB/s   drqm/s  %drqm d_await dareq-sz     f/s f_await  aqu-sz  %util
sda              0.00      0.00     0.00   0.00    0.00     0.00   78.00    692.00    53.00  40.46   24.78     8.87    0.00      0.00     0.00   0.00    0.00     0.00   38.00   24.76    2.87  96.40


2026년 06월 29일 21시 53분 55초
avg-cpu:  %user   %nice %system %iowait  %steal   %idle
           2.27    0.00    0.88   14.52    0.00   82.32

Device            r/s     rkB/s   rrqm/s  %rrqm r_await rareq-sz     w/s     wkB/s   wrqm/s  %wrqm w_await wareq-sz     d/s     dkB/s   drqm/s  %drqm d_await dareq-sz     f/s f_await  aqu-sz  %util
sda              0.00      0.00     0.00   0.00    0.00     0.00   70.00    676.00    48.00  40.68   16.99     9.66    0.00      0.00     0.00   0.00    0.00     0.00   35.00   26.49    2.12  94.80


2026년 06월 29일 21시 53분 56초
avg-cpu:  %user   %nice %system %iowait  %steal   %idle
           2.40    0.00    1.01   15.76    0.00   80.83

Device            r/s     rkB/s   rrqm/s  %rrqm r_await rareq-sz     w/s     wkB/s   wrqm/s  %wrqm w_await wareq-sz     d/s     dkB/s   drqm/s  %drqm d_await dareq-sz     f/s f_await  aqu-sz  %util
sda              0.00      0.00     0.00   0.00    0.00     0.00   68.00    588.00    46.00  40.35   19.90     8.65    0.00      0.00     0.00   0.00    0.00     0.00   37.00   26.38    2.33 101.60


2026년 06월 29일 21시 53분 57초
avg-cpu:  %user   %nice %system %iowait  %steal   %idle
           2.91    0.00    1.64   13.65    0.00   81.80

Device            r/s     rkB/s   rrqm/s  %rrqm r_await rareq-sz     w/s     wkB/s   wrqm/s  %wrqm w_await wareq-sz     d/s     dkB/s   drqm/s  %drqm d_await dareq-sz     f/s f_await  aqu-sz  %util
sda              0.00      0.00     0.00   0.00    0.00     0.00   75.00    712.00    61.00  44.85   15.13     9.49    0.00      0.00     0.00   0.00    0.00     0.00   41.00   23.05    2.08  95.60


2026년 06월 29일 21시 53분 58초
avg-cpu:  %user   %nice %system %iowait  %steal   %idle
           3.82    0.00    1.27   13.61    0.00   81.30

Device            r/s     rkB/s   rrqm/s  %rrqm r_await rareq-sz     w/s     wkB/s   wrqm/s  %wrqm w_await wareq-sz     d/s     dkB/s   drqm/s  %drqm d_await dareq-sz     f/s f_await  aqu-sz  %util
sda              0.00      0.00     0.00   0.00    0.00     0.00   79.00    728.00    67.00  45.89   14.92     9.22    0.00      0.00     0.00   0.00    0.00     0.00   42.00   22.38    2.12  98.00


2026년 06월 29일 21시 53분 59초
avg-cpu:  %user   %nice %system %iowait  %steal   %idle
           2.63    0.00    1.88   14.39    0.00   81.10

Device            r/s     rkB/s   rrqm/s  %rrqm r_await rareq-sz     w/s     wkB/s   wrqm/s  %wrqm w_await wareq-sz     d/s     dkB/s   drqm/s  %drqm d_await dareq-sz     f/s f_await  aqu-sz  %util
sda              0.00      0.00     0.00   0.00    0.00     0.00   75.00    676.00    48.00  39.02   15.61     9.01    0.00      0.00     0.00   0.00    0.00     0.00   39.00   24.03    2.11  97.20


2026년 06월 29일 21시 54분 00초
avg-cpu:  %user   %nice %system %iowait  %steal   %idle
           2.27    0.00    0.50   13.49    0.00   83.73

Device            r/s     rkB/s   rrqm/s  %rrqm r_await rareq-sz     w/s     wkB/s   wrqm/s  %wrqm w_await wareq-sz     d/s     dkB/s   drqm/s  %drqm d_await dareq-sz     f/s f_await  aqu-sz  %util
sda              0.00      0.00     0.00   0.00    0.00     0.00   87.00    676.00    49.00  36.03   15.02     7.77    0.00      0.00     0.00   0.00    0.00     0.00   30.00   29.17    2.18  89.60


2026년 06월 29일 21시 54분 01초
avg-cpu:  %user   %nice %system %iowait  %steal   %idle
           2.03    0.00    0.76   16.60    0.00   80.61

Device            r/s     rkB/s   rrqm/s  %rrqm r_await rareq-sz     w/s     wkB/s   wrqm/s  %wrqm w_await wareq-sz     d/s     dkB/s   drqm/s  %drqm d_await dareq-sz     f/s f_await  aqu-sz  %util
sda              1.00     16.00     3.00  75.00   16.00    16.00   84.00    868.00    62.00  42.47   17.23    10.33    0.00      0.00     0.00   0.00    0.00     0.00   40.00   26.38    2.52 104.80


2026년 06월 29일 21시 54분 02초
avg-cpu:  %user   %nice %system %iowait  %steal   %idle
           2.76    0.00    1.13   15.79    0.00   80.33

Device            r/s     rkB/s   rrqm/s  %rrqm r_await rareq-sz     w/s     wkB/s   wrqm/s  %wrqm w_await wareq-sz     d/s     dkB/s   drqm/s  %drqm d_await dareq-sz     f/s f_await  aqu-sz  %util
sda              0.00      0.00     0.00   0.00    0.00     0.00   82.00    672.00    47.00  36.43   16.30     8.20    0.00      0.00     0.00   0.00    0.00     0.00   44.00   20.89    2.26  96.40


2026년 06월 29일 21시 54분 03초
avg-cpu:  %user   %nice %system %iowait  %steal   %idle
           2.15    0.00    1.01   14.02    0.00   82.83

Device            r/s     rkB/s   rrqm/s  %rrqm r_await rareq-sz     w/s     wkB/s   wrqm/s  %wrqm w_await wareq-sz     d/s     dkB/s   drqm/s  %drqm d_await dareq-sz     f/s f_await  aqu-sz  %util
sda              0.00      0.00     0.00   0.00    0.00     0.00   82.00   1956.00    61.00  42.66   14.45    23.85    0.00      0.00     0.00   0.00    0.00     0.00   44.00   21.50    2.13  98.00


2026년 06월 29일 21시 54분 04초
avg-cpu:  %user   %nice %system %iowait  %steal   %idle
           2.26    0.00    1.13   14.97    0.00   81.64

Device            r/s     rkB/s   rrqm/s  %rrqm r_await rareq-sz     w/s     wkB/s   wrqm/s  %wrqm w_await wareq-sz     d/s     dkB/s   drqm/s  %drqm d_await dareq-sz     f/s f_await  aqu-sz  %util
sda              0.00      0.00     0.00   0.00    0.00     0.00   60.00   5680.00    57.00  48.72   20.35    94.67    0.00      0.00     0.00   0.00    0.00     0.00   28.00   32.64    2.13  86.00


2026년 06월 29일 21시 54분 05초
avg-cpu:  %user   %nice %system %iowait  %steal   %idle
           2.15    0.00    1.26   17.68    0.00   78.91

Device            r/s     rkB/s   rrqm/s  %rrqm r_await rareq-sz     w/s     wkB/s   wrqm/s  %wrqm w_await wareq-sz     d/s     dkB/s   drqm/s  %drqm d_await dareq-sz     f/s f_await  aqu-sz  %util
sda              1.00     16.00     3.00  75.00   22.00    16.00   69.00   2724.00    46.00  40.00   21.93    39.48    0.00      0.00     0.00   0.00    0.00     0.00   39.00   24.13    2.48 102.80


2026년 06월 29일 21시 54분 06초
avg-cpu:  %user   %nice %system %iowait  %steal   %idle
           3.55    0.00    0.89   14.21    0.00   81.35

Device            r/s     rkB/s   rrqm/s  %rrqm r_await rareq-sz     w/s     wkB/s   wrqm/s  %wrqm w_await wareq-sz     d/s     dkB/s   drqm/s  %drqm d_await dareq-sz     f/s f_await  aqu-sz  %util
sda              0.00      0.00     0.00   0.00    0.00     0.00   63.00    608.00    46.00  42.20   17.98     9.65    0.00      0.00     0.00   0.00    0.00     0.00   32.00   28.72    2.05  94.80


2026년 06월 29일 21시 54분 07초
avg-cpu:  %user   %nice %system %iowait  %steal   %idle
           4.18    0.00    1.90   14.20    0.00   79.72

Device            r/s     rkB/s   rrqm/s  %rrqm r_await rareq-sz     w/s     wkB/s   wrqm/s  %wrqm w_await wareq-sz     d/s     dkB/s   drqm/s  %drqm d_await dareq-sz     f/s f_await  aqu-sz  %util
sda              0.00      0.00     0.00   0.00    0.00     0.00   71.00    712.00    69.00  49.29   16.30    10.03    0.00      0.00     0.00   0.00    0.00     0.00   40.00   23.43    2.10  92.00


2026년 06월 29일 21시 54분 08초
avg-cpu:  %user   %nice %system %iowait  %steal   %idle
           3.18    0.00    2.29   12.87    0.00   81.66

Device            r/s     rkB/s   rrqm/s  %rrqm r_await rareq-sz     w/s     wkB/s   wrqm/s  %wrqm w_await wareq-sz     d/s     dkB/s   drqm/s  %drqm d_await dareq-sz     f/s f_await  aqu-sz  %util
sda              0.00      0.00     0.00   0.00    0.00     0.00   83.00    772.00    72.00  46.45   13.71     9.30    0.00      0.00     0.00   0.00    0.00     0.00   44.00   20.52    2.04  95.20


2026년 06월 29일 21시 54분 09초
avg-cpu:  %user   %nice %system %iowait  %steal   %idle
           2.04    0.00    0.89   13.36    0.00   83.72

Device            r/s     rkB/s   rrqm/s  %rrqm r_await rareq-sz     w/s     wkB/s   wrqm/s  %wrqm w_await wareq-sz     d/s     dkB/s   drqm/s  %drqm d_await dareq-sz     f/s f_await  aqu-sz  %util
sda              0.00      0.00     0.00   0.00    0.00     0.00   69.00    628.00    50.00  42.02   15.91     9.10    0.00      0.00     0.00   0.00    0.00     0.00   38.00   24.87    2.04  93.20


2026년 06월 29일 21시 54분 10초
avg-cpu:  %user   %nice %system %iowait  %steal   %idle
           2.91    0.00    1.01   13.29    0.00   82.78

Device            r/s     rkB/s   rrqm/s  %rrqm r_await rareq-sz     w/s     wkB/s   wrqm/s  %wrqm w_await wareq-sz     d/s     dkB/s   drqm/s  %drqm d_await dareq-sz     f/s f_await  aqu-sz  %util
sda              0.00      0.00     0.00   0.00    0.00     0.00   73.00    640.00    51.00  41.13   14.40     8.77    0.00      0.00     0.00   0.00    0.00     0.00   40.00   21.70    1.92  85.20


2026년 06월 29일 21시 54분 11초
avg-cpu:  %user   %nice %system %iowait  %steal   %idle
           3.43    0.00    1.14   13.58    0.00   81.85

Device            r/s     rkB/s   rrqm/s  %rrqm r_await rareq-sz     w/s     wkB/s   wrqm/s  %wrqm w_await wareq-sz     d/s     dkB/s   drqm/s  %drqm d_await dareq-sz     f/s f_await  aqu-sz  %util
sda              0.00      0.00     0.00   0.00    0.00     0.00   72.00    688.00    52.00  41.94   14.47     9.56    0.00      0.00     0.00   0.00    0.00     0.00   39.00   25.21    2.03 102.40


2026년 06월 29일 21시 54분 12초
avg-cpu:  %user   %nice %system %iowait  %steal   %idle
           2.03    0.00    0.89   17.09    0.00   80.00

Device            r/s     rkB/s   rrqm/s  %rrqm r_await rareq-sz     w/s     wkB/s   wrqm/s  %wrqm w_await wareq-sz     d/s     dkB/s   drqm/s  %drqm d_await dareq-sz     f/s f_await  aqu-sz  %util
sda             25.00    168.00    17.00  40.48   20.04     6.72   55.00    484.00    31.00  36.05   21.09     8.80    0.00      0.00     0.00   0.00    0.00     0.00   29.00   28.97    2.50 101.20


2026년 06월 29일 21시 54분 13초
avg-cpu:  %user   %nice %system %iowait  %steal   %idle
           2.65    0.00    0.76   23.36    0.00   73.23

Device            r/s     rkB/s   rrqm/s  %rrqm r_await rareq-sz     w/s     wkB/s   wrqm/s  %wrqm w_await wareq-sz     d/s     dkB/s   drqm/s  %drqm d_await dareq-sz     f/s f_await  aqu-sz  %util
sda             37.00    356.00    55.00  59.78   24.05     9.62   45.00    452.00    21.00  31.82   28.27    10.04    0.00      0.00     0.00   0.00    0.00     0.00   21.00   35.62    2.91  93.20


2026년 06월 29일 21시 54분 14초
avg-cpu:  %user   %nice %system %iowait  %steal   %idle
           3.66    0.00    1.01   16.29    0.00   79.04

Device            r/s     rkB/s   rrqm/s  %rrqm r_await rareq-sz     w/s     wkB/s   wrqm/s  %wrqm w_await wareq-sz     d/s     dkB/s   drqm/s  %drqm d_await dareq-sz     f/s f_await  aqu-sz  %util
sda              8.00     96.00    13.00  61.90   31.12    12.00   76.00    744.00    51.00  40.16   17.18     9.79    0.00      0.00     0.00   0.00    0.00     0.00   37.00   23.86    2.44  94.80


2026년 06월 29일 21시 54분 15초
avg-cpu:  %user   %nice %system %iowait  %steal   %idle
           3.26    0.00    1.13   17.69    0.00   77.92

Device            r/s     rkB/s   rrqm/s  %rrqm r_await rareq-sz     w/s     wkB/s   wrqm/s  %wrqm w_await wareq-sz     d/s     dkB/s   drqm/s  %drqm d_await dareq-sz     f/s f_await  aqu-sz  %util
sda              4.00     32.00     4.00  50.00   68.00     8.00   63.00    540.00    39.00  38.24   18.56     8.57    0.00      0.00     0.00   0.00    0.00     0.00   32.00   29.06    2.37  95.60


2026년 06월 29일 21시 54분 16초
avg-cpu:  %user   %nice %system %iowait  %steal   %idle
           2.77    0.00    1.51   15.13    0.00   80.58

Device            r/s     rkB/s   rrqm/s  %rrqm r_await rareq-sz     w/s     wkB/s   wrqm/s  %wrqm w_await wareq-sz     d/s     dkB/s   drqm/s  %drqm d_await dareq-sz     f/s f_await  aqu-sz  %util
sda              4.00     16.00     0.00   0.00   34.50     4.00   84.00    764.00    54.00  39.13   14.20     9.10    0.00      0.00     0.00   0.00    0.00     0.00   43.00   21.28    2.25  91.60


2026년 06월 29일 21시 54분 17초
avg-cpu:  %user   %nice %system %iowait  %steal   %idle
           3.82    0.00    1.40   14.12    0.00   80.66

Device            r/s     rkB/s   rrqm/s  %rrqm r_await rareq-sz     w/s     wkB/s   wrqm/s  %wrqm w_await wareq-sz     d/s     dkB/s   drqm/s  %drqm d_await dareq-sz     f/s f_await  aqu-sz  %util
sda              0.00      0.00     0.00   0.00    0.00     0.00   77.00    716.00    59.00  43.38   15.58     9.30    0.00      0.00     0.00   0.00    0.00     0.00   43.00   21.53    2.13  95.20


2026년 06월 29일 21시 54분 18초
avg-cpu:  %user   %nice %system %iowait  %steal   %idle
           4.82    0.00    1.90   12.93    0.00   80.35

Device            r/s     rkB/s   rrqm/s  %rrqm r_await rareq-sz     w/s     wkB/s   wrqm/s  %wrqm w_await wareq-sz     d/s     dkB/s   drqm/s  %drqm d_await dareq-sz     f/s f_await  aqu-sz  %util
sda              0.00      0.00     0.00   0.00    0.00     0.00   71.00    724.00    66.00  48.18   15.10    10.20    0.00      0.00     0.00   0.00    0.00     0.00   39.00   24.00    2.01  93.60


2026년 06월 29일 21시 54분 19초
avg-cpu:  %user   %nice %system %iowait  %steal   %idle
           2.65    0.00    1.14   17.07    0.00   79.14

Device            r/s     rkB/s   rrqm/s  %rrqm r_await rareq-sz     w/s     wkB/s   wrqm/s  %wrqm w_await wareq-sz     d/s     dkB/s   drqm/s  %drqm d_await dareq-sz     f/s f_await  aqu-sz  %util
sda              8.00     64.00     8.00  50.00   35.88     8.00   62.00    564.00    47.00  43.12   20.81     9.10    0.00      0.00     0.00   0.00    0.00     0.00   30.00   27.93    2.42  87.60


2026년 06월 29일 21시 54분 20초
avg-cpu:  %user   %nice %system %iowait  %steal   %idle
           7.08    0.00    0.76   19.09    0.00   73.07

Device            r/s     rkB/s   rrqm/s  %rrqm r_await rareq-sz     w/s     wkB/s   wrqm/s  %wrqm w_await wareq-sz     d/s     dkB/s   drqm/s  %drqm d_await dareq-sz     f/s f_await  aqu-sz  %util
sda              1.00      4.00     0.00   0.00   43.00     4.00   72.00    752.00    54.00  42.86   19.89    10.44    0.00      0.00     0.00   0.00    0.00     0.00   36.00   28.44    2.50 100.00


2026년 06월 29일 21시 54분 21초
avg-cpu:  %user   %nice %system %iowait  %steal   %idle
           2.89    0.00    2.13   15.68    0.00   79.30

Device            r/s     rkB/s   rrqm/s  %rrqm r_await rareq-sz     w/s     wkB/s   wrqm/s  %wrqm w_await wareq-sz     d/s     dkB/s   drqm/s  %drqm d_await dareq-sz     f/s f_await  aqu-sz  %util
sda              0.00      0.00     0.00   0.00    0.00     0.00   86.14    712.87    45.54  34.59   16.46     8.28    0.00      0.00     0.00   0.00    0.00     0.00   45.54   20.70    2.36  97.82


2026년 06월 29일 21시 54분 22초
avg-cpu:  %user   %nice %system %iowait  %steal   %idle
           4.82    0.00    1.78   14.34    0.00   79.06

Device            r/s     rkB/s   rrqm/s  %rrqm r_await rareq-sz     w/s     wkB/s   wrqm/s  %wrqm w_await wareq-sz     d/s     dkB/s   drqm/s  %drqm d_await dareq-sz     f/s f_await  aqu-sz  %util
sda              0.00      0.00     0.00   0.00    0.00     0.00   75.00    740.00    63.00  45.65   16.33     9.87    0.00      0.00     0.00   0.00    0.00     0.00   38.00   24.68    2.16  97.60


2026년 06월 29일 21시 54분 23초
avg-cpu:  %user   %nice %system %iowait  %steal   %idle
           4.03    0.00    1.26   13.46    0.00   81.26

Device            r/s     rkB/s   rrqm/s  %rrqm r_await rareq-sz     w/s     wkB/s   wrqm/s  %wrqm w_await wareq-sz     d/s     dkB/s   drqm/s  %drqm d_await dareq-sz     f/s f_await  aqu-sz  %util
sda              2.00      8.00     0.00   0.00   15.50     4.00   80.00    744.00    60.00  42.86   13.95     9.30    0.00      0.00     0.00   0.00    0.00     0.00   45.00   20.16    2.06  97.60


2026년 06월 29일 21시 54분 24초
avg-cpu:  %user   %nice %system %iowait  %steal   %idle
           3.68    0.00    0.63   14.34    0.00   81.35

Device            r/s     rkB/s   rrqm/s  %rrqm r_await rareq-sz     w/s     wkB/s   wrqm/s  %wrqm w_await wareq-sz     d/s     dkB/s   drqm/s  %drqm d_await dareq-sz     f/s f_await  aqu-sz  %util
sda              0.00      0.00     0.00   0.00    0.00     0.00   70.00    648.00    50.00  41.67   16.31     9.26    0.00      0.00     0.00   0.00    0.00     0.00   32.00   28.06    2.04  91.60


2026년 06월 29일 21시 54분 25초
avg-cpu:  %user   %nice %system %iowait  %steal   %idle
           2.53    0.00    1.01   15.32    0.00   81.14

Device            r/s     rkB/s   rrqm/s  %rrqm r_await rareq-sz     w/s     wkB/s   wrqm/s  %wrqm w_await wareq-sz     d/s     dkB/s   drqm/s  %drqm d_await dareq-sz     f/s f_await  aqu-sz  %util
sda              0.00      0.00     0.00   0.00    0.00     0.00   66.00    648.00    51.00  43.59   22.89     9.82    0.00      0.00     0.00   0.00    0.00     0.00   34.00   27.82    2.46  95.20


2026년 06월 29일 21시 54분 26초
avg-cpu:  %user   %nice %system %iowait  %steal   %idle
           5.93    0.00    1.14   14.27    0.00   78.66

Device            r/s     rkB/s   rrqm/s  %rrqm r_await rareq-sz     w/s     wkB/s   wrqm/s  %wrqm w_await wareq-sz     d/s     dkB/s   drqm/s  %drqm d_await dareq-sz     f/s f_await  aqu-sz  %util
sda              0.00      0.00     0.00   0.00    0.00     0.00   85.00    724.00    52.00  37.96   14.13     8.52    0.00      0.00     0.00   0.00    0.00     0.00   47.00   20.06    2.15  95.60


2026년 06월 29일 21시 54분 27초
avg-cpu:  %user   %nice %system %iowait  %steal   %idle
           6.96    0.00    0.89   13.54    0.00   78.61

Device            r/s     rkB/s   rrqm/s  %rrqm r_await rareq-sz     w/s     wkB/s   wrqm/s  %wrqm w_await wareq-sz     d/s     dkB/s   drqm/s  %drqm d_await dareq-sz     f/s f_await  aqu-sz  %util
sda              0.00      0.00     0.00   0.00    0.00     0.00   75.00    752.00    73.00  49.32   14.55    10.03    0.00      0.00     0.00   0.00    0.00     0.00   41.00   23.27    2.04  95.20


2026년 06월 29일 21시 54분 28초
avg-cpu:  %user   %nice %system %iowait  %steal   %idle
           7.49    0.00    1.14   15.74    0.00   75.63

Device            r/s     rkB/s   rrqm/s  %rrqm r_await rareq-sz     w/s     wkB/s   wrqm/s  %wrqm w_await wareq-sz     d/s     dkB/s   drqm/s  %drqm d_await dareq-sz     f/s f_await  aqu-sz  %util
sda              0.00      0.00     0.00   0.00    0.00     0.00   85.00    768.00    59.00  40.97   16.86     9.04    0.00      0.00     0.00   0.00    0.00     0.00   40.00   23.00    2.35  96.00


2026년 06월 29일 21시 54분 29초
avg-cpu:  %user   %nice %system %iowait  %steal   %idle
           5.30    0.00    1.01   13.76    0.00   79.92

Device            r/s     rkB/s   rrqm/s  %rrqm r_await rareq-sz     w/s     wkB/s   wrqm/s  %wrqm w_await wareq-sz     d/s     dkB/s   drqm/s  %drqm d_await dareq-sz     f/s f_await  aqu-sz  %util
sda              0.00      0.00     0.00   0.00    0.00     0.00   70.00    676.00    51.00  42.15   16.53     9.66    0.00      0.00     0.00   0.00    0.00     0.00   38.00   25.16    2.11  97.60


2026년 06월 29일 21시 54분 30초
avg-cpu:  %user   %nice %system %iowait  %steal   %idle
           4.82    0.00    0.76   14.59    0.00   79.82

Device            r/s     rkB/s   rrqm/s  %rrqm r_await rareq-sz     w/s     wkB/s   wrqm/s  %wrqm w_await wareq-sz     d/s     dkB/s   drqm/s  %drqm d_await dareq-sz     f/s f_await  aqu-sz  %util
sda              5.00     40.00     4.00  44.44   22.80     8.00   76.00    700.00    56.00  42.42   14.58     9.21    0.00      0.00     0.00   0.00    0.00     0.00   42.00   21.14    2.11  92.00


2026년 06월 29일 21시 54분 31초
avg-cpu:  %user   %nice %system %iowait  %steal   %idle
           3.15    0.00    1.26   18.03    0.00   77.55

Device            r/s     rkB/s   rrqm/s  %rrqm r_await rareq-sz     w/s     wkB/s   wrqm/s  %wrqm w_await wareq-sz     d/s     dkB/s   drqm/s  %drqm d_await dareq-sz     f/s f_await  aqu-sz  %util
sda              0.00      0.00     0.00   0.00    0.00     0.00   82.00    656.00    47.00  36.43   29.51     8.00    0.00      0.00     0.00   0.00    0.00     0.00   28.00   32.64    3.33  90.80


2026년 06월 29일 21시 54분 32초
avg-cpu:  %user   %nice %system %iowait  %steal   %idle
           5.20    0.00    0.63   15.10    0.00   79.06

Device            r/s     rkB/s   rrqm/s  %rrqm r_await rareq-sz     w/s     wkB/s   wrqm/s  %wrqm w_await wareq-sz     d/s     dkB/s   drqm/s  %drqm d_await dareq-sz     f/s f_await  aqu-sz  %util
sda              0.00      0.00     0.00   0.00    0.00     0.00   83.00    804.00    55.00  39.86   15.01     9.69    0.00      0.00     0.00   0.00    0.00     0.00   43.00   23.02    2.23  97.60


2026년 06월 29일 21시 54분 33초
avg-cpu:  %user   %nice %system %iowait  %steal   %idle
           4.59    0.00    0.38   13.76    0.00   81.27

Device            r/s     rkB/s   rrqm/s  %rrqm r_await rareq-sz     w/s     wkB/s   wrqm/s  %wrqm w_await wareq-sz     d/s     dkB/s   drqm/s  %drqm d_await dareq-sz     f/s f_await  aqu-sz  %util
sda              0.00      0.00     0.00   0.00    0.00     0.00   75.00    692.00    50.00  40.00   15.32     9.23    0.00      0.00     0.00   0.00    0.00     0.00   42.00   22.81    2.11 102.40


2026년 06월 29일 21시 54분 34초
avg-cpu:  %user   %nice %system %iowait  %steal   %idle
           3.03    0.00    1.01   14.27    0.00   81.69

Device            r/s     rkB/s   rrqm/s  %rrqm r_await rareq-sz     w/s     wkB/s   wrqm/s  %wrqm w_await wareq-sz     d/s     dkB/s   drqm/s  %drqm d_await dareq-sz     f/s f_await  aqu-sz  %util
sda              0.00      0.00     0.00   0.00    0.00     0.00   67.00    672.00    51.00  43.22   16.45    10.03    0.00      0.00     0.00   0.00    0.00     0.00   32.00   28.38    2.01  89.60


2026년 06월 29일 21시 54분 35초
avg-cpu:  %user   %nice %system %iowait  %steal   %idle
           2.78    0.00    1.26   14.92    0.00   81.04

Device            r/s     rkB/s   rrqm/s  %rrqm r_await rareq-sz     w/s     wkB/s   wrqm/s  %wrqm w_await wareq-sz     d/s     dkB/s   drqm/s  %drqm d_await dareq-sz     f/s f_await  aqu-sz  %util
sda              0.00      0.00     0.00   0.00    0.00     0.00   68.00    636.00    46.00  40.35   18.85     9.35    0.00      0.00     0.00   0.00    0.00     0.00   37.00   25.70    2.23  94.00


2026년 06월 29일 21시 54분 36초
avg-cpu:  %user   %nice %system %iowait  %steal   %idle
           2.79    0.00    0.76   14.34    0.00   82.11

Device            r/s     rkB/s   rrqm/s  %rrqm r_await rareq-sz     w/s     wkB/s   wrqm/s  %wrqm w_await wareq-sz     d/s     dkB/s   drqm/s  %drqm d_await dareq-sz     f/s f_await  aqu-sz  %util
sda              0.00      0.00     0.00   0.00    0.00     0.00   90.00    808.00    55.00  37.93   14.33     8.98    0.00      0.00     0.00   0.00    0.00     0.00   37.00   25.41    2.23  88.80


2026년 06월 29일 21시 54분 37초
avg-cpu:  %user   %nice %system %iowait  %steal   %idle
           6.44    0.00    1.52   16.67    0.00   75.38

Device            r/s     rkB/s   rrqm/s  %rrqm r_await rareq-sz     w/s     wkB/s   wrqm/s  %wrqm w_await wareq-sz     d/s     dkB/s   drqm/s  %drqm d_await dareq-sz     f/s f_await  aqu-sz  %util
sda              0.00      0.00     0.00   0.00    0.00     0.00   79.00    796.00    69.00  46.62   18.35    10.08    0.00      0.00     0.00   0.00    0.00     0.00   39.00   24.87    2.42  94.40


2026년 06월 29일 21시 54분 38초
avg-cpu:  %user   %nice %system %iowait  %steal   %idle
           7.55    0.00    2.64   12.96    0.00   76.86

Device            r/s     rkB/s   rrqm/s  %rrqm r_await rareq-sz     w/s     wkB/s   wrqm/s  %wrqm w_await wareq-sz     d/s     dkB/s   drqm/s  %drqm d_await dareq-sz     f/s f_await  aqu-sz  %util
sda              0.00      0.00     0.00   0.00    0.00     0.00   79.00    800.00    71.00  47.33   14.43    10.13    0.00      0.00     0.00   0.00    0.00     0.00   42.00   22.00    2.06  92.40


2026년 06월 29일 21시 54분 39초
avg-cpu:  %user   %nice %system %iowait  %steal   %idle
           2.88    0.00    1.38   13.28    0.00   82.46

Device            r/s     rkB/s   rrqm/s  %rrqm r_await rareq-sz     w/s     wkB/s   wrqm/s  %wrqm w_await wareq-sz     d/s     dkB/s   drqm/s  %drqm d_await dareq-sz     f/s f_await  aqu-sz  %util
sda              1.00     16.00     3.00  75.00   14.00    16.00   75.00    760.00    57.00  43.18   13.61    10.13    0.00      0.00     0.00   0.00    0.00     0.00   37.00   25.05    1.96  84.00


2026년 06월 29일 21시 54분 40초
avg-cpu:  %user   %nice %system %iowait  %steal   %idle
           2.40    0.00    1.14   13.91    0.00   82.55

Device            r/s     rkB/s   rrqm/s  %rrqm r_await rareq-sz     w/s     wkB/s   wrqm/s  %wrqm w_await wareq-sz     d/s     dkB/s   drqm/s  %drqm d_await dareq-sz     f/s f_await  aqu-sz  %util
sda              0.00      0.00     0.00   0.00    0.00     0.00   70.00    668.00    51.00  42.15   16.54     9.54    0.00      0.00     0.00   0.00    0.00     0.00   35.00   27.11    2.11  95.20


2026년 06월 29일 21시 54분 41초
avg-cpu:  %user   %nice %system %iowait  %steal   %idle
           5.54    0.00    2.02   14.48    0.00   77.96

Device            r/s     rkB/s   rrqm/s  %rrqm r_await rareq-sz     w/s     wkB/s   wrqm/s  %wrqm w_await wareq-sz     d/s     dkB/s   drqm/s  %drqm d_await dareq-sz     f/s f_await  aqu-sz  %util
sda              0.00      0.00     0.00   0.00    0.00     0.00   75.00    712.00    54.00  41.86   16.09     9.49    0.00      0.00     0.00   0.00    0.00     0.00   39.00   23.33    2.12  95.60


2026년 06월 29일 21시 54분 42초
avg-cpu:  %user   %nice %system %iowait  %steal   %idle
           2.41    0.00    0.89   13.42    0.00   83.29

Device            r/s     rkB/s   rrqm/s  %rrqm r_await rareq-sz     w/s     wkB/s   wrqm/s  %wrqm w_await wareq-sz     d/s     dkB/s   drqm/s  %drqm d_await dareq-sz     f/s f_await  aqu-sz  %util
sda              0.00      0.00     0.00   0.00    0.00     0.00   83.00    800.00    63.00  43.15   13.46     9.64    0.00      0.00     0.00   0.00    0.00     0.00   44.00   21.84    2.08  99.20


2026년 06월 29일 21시 54분 43초
avg-cpu:  %user   %nice %system %iowait  %steal   %idle
           3.28    0.00    1.39   13.37    0.00   81.97

Device            r/s     rkB/s   rrqm/s  %rrqm r_await rareq-sz     w/s     wkB/s   wrqm/s  %wrqm w_await wareq-sz     d/s     dkB/s   drqm/s  %drqm d_await dareq-sz     f/s f_await  aqu-sz  %util
sda              0.00      0.00     0.00   0.00    0.00     0.00   66.00    608.00    47.00  41.59   16.33     9.21    0.00      0.00     0.00   0.00    0.00     0.00   38.00   25.11    2.03  97.60


2026년 06월 29일 21시 54분 44초
avg-cpu:  %user   %nice %system %iowait  %steal   %idle
           2.41    0.00    1.01   14.43    0.00   82.15

Device            r/s     rkB/s   rrqm/s  %rrqm r_await rareq-sz     w/s     wkB/s   wrqm/s  %wrqm w_await wareq-sz     d/s     dkB/s   drqm/s  %drqm d_await dareq-sz     f/s f_await  aqu-sz  %util
sda              1.00      8.00     1.00  50.00   46.00     8.00   66.00   1696.00    45.00  40.54   17.48    25.70    0.00      0.00     0.00   0.00    0.00     0.00   32.00   28.53    2.11  93.20


2026년 06월 29일 21시 54분 45초
avg-cpu:  %user   %nice %system %iowait  %steal   %idle
           6.68    0.00    1.01   17.65    0.00   74.65

Device            r/s     rkB/s   rrqm/s  %rrqm r_await rareq-sz     w/s     wkB/s   wrqm/s  %wrqm w_await wareq-sz     d/s     dkB/s   drqm/s  %drqm d_await dareq-sz     f/s f_await  aqu-sz  %util
sda              0.00      0.00     0.00   0.00    0.00     0.00   94.00    896.00    65.00  40.88   15.83     9.53    0.00      0.00     0.00   0.00    0.00     0.00   47.00   20.98    2.47 101.20


2026년 06월 29일 21시 54분 46초
avg-cpu:  %user   %nice %system %iowait  %steal   %idle
           4.80    0.00    0.76   12.90    0.00   81.54

Device            r/s     rkB/s   rrqm/s  %rrqm r_await rareq-sz     w/s     wkB/s   wrqm/s  %wrqm w_await wareq-sz     d/s     dkB/s   drqm/s  %drqm d_await dareq-sz     f/s f_await  aqu-sz  %util
sda              0.00      0.00     0.00   0.00    0.00     0.00   70.00    652.00    47.00  40.17   15.36     9.31    0.00      0.00     0.00   0.00    0.00     0.00   36.00   25.81    2.00  92.00


2026년 06월 29일 21시 54분 47초
avg-cpu:  %user   %nice %system %iowait  %steal   %idle
           6.57    0.00    1.52   15.17    0.00   76.74

Device            r/s     rkB/s   rrqm/s  %rrqm r_await rareq-sz     w/s     wkB/s   wrqm/s  %wrqm w_await wareq-sz     d/s     dkB/s   drqm/s  %drqm d_await dareq-sz     f/s f_await  aqu-sz  %util
sda              1.00      4.00     0.00   0.00   37.00     4.00   85.00    852.00    65.00  43.33   14.71    10.02    0.00      0.00     0.00   0.00    0.00     0.00   43.00   22.05    2.23  91.60


2026년 06월 29일 21시 54분 48초
avg-cpu:  %user   %nice %system %iowait  %steal   %idle
           7.22    0.00    1.77   14.68    0.00   76.33

Device            r/s     rkB/s   rrqm/s  %rrqm r_await rareq-sz     w/s     wkB/s   wrqm/s  %wrqm w_await wareq-sz     d/s     dkB/s   drqm/s  %drqm d_await dareq-sz     f/s f_await  aqu-sz  %util
sda              0.00      0.00     0.00   0.00    0.00     0.00   86.00    808.00    68.00  44.16   14.43     9.40    0.00      0.00     0.00   0.00    0.00     0.00   47.00   20.19    2.19  88.40


2026년 06월 29일 21시 54분 49초
avg-cpu:  %user   %nice %system %iowait  %steal   %idle
           3.68    0.00    0.89   14.21    0.00   81.22

Device            r/s     rkB/s   rrqm/s  %rrqm r_await rareq-sz     w/s     wkB/s   wrqm/s  %wrqm w_await wareq-sz     d/s     dkB/s   drqm/s  %drqm d_await dareq-sz     f/s f_await  aqu-sz  %util
sda              0.00      0.00     0.00   0.00    0.00     0.00   85.00    816.00    60.00  41.38   14.73     9.60    0.00      0.00     0.00   0.00    0.00     0.00   42.00   22.52    2.20  99.60


2026년 06월 29일 21시 54분 50초
avg-cpu:  %user   %nice %system %iowait  %steal   %idle
           2.77    0.00    1.26   14.36    0.00   81.61

Device            r/s     rkB/s   rrqm/s  %rrqm r_await rareq-sz     w/s     wkB/s   wrqm/s  %wrqm w_await wareq-sz     d/s     dkB/s   drqm/s  %drqm d_await dareq-sz     f/s f_await  aqu-sz  %util
sda              1.00      4.00     0.00   0.00   39.00     4.00   86.00    764.00    58.00  40.28   16.01     8.88    0.00      0.00     0.00   0.00    0.00     0.00   41.00   22.98    2.36  95.20


2026년 06월 29일 21시 54분 51초
avg-cpu:  %user   %nice %system %iowait  %steal   %idle
           3.55    0.00    1.01   13.56    0.00   81.88

Device            r/s     rkB/s   rrqm/s  %rrqm r_await rareq-sz     w/s     wkB/s   wrqm/s  %wrqm w_await wareq-sz     d/s     dkB/s   drqm/s  %drqm d_await dareq-sz     f/s f_await  aqu-sz  %util
sda              0.00      0.00     0.00   0.00    0.00     0.00   82.00    700.00    50.00  37.88   29.57     8.54    0.00      0.00     0.00   0.00    0.00     0.00   33.00   29.48    3.40  96.40


2026년 06월 29일 21시 54분 52초
avg-cpu:  %user   %nice %system %iowait  %steal   %idle
           3.03    0.00    1.01   15.80    0.00   80.15

Device            r/s     rkB/s   rrqm/s  %rrqm r_await rareq-sz     w/s     wkB/s   wrqm/s  %wrqm w_await wareq-sz     d/s     dkB/s   drqm/s  %drqm d_await dareq-sz     f/s f_await  aqu-sz  %util
sda              0.00      0.00     0.00   0.00    0.00     0.00   88.00    856.00    61.00  40.94   15.36     9.73    0.00      0.00     0.00   0.00    0.00     0.00   42.00   21.86    2.27  96.40


2026년 06월 29일 21시 54분 53초
avg-cpu:  %user   %nice %system %iowait  %steal   %idle
           3.66    0.00    2.02   15.76    0.00   78.56

Device            r/s     rkB/s   rrqm/s  %rrqm r_await rareq-sz     w/s     wkB/s   wrqm/s  %wrqm w_await wareq-sz     d/s     dkB/s   drqm/s  %drqm d_await dareq-sz     f/s f_await  aqu-sz  %util
sda              0.00      0.00     0.00   0.00    0.00     0.00   78.00    804.00    67.00  46.21   16.62    10.31    0.00      0.00     0.00   0.00    0.00     0.00   39.00   24.31    2.24  96.40


2026년 06월 29일 21시 54분 54초
avg-cpu:  %user   %nice %system %iowait  %steal   %idle
           3.65    0.00    1.51   17.61    0.00   77.23

Device            r/s     rkB/s   rrqm/s  %rrqm r_await rareq-sz     w/s     wkB/s   wrqm/s  %wrqm w_await wareq-sz     d/s     dkB/s   drqm/s  %drqm d_await dareq-sz     f/s f_await  aqu-sz  %util
sda              2.00      8.00     0.00   0.00   28.00     4.00   63.00    644.00    46.00  42.20   21.19    10.22    0.00      0.00     0.00   0.00    0.00     0.00   33.00   28.39    2.33  96.40


2026년 06월 29일 21시 54분 55초
avg-cpu:  %user   %nice %system %iowait  %steal   %idle
           3.40    0.00    1.39   14.00    0.00   81.21

Device            r/s     rkB/s   rrqm/s  %rrqm r_await rareq-sz     w/s     wkB/s   wrqm/s  %wrqm w_await wareq-sz     d/s     dkB/s   drqm/s  %drqm d_await dareq-sz     f/s f_await  aqu-sz  %util
sda              0.00      0.00     0.00   0.00    0.00     0.00   84.00   1820.00    57.00  40.43   14.58    21.67    0.00      0.00     0.00   0.00    0.00     0.00   43.00   21.40    2.14  99.60


2026년 06월 29일 21시 54분 56초
avg-cpu:  %user   %nice %system %iowait  %steal   %idle
           3.03    0.00    1.26   15.80    0.00   79.90

Device            r/s     rkB/s   rrqm/s  %rrqm r_await rareq-sz     w/s     wkB/s   wrqm/s  %wrqm w_await wareq-sz     d/s     dkB/s   drqm/s  %drqm d_await dareq-sz     f/s f_await  aqu-sz  %util
sda              0.00      0.00     0.00   0.00    0.00     0.00   84.00    780.00    54.00  39.13   15.90     9.29    0.00      0.00     0.00   0.00    0.00     0.00   42.00   22.14    2.27  96.80


2026년 06월 29일 21시 54분 57초
avg-cpu:  %user   %nice %system %iowait  %steal   %idle
           6.21    0.00    1.27   14.07    0.00   78.45

Device            r/s     rkB/s   rrqm/s  %rrqm r_await rareq-sz     w/s     wkB/s   wrqm/s  %wrqm w_await wareq-sz     d/s     dkB/s   drqm/s  %drqm d_await dareq-sz     f/s f_await  aqu-sz  %util
sda              0.00      0.00     0.00   0.00    0.00     0.00   81.00    804.00    67.00  45.27   15.06     9.93    0.00      0.00     0.00   0.00    0.00     0.00   42.00   22.88    2.18  95.60


2026년 06월 29일 21시 54분 58초
avg-cpu:  %user   %nice %system %iowait  %steal   %idle
           3.67    0.00    2.02   13.40    0.00   80.91

Device            r/s     rkB/s   rrqm/s  %rrqm r_await rareq-sz     w/s     wkB/s   wrqm/s  %wrqm w_await wareq-sz     d/s     dkB/s   drqm/s  %drqm d_await dareq-sz     f/s f_await  aqu-sz  %util
sda              0.00      0.00     0.00   0.00    0.00     0.00   79.00    776.00    68.00  46.26   15.04     9.82    0.00      0.00     0.00   0.00    0.00     0.00   39.00   24.03    2.12  91.20


2026년 06월 29일 21시 54분 59초
avg-cpu:  %user   %nice %system %iowait  %steal   %idle
           2.91    0.00    1.52   14.05    0.00   81.52

Device            r/s     rkB/s   rrqm/s  %rrqm r_await rareq-sz     w/s     wkB/s   wrqm/s  %wrqm w_await wareq-sz     d/s     dkB/s   drqm/s  %drqm d_await dareq-sz     f/s f_await  aqu-sz  %util
sda              1.00      4.00     0.00   0.00   24.00     4.00   83.00    864.00    71.00  46.10   13.78    10.41    0.00      0.00     0.00   0.00    0.00     0.00   47.00   20.19    2.12  88.00


2026년 06월 29일 21시 55분 00초
avg-cpu:  %user   %nice %system %iowait  %steal   %idle
           2.78    0.00    1.52   13.38    0.00   82.32

Device            r/s     rkB/s   rrqm/s  %rrqm r_await rareq-sz     w/s     wkB/s   wrqm/s  %wrqm w_await wareq-sz     d/s     dkB/s   drqm/s  %drqm d_await dareq-sz     f/s f_await  aqu-sz  %util
sda              0.00      0.00     0.00   0.00    0.00     0.00   82.00    784.00    60.00  42.25   14.46     9.56    0.00      0.00     0.00   0.00    0.00     0.00   42.00   22.21    2.12  96.80


2026년 06월 29일 21시 55분 01초
avg-cpu:  %user   %nice %system %iowait  %steal   %idle
           3.02    0.00    1.76   14.48    0.00   80.73

Device            r/s     rkB/s   rrqm/s  %rrqm r_await rareq-sz     w/s     wkB/s   wrqm/s  %wrqm w_await wareq-sz     d/s     dkB/s   drqm/s  %drqm d_await dareq-sz     f/s f_await  aqu-sz  %util
sda              1.00      4.00     0.00   0.00   33.00     4.00   81.00    828.00    70.00  46.36   14.88    10.22    0.00      0.00     0.00   0.00    0.00     0.00   40.00   22.65    2.14  93.60


2026년 06월 29일 21시 55분 02초
avg-cpu:  %user   %nice %system %iowait  %steal   %idle
           5.70    0.00    1.01   13.81    0.00   79.47

Device            r/s     rkB/s   rrqm/s  %rrqm r_await rareq-sz     w/s     wkB/s   wrqm/s  %wrqm w_await wareq-sz     d/s     dkB/s   drqm/s  %drqm d_await dareq-sz     f/s f_await  aqu-sz  %util
sda              0.00      0.00     0.00   0.00    0.00     0.00   74.00    716.00    51.00  40.80   15.43     9.68    0.00      0.00     0.00   0.00    0.00     0.00   38.00   25.21    2.10  96.80


2026년 06월 29일 21시 55분 03초
avg-cpu:  %user   %nice %system %iowait  %steal   %idle
           2.79    0.00    0.89   14.20    0.00   82.13

Device            r/s     rkB/s   rrqm/s  %rrqm r_await rareq-sz     w/s     wkB/s   wrqm/s  %wrqm w_await wareq-sz     d/s     dkB/s   drqm/s  %drqm d_await dareq-sz     f/s f_await  aqu-sz  %util
sda              0.00      0.00     0.00   0.00    0.00     0.00   80.00    748.00    55.00  40.74   14.69     9.35    0.00      0.00     0.00   0.00    0.00     0.00   41.00   23.29    2.13  97.60


2026년 06월 29일 21시 55분 04초
avg-cpu:  %user   %nice %system %iowait  %steal   %idle
           6.43    0.00    1.13   13.24    0.00   79.19

Device            r/s     rkB/s   rrqm/s  %rrqm r_await rareq-sz     w/s     wkB/s   wrqm/s  %wrqm w_await wareq-sz     d/s     dkB/s   drqm/s  %drqm d_await dareq-sz     f/s f_await  aqu-sz  %util
sda              0.00      0.00     0.00   0.00    0.00     0.00   79.00    800.00    65.00  45.14   13.91    10.13    0.00      0.00     0.00   0.00    0.00     0.00   41.00   23.00    2.04  97.60


2026년 06월 29일 21시 55분 05초
avg-cpu:  %user   %nice %system %iowait  %steal   %idle
           2.02    0.00    1.39   15.13    0.00   81.46

Device            r/s     rkB/s   rrqm/s  %rrqm r_await rareq-sz     w/s     wkB/s   wrqm/s  %wrqm w_await wareq-sz     d/s     dkB/s   drqm/s  %drqm d_await dareq-sz     f/s f_await  aqu-sz  %util
sda              0.00      0.00     0.00   0.00    0.00     0.00   72.00    676.00    49.00  40.50   16.89     9.39    0.00      0.00     0.00   0.00    0.00     0.00   37.00   25.65    2.17  87.60


2026년 06월 29일 21시 55분 06초
avg-cpu:  %user   %nice %system %iowait  %steal   %idle
           2.41    0.00    1.14   14.20    0.00   82.26

Device            r/s     rkB/s   rrqm/s  %rrqm r_await rareq-sz     w/s     wkB/s   wrqm/s  %wrqm w_await wareq-sz     d/s     dkB/s   drqm/s  %drqm d_await dareq-sz     f/s f_await  aqu-sz  %util
sda              0.00      0.00     0.00   0.00    0.00     0.00   78.00    768.00    50.00  39.06   15.64     9.85    0.00      0.00     0.00   0.00    0.00     0.00   39.00   23.51    2.14 100.40


2026년 06월 29일 21시 55분 07초
avg-cpu:  %user   %nice %system %iowait  %steal   %idle
           3.05    0.00    1.40   18.30    0.00   77.26

Device            r/s     rkB/s   rrqm/s  %rrqm r_await rareq-sz     w/s     wkB/s   wrqm/s  %wrqm w_await wareq-sz     d/s     dkB/s   drqm/s  %drqm d_await dareq-sz     f/s f_await  aqu-sz  %util
sda              4.00     16.00     0.00   0.00   18.00     4.00   91.00    740.00    56.00  38.10   49.86     8.13    0.00      0.00     0.00   0.00    0.00     0.00   35.00   24.23    5.46  90.00


2026년 06월 29일 21시 55분 08초
avg-cpu:  %user   %nice %system %iowait  %steal   %idle
           2.02    0.00    1.52   12.75    0.00   83.71

Device            r/s     rkB/s   rrqm/s  %rrqm r_await rareq-sz     w/s     wkB/s   wrqm/s  %wrqm w_await wareq-sz     d/s     dkB/s   drqm/s  %drqm d_await dareq-sz     f/s f_await  aqu-sz  %util
sda              0.00      0.00     0.00   0.00    0.00     0.00   85.00    876.00   123.00  59.13   13.78    10.31    0.00      0.00     0.00   0.00    0.00     0.00   78.00   13.14    2.19 106.80


2026년 06월 29일 21시 55분 09초
avg-cpu:  %user   %nice %system %iowait  %steal   %idle
           4.17    0.00    1.89   18.69    0.00   75.25

Device            r/s     rkB/s   rrqm/s  %rrqm r_await rareq-sz     w/s     wkB/s   wrqm/s  %wrqm w_await wareq-sz     d/s     dkB/s   drqm/s  %drqm d_await dareq-sz     f/s f_await  aqu-sz  %util
sda              8.00    148.00    29.00  78.38   43.75    18.50   90.00   1104.00   107.00  54.31   15.54    12.27    0.00      0.00     0.00   0.00    0.00     0.00   56.00   16.50    2.67  97.20


2026년 06월 29일 21시 55분 10초
avg-cpu:  %user   %nice %system %iowait  %steal   %idle
           3.15    0.00    0.88   20.15    0.00   75.82

Device            r/s     rkB/s   rrqm/s  %rrqm r_await rareq-sz     w/s     wkB/s   wrqm/s  %wrqm w_await wareq-sz     d/s     dkB/s   drqm/s  %drqm d_await dareq-sz     f/s f_await  aqu-sz  %util
sda              1.00      4.00     0.00   0.00   40.00     4.00   77.00    868.00    48.00  38.40   18.99    11.27    0.00      0.00     0.00   0.00    0.00     0.00   31.00   30.39    2.44  96.40


2026년 06월 29일 21시 55분 11초
avg-cpu:  %user   %nice %system %iowait  %steal   %idle
           2.38    0.00    1.63   15.81    0.00   80.18

Device            r/s     rkB/s   rrqm/s  %rrqm r_await rareq-sz     w/s     wkB/s   wrqm/s  %wrqm w_await wareq-sz     d/s     dkB/s   drqm/s  %drqm d_await dareq-sz     f/s f_await  aqu-sz  %util
sda              0.00      0.00     0.00   0.00    0.00     0.00   82.00    772.00    46.00  35.94   16.51     9.41    0.00      0.00     0.00   0.00    0.00     0.00   37.00   25.08    2.28  92.40


2026년 06월 29일 21시 55분 12초
avg-cpu:  %user   %nice %system %iowait  %steal   %idle
           1.89    0.00    2.02   14.00    0.00   82.09

Device            r/s     rkB/s   rrqm/s  %rrqm r_await rareq-sz     w/s     wkB/s   wrqm/s  %wrqm w_await wareq-sz     d/s     dkB/s   drqm/s  %drqm d_await dareq-sz     f/s f_await  aqu-sz  %util
sda              0.00      0.00     0.00   0.00    0.00     0.00   82.00    752.00    58.00  41.43   14.46     9.17    0.00      0.00     0.00   0.00    0.00     0.00   44.00   21.16    2.12  94.80


2026년 06월 29일 21시 55분 13초
avg-cpu:  %user   %nice %system %iowait  %steal   %idle
           3.64    0.00    1.13   13.57    0.00   81.66

Device            r/s     rkB/s   rrqm/s  %rrqm r_await rareq-sz     w/s     wkB/s   wrqm/s  %wrqm w_await wareq-sz     d/s     dkB/s   drqm/s  %drqm d_await dareq-sz     f/s f_await  aqu-sz  %util
sda              0.00      0.00     0.00   0.00    0.00     0.00   73.00    664.00    48.00  39.67   14.49     9.10    0.00      0.00     0.00   0.00    0.00     0.00   40.00   23.43    2.00  88.40


2026년 06월 29일 21시 55분 14초
avg-cpu:  %user   %nice %system %iowait  %steal   %idle
           2.15    0.00    1.39   12.91    0.00   83.54

Device            r/s     rkB/s   rrqm/s  %rrqm r_await rareq-sz     w/s     wkB/s   wrqm/s  %wrqm w_await wareq-sz     d/s     dkB/s   drqm/s  %drqm d_await dareq-sz     f/s f_await  aqu-sz  %util
sda              1.00      4.00     0.00   0.00   23.00     4.00   86.00    832.00    59.00  40.69   13.19     9.67    0.00      0.00     0.00   0.00    0.00     0.00   40.00   22.02    2.04  96.80


2026년 06월 29일 21시 55분 15초
avg-cpu:  %user   %nice %system %iowait  %steal   %idle
           4.41    0.00    1.26   12.99    0.00   81.34

Device            r/s     rkB/s   rrqm/s  %rrqm r_await rareq-sz     w/s     wkB/s   wrqm/s  %wrqm w_await wareq-sz     d/s     dkB/s   drqm/s  %drqm d_await dareq-sz     f/s f_await  aqu-sz  %util
sda              0.00      0.00     0.00   0.00    0.00     0.00   80.00    728.00    56.00  41.18   13.47     9.10    0.00      0.00     0.00   0.00    0.00     0.00   43.00   21.26    1.99  94.40


2026년 06월 29일 21시 55분 16초
avg-cpu:  %user   %nice %system %iowait  %steal   %idle
           2.53    0.00    0.89   12.80    0.00   83.78

Device            r/s     rkB/s   rrqm/s  %rrqm r_await rareq-sz     w/s     wkB/s   wrqm/s  %wrqm w_await wareq-sz     d/s     dkB/s   drqm/s  %drqm d_await dareq-sz     f/s f_await  aqu-sz  %util
sda              0.00      0.00     0.00   0.00    0.00     0.00   79.00    776.00    55.00  41.04   14.87     9.82    0.00      0.00     0.00   0.00    0.00     0.00   40.00   24.52    2.16 100.00


2026년 06월 29일 21시 55분 17초
avg-cpu:  %user   %nice %system %iowait  %steal   %idle
           4.17    0.00    2.02   14.41    0.00   79.39

Device            r/s     rkB/s   rrqm/s  %rrqm r_await rareq-sz     w/s     wkB/s   wrqm/s  %wrqm w_await wareq-sz     d/s     dkB/s   drqm/s  %drqm d_await dareq-sz     f/s f_await  aqu-sz  %util
sda              0.00      0.00     0.00   0.00    0.00     0.00   88.00    868.00    71.00  44.65   13.84     9.86    0.00      0.00     0.00   0.00    0.00     0.00   43.00   22.02    2.17  98.80


2026년 06월 29일 21시 55분 18초
avg-cpu:  %user   %nice %system %iowait  %steal   %idle
           2.28    0.00    1.14   12.93    0.00   83.65

Device            r/s     rkB/s   rrqm/s  %rrqm r_await rareq-sz     w/s     wkB/s   wrqm/s  %wrqm w_await wareq-sz     d/s     dkB/s   drqm/s  %drqm d_await dareq-sz     f/s f_await  aqu-sz  %util
sda              0.00      0.00     0.00   0.00    0.00     0.00   69.00    648.00    53.00  43.44   14.90     9.39    0.00      0.00     0.00   0.00    0.00     0.00   39.00   23.64    1.95  94.40


2026년 06월 29일 21시 55분 19초
avg-cpu:  %user   %nice %system %iowait  %steal   %idle
           3.91    0.00    2.53   14.02    0.00   79.55

Device            r/s     rkB/s   rrqm/s  %rrqm r_await rareq-sz     w/s     wkB/s   wrqm/s  %wrqm w_await wareq-sz     d/s     dkB/s   drqm/s  %drqm d_await dareq-sz     f/s f_await  aqu-sz  %util
sda              0.00      0.00     0.00   0.00    0.00     0.00   79.00    788.00    60.00  43.17   13.57     9.97    0.00      0.00     0.00   0.00    0.00     0.00   42.00   22.43    2.01  90.00


2026년 06월 29일 21시 55분 20초
avg-cpu:  %user   %nice %system %iowait  %steal   %idle
           2.29    0.00    1.02   15.63    0.00   81.07

Device            r/s     rkB/s   rrqm/s  %rrqm r_await rareq-sz     w/s     wkB/s   wrqm/s  %wrqm w_await wareq-sz     d/s     dkB/s   drqm/s  %drqm d_await dareq-sz     f/s f_await  aqu-sz  %util
sda              0.00      0.00     0.00   0.00    0.00     0.00   82.00    804.00    64.00  43.84   15.15     9.80    0.00      0.00     0.00   0.00    0.00     0.00   43.00   20.40    2.12  96.00


2026년 06월 29일 21시 55분 21초
avg-cpu:  %user   %nice %system %iowait  %steal   %idle
           2.16    0.00    0.89   14.23    0.00   82.72

Device            r/s     rkB/s   rrqm/s  %rrqm r_await rareq-sz     w/s     wkB/s   wrqm/s  %wrqm w_await wareq-sz     d/s     dkB/s   drqm/s  %drqm d_await dareq-sz     f/s f_await  aqu-sz  %util
sda              1.00      4.00     0.00   0.00   22.00     4.00   75.00    704.00    45.00  37.50   15.63     9.39    0.00      0.00     0.00   0.00    0.00     0.00   34.00   26.85    2.11  89.60


2026년 06월 29일 21시 55분 22초
avg-cpu:  %user   %nice %system %iowait  %steal   %idle
           6.05    0.00    1.13   13.22    0.00   79.60

Device            r/s     rkB/s   rrqm/s  %rrqm r_await rareq-sz     w/s     wkB/s   wrqm/s  %wrqm w_await wareq-sz     d/s     dkB/s   drqm/s  %drqm d_await dareq-sz     f/s f_await  aqu-sz  %util
sda              0.00      0.00     0.00   0.00    0.00     0.00   77.00    672.00    42.00  35.29   14.09     8.73    0.00      0.00     0.00   0.00    0.00     0.00   40.00   23.02    2.01  83.60


2026년 06월 29일 21시 55분 23초
avg-cpu:  %user   %nice %system %iowait  %steal   %idle
           3.30    0.00    1.14   13.72    0.00   81.83

Device            r/s     rkB/s   rrqm/s  %rrqm r_await rareq-sz     w/s     wkB/s   wrqm/s  %wrqm w_await wareq-sz     d/s     dkB/s   drqm/s  %drqm d_await dareq-sz     f/s f_await  aqu-sz  %util
sda              0.00      0.00     0.00   0.00    0.00     0.00   72.00    776.00    57.00  44.19   15.24    10.78    0.00      0.00     0.00   0.00    0.00     0.00   36.00   24.47    1.98  92.00


2026년 06월 29일 21시 55분 24초
avg-cpu:  %user   %nice %system %iowait  %steal   %idle
           2.16    0.00    1.02   11.45    0.00   85.37

Device            r/s     rkB/s   rrqm/s  %rrqm r_await rareq-sz     w/s     wkB/s   wrqm/s  %wrqm w_await wareq-sz     d/s     dkB/s   drqm/s  %drqm d_await dareq-sz     f/s f_await  aqu-sz  %util
sda              0.00      0.00     0.00   0.00    0.00     0.00   67.00    724.00    43.00  39.09   13.81    10.81    0.00      0.00     0.00   0.00    0.00     0.00   31.00   27.48    1.78  90.40


2026년 06월 29일 21시 55분 25초
avg-cpu:  %user   %nice %system %iowait  %steal   %idle
           2.65    0.00    1.51   13.62    0.00   82.22

Device            r/s     rkB/s   rrqm/s  %rrqm r_await rareq-sz     w/s     wkB/s   wrqm/s  %wrqm w_await wareq-sz     d/s     dkB/s   drqm/s  %drqm d_await dareq-sz     f/s f_await  aqu-sz  %util
sda              0.00      0.00     0.00   0.00    0.00     0.00   80.00    828.00    50.00  38.46   15.45    10.35    0.00      0.00     0.00   0.00    0.00     0.00   42.00   24.60    2.27 104.40


2026년 06월 29일 21시 55분 26초
avg-cpu:  %user   %nice %system %iowait  %steal   %idle
           6.80    0.00    1.51   12.85    0.00   78.84

Device            r/s     rkB/s   rrqm/s  %rrqm r_await rareq-sz     w/s     wkB/s   wrqm/s  %wrqm w_await wareq-sz     d/s     dkB/s   drqm/s  %drqm d_await dareq-sz     f/s f_await  aqu-sz  %util
sda              1.00      4.00     0.00   0.00   25.00     4.00   71.00    696.00    55.00  43.65   15.27     9.80    0.00      0.00     0.00   0.00    0.00     0.00   39.00   24.31    2.06 100.80


2026년 06월 29일 21시 55분 27초
avg-cpu:  %user   %nice %system %iowait  %steal   %idle
           6.67    0.00    1.38   12.45    0.00   79.50

Device            r/s     rkB/s   rrqm/s  %rrqm r_await rareq-sz     w/s     wkB/s   wrqm/s  %wrqm w_await wareq-sz     d/s     dkB/s   drqm/s  %drqm d_await dareq-sz     f/s f_await  aqu-sz  %util
sda              0.00      0.00     0.00   0.00    0.00     0.00   71.00    708.00    45.00  38.79   13.99     9.97    0.00      0.00     0.00   0.00    0.00     0.00   38.00   22.29    1.84  88.40


2026년 06월 29일 21시 55분 28초
avg-cpu:  %user   %nice %system %iowait  %steal   %idle
           7.32    0.00    0.88   15.40    0.00   76.39

Device            r/s     rkB/s   rrqm/s  %rrqm r_await rareq-sz     w/s     wkB/s   wrqm/s  %wrqm w_await wareq-sz     d/s     dkB/s   drqm/s  %drqm d_await dareq-sz     f/s f_await  aqu-sz  %util
sda              0.00      0.00     0.00   0.00    0.00     0.00   79.00    844.00    58.00  42.34   16.03    10.68    0.00      0.00     0.00   0.00    0.00     0.00   35.00   26.11    2.18  89.60


2026년 06월 29일 21시 55분 29초
avg-cpu:  %user   %nice %system %iowait  %steal   %idle
           4.56    0.00    2.66   14.43    0.00   78.35

Device            r/s     rkB/s   rrqm/s  %rrqm r_await rareq-sz     w/s     wkB/s   wrqm/s  %wrqm w_await wareq-sz     d/s     dkB/s   drqm/s  %drqm d_await dareq-sz     f/s f_await  aqu-sz  %util
sda              0.00      0.00     0.00   0.00    0.00     0.00   81.00    860.00    69.00  46.00   16.41    10.62    0.00      0.00     0.00   0.00    0.00     0.00   45.00   23.71    2.40 108.40


2026년 06월 29일 21시 55분 30초
avg-cpu:  %user   %nice %system %iowait  %steal   %idle
           3.41    0.00    1.26   13.78    0.00   81.54

Device            r/s     rkB/s   rrqm/s  %rrqm r_await rareq-sz     w/s     wkB/s   wrqm/s  %wrqm w_await wareq-sz     d/s     dkB/s   drqm/s  %drqm d_await dareq-sz     f/s f_await  aqu-sz  %util
sda              1.00      4.00     0.00   0.00   24.00     4.00   74.00    840.00    52.00  41.27   14.31    11.35    0.00      0.00     0.00   0.00    0.00     0.00   36.00   22.25    1.88  86.40


2026년 06월 29일 21시 55분 31초
avg-cpu:  %user   %nice %system %iowait  %steal   %idle
           2.91    0.00    1.27   14.94    0.00   80.89

Device            r/s     rkB/s   rrqm/s  %rrqm r_await rareq-sz     w/s     wkB/s   wrqm/s  %wrqm w_await wareq-sz     d/s     dkB/s   drqm/s  %drqm d_await dareq-sz     f/s f_await  aqu-sz  %util
sda              1.00      4.00     0.00   0.00   38.00     4.00   76.00   1800.00    51.00  40.16   16.68    23.68    0.00      0.00     0.00   0.00    0.00     0.00   41.00   25.07    2.33 105.60


2026년 06월 29일 21시 55분 32초
avg-cpu:  %user   %nice %system %iowait  %steal   %idle
           3.14    0.00    1.13   13.68    0.00   82.06

Device            r/s     rkB/s   rrqm/s  %rrqm r_await rareq-sz     w/s     wkB/s   wrqm/s  %wrqm w_await wareq-sz     d/s     dkB/s   drqm/s  %drqm d_await dareq-sz     f/s f_await  aqu-sz  %util
sda              0.00      0.00     0.00   0.00    0.00     0.00  109.00    892.00    37.00  25.34   32.83     8.18    0.00      0.00     0.00   0.00    0.00     0.00   27.00   34.63    4.51  95.60


2026년 06월 29일 21시 55분 33초
avg-cpu:  %user   %nice %system %iowait  %steal   %idle
           3.27    0.00    1.01   13.58    0.00   82.14

Device            r/s     rkB/s   rrqm/s  %rrqm r_await rareq-sz     w/s     wkB/s   wrqm/s  %wrqm w_await wareq-sz     d/s     dkB/s   drqm/s  %drqm d_await dareq-sz     f/s f_await  aqu-sz  %util
sda              2.00      8.00     0.00   0.00   20.00     4.00   75.00    708.00    41.00  35.34   13.93     9.44    0.00      0.00     0.00   0.00    0.00     0.00   37.00   24.05    1.98  94.00


2026년 06월 29일 21시 55분 34초
avg-cpu:  %user   %nice %system %iowait  %steal   %idle
           5.17    0.00    1.39   15.01    0.00   78.44

Device            r/s     rkB/s   rrqm/s  %rrqm r_await rareq-sz     w/s     wkB/s   wrqm/s  %wrqm w_await wareq-sz     d/s     dkB/s   drqm/s  %drqm d_await dareq-sz     f/s f_await  aqu-sz  %util
sda              0.00      0.00     0.00   0.00    0.00     0.00   67.00    716.00    47.00  41.23   18.12    10.69    0.00      0.00     0.00   0.00    0.00     0.00   32.00   29.81    2.17  85.20


2026년 06월 29일 21시 55분 35초
avg-cpu:  %user   %nice %system %iowait  %steal   %idle
           5.03    0.00    1.63   15.08    0.00   78.27

Device            r/s     rkB/s   rrqm/s  %rrqm r_await rareq-sz     w/s     wkB/s   wrqm/s  %wrqm w_await wareq-sz     d/s     dkB/s   drqm/s  %drqm d_await dareq-sz     f/s f_await  aqu-sz  %util
sda              0.00      0.00     0.00   0.00    0.00     0.00   87.00    824.00    56.00  39.16   14.89     9.47    0.00      0.00     0.00   0.00    0.00     0.00   44.00   20.11    2.18  92.00


2026년 06월 29일 21시 55분 36초
avg-cpu:  %user   %nice %system %iowait  %steal   %idle
           8.54    0.00    1.26   15.20    0.00   75.00

Device            r/s     rkB/s   rrqm/s  %rrqm r_await rareq-sz     w/s     wkB/s   wrqm/s  %wrqm w_await wareq-sz     d/s     dkB/s   drqm/s  %drqm d_await dareq-sz     f/s f_await  aqu-sz  %util
sda              0.00      0.00     0.00   0.00    0.00     0.00   75.00    748.00    46.00  38.02   17.71     9.97    0.00      0.00     0.00   0.00    0.00     0.00   38.00   26.71    2.34  96.80


2026년 06월 29일 21시 55분 37초
avg-cpu:  %user   %nice %system %iowait  %steal   %idle
           3.26    0.00    1.88   13.05    0.00   81.81

Device            r/s     rkB/s   rrqm/s  %rrqm r_await rareq-sz     w/s     wkB/s   wrqm/s  %wrqm w_await wareq-sz     d/s     dkB/s   drqm/s  %drqm d_await dareq-sz     f/s f_await  aqu-sz  %util
sda              0.00      0.00     0.00   0.00    0.00     0.00   73.00    772.00    52.00  41.60   14.96    10.58    0.00      0.00     0.00   0.00    0.00     0.00   38.00   22.79    1.96  97.60


2026년 06월 29일 21시 55분 38초
avg-cpu:  %user   %nice %system %iowait  %steal   %idle
           4.92    0.00    2.02   14.39    0.00   78.66

Device            r/s     rkB/s   rrqm/s  %rrqm r_await rareq-sz     w/s     wkB/s   wrqm/s  %wrqm w_await wareq-sz     d/s     dkB/s   drqm/s  %drqm d_await dareq-sz     f/s f_await  aqu-sz  %util
sda              1.00      4.00     0.00   0.00   49.00     4.00   93.00    876.00    79.00  45.93   15.97     9.42    0.00      0.00     0.00   0.00    0.00     0.00   37.00   26.81    2.53 101.20


2026년 06월 29일 21시 55분 39초
avg-cpu:  %user   %nice %system %iowait  %steal   %idle
           4.31    0.00    2.15   13.69    0.00   79.85

Device            r/s     rkB/s   rrqm/s  %rrqm r_await rareq-sz     w/s     wkB/s   wrqm/s  %wrqm w_await wareq-sz     d/s     dkB/s   drqm/s  %drqm d_await dareq-sz     f/s f_await  aqu-sz  %util
sda              0.00      0.00     0.00   0.00    0.00     0.00   78.00    856.00    56.00  41.79   15.28    10.97    0.00      0.00     0.00   0.00    0.00     0.00   37.00   26.03    2.15  97.20


2026년 06월 29일 21시 55분 40초
avg-cpu:  %user   %nice %system %iowait  %steal   %idle
           2.89    0.00    1.38   15.35    0.00   80.38

Device            r/s     rkB/s   rrqm/s  %rrqm r_await rareq-sz     w/s     wkB/s   wrqm/s  %wrqm w_await wareq-sz     d/s     dkB/s   drqm/s  %drqm d_await dareq-sz     f/s f_await  aqu-sz  %util
sda              0.00      0.00     0.00   0.00    0.00     0.00   79.00    792.00    54.00  40.60   17.29    10.03    0.00      0.00     0.00   0.00    0.00     0.00   36.00   23.92    2.23  84.40


2026년 06월 29일 21시 55분 41초
avg-cpu:  %user   %nice %system %iowait  %steal   %idle
           4.05    0.00    0.76   14.54    0.00   80.66

Device            r/s     rkB/s   rrqm/s  %rrqm r_await rareq-sz     w/s     wkB/s   wrqm/s  %wrqm w_await wareq-sz     d/s     dkB/s   drqm/s  %drqm d_await dareq-sz     f/s f_await  aqu-sz  %util
sda              0.00      0.00     0.00   0.00    0.00     0.00   75.00    772.00    54.00  41.86   16.37    10.29    0.00      0.00     0.00   0.00    0.00     0.00   39.00   24.44    2.18  95.60


2026년 06월 29일 21시 55분 42초
avg-cpu:  %user   %nice %system %iowait  %steal   %idle
           4.26    0.00    1.38   15.16    0.00   79.20

Device            r/s     rkB/s   rrqm/s  %rrqm r_await rareq-sz     w/s     wkB/s   wrqm/s  %wrqm w_await wareq-sz     d/s     dkB/s   drqm/s  %drqm d_await dareq-sz     f/s f_await  aqu-sz  %util
sda              1.00      4.00     0.00   0.00   25.00     4.00   77.00    776.00    51.00  39.84   17.06    10.08    0.00      0.00     0.00   0.00    0.00     0.00   41.00   24.37    2.34  99.20


2026년 06월 29일 21시 55분 43초
avg-cpu:  %user   %nice %system %iowait  %steal   %idle
           5.82    0.00    0.76   15.17    0.00   78.26

Device            r/s     rkB/s   rrqm/s  %rrqm r_await rareq-sz     w/s     wkB/s   wrqm/s  %wrqm w_await wareq-sz     d/s     dkB/s   drqm/s  %drqm d_await dareq-sz     f/s f_await  aqu-sz  %util
sda              0.00      0.00     0.00   0.00    0.00     0.00   72.00    712.00    47.00  39.50   17.50     9.89    0.00      0.00     0.00   0.00    0.00     0.00   35.00   26.97    2.20  91.20


2026년 06월 29일 21시 55분 44초
avg-cpu:  %user   %nice %system %iowait  %steal   %idle
           5.05    0.00    1.01   13.76    0.00   80.18

Device            r/s     rkB/s   rrqm/s  %rrqm r_await rareq-sz     w/s     wkB/s   wrqm/s  %wrqm w_await wareq-sz     d/s     dkB/s   drqm/s  %drqm d_await dareq-sz     f/s f_await  aqu-sz  %util
sda              1.00      4.00     0.00   0.00   19.00     4.00   84.00    832.00    50.00  37.31   14.18     9.90    0.00      0.00     0.00   0.00    0.00     0.00   42.00   22.55    2.16  96.80


2026년 06월 29일 21시 55분 45초
avg-cpu:  %user   %nice %system %iowait  %steal   %idle
           3.89    0.00    1.38   13.57    0.00   81.16

Device            r/s     rkB/s   rrqm/s  %rrqm r_await rareq-sz     w/s     wkB/s   wrqm/s  %wrqm w_await wareq-sz     d/s     dkB/s   drqm/s  %drqm d_await dareq-sz     f/s f_await  aqu-sz  %util
sda              1.00      4.00     0.00   0.00   22.00     4.00   77.00    764.00    51.00  39.84   13.88     9.92    0.00      0.00     0.00   0.00    0.00     0.00   40.00   22.02    1.97  92.00


2026년 06월 29일 21시 55분 46초
avg-cpu:  %user   %nice %system %iowait  %steal   %idle
           3.77    0.00    1.88   14.20    0.00   80.15

Device            r/s     rkB/s   rrqm/s  %rrqm r_await rareq-sz     w/s     wkB/s   wrqm/s  %wrqm w_await wareq-sz     d/s     dkB/s   drqm/s  %drqm d_await dareq-sz     f/s f_await  aqu-sz  %util
sda              0.00      0.00     0.00   0.00    0.00     0.00   82.00    860.00    53.00  39.26   13.23    10.49    0.00      0.00     0.00   0.00    0.00     0.00   40.00   22.57    1.99  94.00


2026년 06월 29일 21시 55분 47초
avg-cpu:  %user   %nice %system %iowait  %steal   %idle
           2.79    0.00    1.52   14.83    0.00   80.86

Device            r/s     rkB/s   rrqm/s  %rrqm r_await rareq-sz     w/s     wkB/s   wrqm/s  %wrqm w_await wareq-sz     d/s     dkB/s   drqm/s  %drqm d_await dareq-sz     f/s f_await  aqu-sz  %util
sda              1.00      4.00     0.00   0.00   16.00     4.00   82.00    800.00    49.00  37.40   15.95     9.76    0.00      0.00     0.00   0.00    0.00     0.00   37.00   24.84    2.24  94.00


2026년 06월 29일 21시 55분 48초
avg-cpu:  %user   %nice %system %iowait  %steal   %idle
           4.07    0.00    1.40   13.47    0.00   81.07

Device            r/s     rkB/s   rrqm/s  %rrqm r_await rareq-sz     w/s     wkB/s   wrqm/s  %wrqm w_await wareq-sz     d/s     dkB/s   drqm/s  %drqm d_await dareq-sz     f/s f_await  aqu-sz  %util
sda              0.00      0.00     0.00   0.00    0.00     0.00   77.00    816.00    62.00  44.60   14.03    10.60    0.00      0.00     0.00   0.00    0.00     0.00   43.00   21.35    2.00  90.00


2026년 06월 29일 21시 55분 49초
avg-cpu:  %user   %nice %system %iowait  %steal   %idle
           4.91    0.00    2.14   13.60    0.00   79.35

Device            r/s     rkB/s   rrqm/s  %rrqm r_await rareq-sz     w/s     wkB/s   wrqm/s  %wrqm w_await wareq-sz     d/s     dkB/s   drqm/s  %drqm d_await dareq-sz     f/s f_await  aqu-sz  %util
sda              0.00      0.00     0.00   0.00    0.00     0.00   78.00    828.00    67.00  46.21   15.14    10.62    0.00      0.00     0.00   0.00    0.00     0.00   40.00   24.23    2.15  99.60


2026년 06월 29일 21시 55분 50초
avg-cpu:  %user   %nice %system %iowait  %steal   %idle
           2.81    0.00    0.77   14.80    0.00   81.63

Device            r/s     rkB/s   rrqm/s  %rrqm r_await rareq-sz     w/s     wkB/s   wrqm/s  %wrqm w_await wareq-sz     d/s     dkB/s   drqm/s  %drqm d_await dareq-sz     f/s f_await  aqu-sz  %util
sda              0.00      0.00     0.00   0.00    0.00     0.00   88.00    892.00    51.00  36.69   12.68    10.14    0.00      0.00     0.00   0.00    0.00     0.00   46.00   20.46    2.06  82.40


2026년 06월 29일 21시 55분 51초
avg-cpu:  %user   %nice %system %iowait  %steal   %idle
           5.45    0.00    0.76   13.05    0.00   80.74

Device            r/s     rkB/s   rrqm/s  %rrqm r_await rareq-sz     w/s     wkB/s   wrqm/s  %wrqm w_await wareq-sz     d/s     dkB/s   drqm/s  %drqm d_await dareq-sz     f/s f_await  aqu-sz  %util
sda              0.00      0.00     0.00   0.00    0.00     0.00   91.00    888.00    60.00  39.74   14.71     9.76    0.00      0.00     0.00   0.00    0.00     0.00   45.00   19.84    2.23 104.00


2026년 06월 29일 21시 55분 52초
avg-cpu:  %user   %nice %system %iowait  %steal   %idle
           3.41    0.00    1.01   14.03    0.00   81.54

Device            r/s     rkB/s   rrqm/s  %rrqm r_await rareq-sz     w/s     wkB/s   wrqm/s  %wrqm w_await wareq-sz     d/s     dkB/s   drqm/s  %drqm d_await dareq-sz     f/s f_await  aqu-sz  %util
sda              1.00     16.00     3.00  75.00   17.00    16.00   81.00    780.00    47.00  36.72   15.05     9.63    0.00      0.00     0.00   0.00    0.00     0.00   41.00   23.88    2.21  99.60


2026년 06월 29일 21시 55분 53초
avg-cpu:  %user   %nice %system %iowait  %steal   %idle
           8.02    0.00    1.63   13.16    0.00   77.19

Device            r/s     rkB/s   rrqm/s  %rrqm r_await rareq-sz     w/s     wkB/s   wrqm/s  %wrqm w_await wareq-sz     d/s     dkB/s   drqm/s  %drqm d_await dareq-sz     f/s f_await  aqu-sz  %util
sda              0.00      0.00     0.00   0.00    0.00     0.00   82.00    840.00    64.00  43.84   13.01    10.24    0.00      0.00     0.00   0.00    0.00     0.00   42.00   22.50    2.01  87.60


2026년 06월 29일 21시 55분 54초
avg-cpu:  %user   %nice %system %iowait  %steal   %idle
           3.27    0.00    1.13   13.48    0.00   82.12

Device            r/s     rkB/s   rrqm/s  %rrqm r_await rareq-sz     w/s     wkB/s   wrqm/s  %wrqm w_await wareq-sz     d/s     dkB/s   drqm/s  %drqm d_await dareq-sz     f/s f_await  aqu-sz  %util
sda              0.00      0.00     0.00   0.00    0.00     0.00   81.00    768.00    48.00  37.21   14.43     9.48    0.00      0.00     0.00   0.00    0.00     0.00   40.00   22.02    2.05 100.40


2026년 06월 29일 21시 55분 55초
avg-cpu:  %user   %nice %system %iowait  %steal   %idle
           3.04    0.00    0.76   18.25    0.00   77.95

Device            r/s     rkB/s   rrqm/s  %rrqm r_await rareq-sz     w/s     wkB/s   wrqm/s  %wrqm w_await wareq-sz     d/s     dkB/s   drqm/s  %drqm d_await dareq-sz     f/s f_await  aqu-sz  %util
sda              0.00      0.00     0.00   0.00    0.00     0.00   69.00    684.00    38.00  35.51   18.87     9.91    0.00      0.00     0.00   0.00    0.00     0.00   36.00   26.50    2.26  95.20


2026년 06월 29일 21시 55분 56초
avg-cpu:  %user   %nice %system %iowait  %steal   %idle
           3.27    0.00    1.51   17.48    0.00   77.74

Device            r/s     rkB/s   rrqm/s  %rrqm r_await rareq-sz     w/s     wkB/s   wrqm/s  %wrqm w_await wareq-sz     d/s     dkB/s   drqm/s  %drqm d_await dareq-sz     f/s f_await  aqu-sz  %util
sda              2.00     12.00     1.00  33.33   31.00     6.00   70.00    736.00    47.00  40.17   23.06    10.51    0.00      0.00     0.00   0.00    0.00     0.00   37.00   26.92    2.67  99.20


2026년 06월 29일 21시 55분 57초
avg-cpu:  %user   %nice %system %iowait  %steal   %idle
           3.27    0.00    1.01   15.45    0.00   80.28

Device            r/s     rkB/s   rrqm/s  %rrqm r_await rareq-sz     w/s     wkB/s   wrqm/s  %wrqm w_await wareq-sz     d/s     dkB/s   drqm/s  %drqm d_await dareq-sz     f/s f_await  aqu-sz  %util
sda              0.00      0.00     0.00   0.00    0.00     0.00   68.00    796.00    41.00  37.61   18.74    11.71    0.00      0.00     0.00   0.00    0.00     0.00   29.00   30.83    2.17  93.60


2026년 06월 29일 21시 55분 58초
avg-cpu:  %user   %nice %system %iowait  %steal   %idle
           3.77    0.00    2.01   17.09    0.00   77.14

Device            r/s     rkB/s   rrqm/s  %rrqm r_await rareq-sz     w/s     wkB/s   wrqm/s  %wrqm w_await wareq-sz     d/s     dkB/s   drqm/s  %drqm d_await dareq-sz     f/s f_await  aqu-sz  %util
sda              2.00      8.00     0.00   0.00   17.50     4.00   59.00   2668.00    54.00  47.79   23.83    45.22    0.00      0.00     0.00   0.00    0.00     0.00   35.00   26.37    2.37  94.40


2026년 06월 29일 21시 55분 59초
avg-cpu:  %user   %nice %system %iowait  %steal   %idle
           4.93    0.00    1.77   15.93    0.00   77.37

Device            r/s     rkB/s   rrqm/s  %rrqm r_await rareq-sz     w/s     wkB/s   wrqm/s  %wrqm w_await wareq-sz     d/s     dkB/s   drqm/s  %drqm d_await dareq-sz     f/s f_await  aqu-sz  %util
sda              1.00      4.00     0.00   0.00   31.00     4.00   88.00   2020.00    70.00  44.30   16.16    22.95    0.00      0.00     0.00   0.00    0.00     0.00   42.00   23.45    2.44  99.60


2026년 06월 29일 21시 56분 00초
avg-cpu:  %user   %nice %system %iowait  %steal   %idle
           3.03    0.00    1.64   17.15    0.00   78.18

Device            r/s     rkB/s   rrqm/s  %rrqm r_await rareq-sz     w/s     wkB/s   wrqm/s  %wrqm w_await wareq-sz     d/s     dkB/s   drqm/s  %drqm d_await dareq-sz     f/s f_await  aqu-sz  %util
sda              0.00      0.00     0.00   0.00    0.00     0.00   74.00    756.00    45.00  37.82   22.11    10.22    0.00      0.00     0.00   0.00    0.00     0.00   38.00   24.45    2.57  93.20


2026년 06월 29일 21시 56분 01초
avg-cpu:  %user   %nice %system %iowait  %steal   %idle
           2.91    0.00    1.27   14.43    0.00   81.39

Device            r/s     rkB/s   rrqm/s  %rrqm r_await rareq-sz     w/s     wkB/s   wrqm/s  %wrqm w_await wareq-sz     d/s     dkB/s   drqm/s  %drqm d_await dareq-sz     f/s f_await  aqu-sz  %util
sda              1.00      4.00     0.00   0.00   25.00     4.00   83.00    796.00    42.00  33.60   14.86     9.59    0.00      0.00     0.00   0.00    0.00     0.00   43.00   20.74    2.15  94.40


2026년 06월 29일 21시 56분 02초
avg-cpu:  %user   %nice %system %iowait  %steal   %idle
           3.15    0.00    1.89   14.75    0.00   80.20

Device            r/s     rkB/s   rrqm/s  %rrqm r_await rareq-sz     w/s     wkB/s   wrqm/s  %wrqm w_await wareq-sz     d/s     dkB/s   drqm/s  %drqm d_await dareq-sz     f/s f_await  aqu-sz  %util
sda              0.00      0.00     0.00   0.00    0.00     0.00   90.00    916.00    56.00  38.36   13.57    10.18    0.00      0.00     0.00   0.00    0.00     0.00   45.00   20.84    2.16  97.60


2026년 06월 29일 21시 56분 03초
avg-cpu:  %user   %nice %system %iowait  %steal   %idle
           3.27    0.00    1.51   13.35    0.00   81.86

Device            r/s     rkB/s   rrqm/s  %rrqm r_await rareq-sz     w/s     wkB/s   wrqm/s  %wrqm w_await wareq-sz     d/s     dkB/s   drqm/s  %drqm d_await dareq-sz     f/s f_await  aqu-sz  %util
sda              0.00      0.00     0.00   0.00    0.00     0.00   79.00    764.00    50.00  38.76   14.05     9.67    0.00      0.00     0.00   0.00    0.00     0.00   43.00   22.23    2.07  94.40


2026년 06월 29일 21시 56분 04초
avg-cpu:  %user   %nice %system %iowait  %steal   %idle
           3.40    0.00    1.39   14.38    0.00   80.83

Device            r/s     rkB/s   rrqm/s  %rrqm r_await rareq-sz     w/s     wkB/s   wrqm/s  %wrqm w_await wareq-sz     d/s     dkB/s   drqm/s  %drqm d_await dareq-sz     f/s f_await  aqu-sz  %util
sda              0.00      0.00     0.00   0.00    0.00     0.00   77.00    808.00    51.00  39.84   15.23    10.49    0.00      0.00     0.00   0.00    0.00     0.00   38.00   22.47    2.03  89.60


2026년 06월 29일 21시 56분 05초
avg-cpu:  %user   %nice %system %iowait  %steal   %idle
           3.06    0.00    0.89   18.24    0.00   77.81

Device            r/s     rkB/s   rrqm/s  %rrqm r_await rareq-sz     w/s     wkB/s   wrqm/s  %wrqm w_await wareq-sz     d/s     dkB/s   drqm/s  %drqm d_await dareq-sz     f/s f_await  aqu-sz  %util
sda              1.00      4.00     0.00   0.00   33.00     4.00   77.00    820.00    45.00  36.89   19.62    10.65    0.00      0.00     0.00   0.00    0.00     0.00   42.00   23.38    2.53  99.60


2026년 06월 29일 21시 56분 06초
avg-cpu:  %user   %nice %system %iowait  %steal   %idle
           3.05    0.00    1.52   16.39    0.00   79.03

Device            r/s     rkB/s   rrqm/s  %rrqm r_await rareq-sz     w/s     wkB/s   wrqm/s  %wrqm w_await wareq-sz     d/s     dkB/s   drqm/s  %drqm d_await dareq-sz     f/s f_await  aqu-sz  %util
sda              0.00      0.00     0.00   0.00    0.00     0.00   80.00    816.00    48.00  37.50   17.52    10.20    0.00      0.00     0.00   0.00    0.00     0.00   42.00   22.95    2.37 100.40


2026년 06월 29일 21시 56분 07초
avg-cpu:  %user   %nice %system %iowait  %steal   %idle
           2.66    0.00    1.52   13.32    0.00   82.49

Device            r/s     rkB/s   rrqm/s  %rrqm r_await rareq-sz     w/s     wkB/s   wrqm/s  %wrqm w_await wareq-sz     d/s     dkB/s   drqm/s  %drqm d_await dareq-sz     f/s f_await  aqu-sz  %util
sda              0.00      0.00     0.00   0.00    0.00     0.00   69.00    752.00    44.00  38.94   17.39    10.90    0.00      0.00     0.00   0.00    0.00     0.00   35.00   26.49    2.13  88.80


2026년 06월 29일 21시 56분 08초
avg-cpu:  %user   %nice %system %iowait  %steal   %idle
           5.55    0.00    2.52   14.12    0.00   77.81

Device            r/s     rkB/s   rrqm/s  %rrqm r_await rareq-sz     w/s     wkB/s   wrqm/s  %wrqm w_await wareq-sz     d/s     dkB/s   drqm/s  %drqm d_await dareq-sz     f/s f_await  aqu-sz  %util
sda              1.00      4.00     0.00   0.00   40.00     4.00   73.00    900.00    67.00  47.86   16.45    12.33    0.00      0.00     0.00   0.00    0.00     0.00   36.00   24.94    2.14  92.40


2026년 06월 29일 21시 56분 09초
avg-cpu:  %user   %nice %system %iowait  %steal   %idle
           4.92    0.00    2.52   13.37    0.00   79.19

Device            r/s     rkB/s   rrqm/s  %rrqm r_await rareq-sz     w/s     wkB/s   wrqm/s  %wrqm w_await wareq-sz     d/s     dkB/s   drqm/s  %drqm d_await dareq-sz     f/s f_await  aqu-sz  %util
sda              0.00      0.00     0.00   0.00    0.00     0.00   80.00    832.00    57.00  41.61   14.54    10.40    0.00      0.00     0.00   0.00    0.00     0.00   34.00   29.71    2.17  95.20


2026년 06월 29일 21시 56분 10초
avg-cpu:  %user   %nice %system %iowait  %steal   %idle
           3.53    0.00    2.02   15.51    0.00   78.94

Device            r/s     rkB/s   rrqm/s  %rrqm r_await rareq-sz     w/s     wkB/s   wrqm/s  %wrqm w_await wareq-sz     d/s     dkB/s   drqm/s  %drqm d_await dareq-sz     f/s f_await  aqu-sz  %util
sda              0.00      0.00     0.00   0.00    0.00     0.00   82.00    872.00    51.00  38.35   15.83    10.63    0.00      0.00     0.00   0.00    0.00     0.00   41.00   22.24    2.21 100.40


2026년 06월 29일 21시 56분 11초
avg-cpu:  %user   %nice %system %iowait  %steal   %idle
           3.66    0.00    1.64   13.62    0.00   81.08

Device            r/s     rkB/s   rrqm/s  %rrqm r_await rareq-sz     w/s     wkB/s   wrqm/s  %wrqm w_await wareq-sz     d/s     dkB/s   drqm/s  %drqm d_await dareq-sz     f/s f_await  aqu-sz  %util
sda              0.00      0.00     0.00   0.00    0.00     0.00   76.00    848.00    50.00  39.68   15.25    11.16    0.00      0.00     0.00   0.00    0.00     0.00   40.00   23.02    2.08  96.00


2026년 06월 29일 21시 56분 12초
avg-cpu:  %user   %nice %system %iowait  %steal   %idle
           3.30    0.00    1.65   14.85    0.00   80.20

Device            r/s     rkB/s   rrqm/s  %rrqm r_await rareq-sz     w/s     wkB/s   wrqm/s  %wrqm w_await wareq-sz     d/s     dkB/s   drqm/s  %drqm d_await dareq-sz     f/s f_await  aqu-sz  %util
sda              1.00      4.00     0.00   0.00   40.00     4.00   87.00    868.00    56.00  39.16   12.90     9.98    0.00      0.00     0.00   0.00    0.00     0.00   47.00   20.36    2.12  98.00


2026년 06월 29일 21시 56분 13초
avg-cpu:  %user   %nice %system %iowait  %steal   %idle
           3.52    0.00    1.51   19.60    0.00   75.38

Device            r/s     rkB/s   rrqm/s  %rrqm r_await rareq-sz     w/s     wkB/s   wrqm/s  %wrqm w_await wareq-sz     d/s     dkB/s   drqm/s  %drqm d_await dareq-sz     f/s f_await  aqu-sz  %util
sda              5.00    272.00     0.00   0.00   32.60    54.40   69.00    732.00    36.00  34.29   22.97    10.61    0.00      0.00     0.00   0.00    0.00     0.00   33.00   26.39    2.62  89.20


2026년 06월 29일 21시 56분 14초
avg-cpu:  %user   %nice %system %iowait  %steal   %idle
           3.17    0.00    1.40   14.21    0.00   81.22

Device            r/s     rkB/s   rrqm/s  %rrqm r_await rareq-sz     w/s     wkB/s   wrqm/s  %wrqm w_await wareq-sz     d/s     dkB/s   drqm/s  %drqm d_await dareq-sz     f/s f_await  aqu-sz  %util
sda              0.00      0.00     0.00   0.00    0.00     0.00   93.00    932.00    51.00  35.42   13.46    10.02    0.00      0.00     0.00   0.00    0.00     0.00   43.00   21.91    2.19  97.60


2026년 06월 29일 21시 56분 15초
avg-cpu:  %user   %nice %system %iowait  %steal   %idle
           3.03    0.00    1.77   14.52    0.00   80.68

Device            r/s     rkB/s   rrqm/s  %rrqm r_await rareq-sz     w/s     wkB/s   wrqm/s  %wrqm w_await wareq-sz     d/s     dkB/s   drqm/s  %drqm d_await dareq-sz     f/s f_await  aqu-sz  %util
sda              1.00      4.00     0.00   0.00   24.00     4.00   75.00    788.00    48.00  39.02   15.28    10.51    0.00      0.00     0.00   0.00    0.00     0.00   39.00   23.33    2.08  92.80


2026년 06월 29일 21시 56분 16초
avg-cpu:  %user   %nice %system %iowait  %steal   %idle
           3.52    0.00    1.88   14.32    0.00   80.28

Device            r/s     rkB/s   rrqm/s  %rrqm r_await rareq-sz     w/s     wkB/s   wrqm/s  %wrqm w_await wareq-sz     d/s     dkB/s   drqm/s  %drqm d_await dareq-sz     f/s f_await  aqu-sz  %util
sda              1.00      4.00     0.00   0.00   31.00     4.00   73.00    796.00    46.00  38.66   15.59    10.90    0.00      0.00     0.00   0.00    0.00     0.00   39.00   25.26    2.15  92.00


2026년 06월 29일 21시 56분 17초
avg-cpu:  %user   %nice %system %iowait  %steal   %idle
           3.15    0.00    2.02   14.11    0.00   80.73

Device            r/s     rkB/s   rrqm/s  %rrqm r_await rareq-sz     w/s     wkB/s   wrqm/s  %wrqm w_await wareq-sz     d/s     dkB/s   drqm/s  %drqm d_await dareq-sz     f/s f_await  aqu-sz  %util
sda              0.00      0.00     0.00   0.00    0.00     0.00   81.00    872.00    52.00  39.10   15.68    10.77    0.00      0.00     0.00   0.00    0.00     0.00   41.00   21.80    2.16  90.40


2026년 06월 29일 21시 56분 18초
avg-cpu:  %user   %nice %system %iowait  %steal   %idle
           4.41    0.00    2.39   14.61    0.00   78.59

Device            r/s     rkB/s   rrqm/s  %rrqm r_await rareq-sz     w/s     wkB/s   wrqm/s  %wrqm w_await wareq-sz     d/s     dkB/s   drqm/s  %drqm d_await dareq-sz     f/s f_await  aqu-sz  %util
sda              0.00      0.00     0.00   0.00    0.00     0.00   81.00    876.00    61.00  42.96   15.88    10.81    0.00      0.00     0.00   0.00    0.00     0.00   42.00   23.29    2.26 101.60


2026년 06월 29일 21시 56분 19초
avg-cpu:  %user   %nice %system %iowait  %steal   %idle
           4.77    0.00    3.01   12.17    0.00   80.05

Device            r/s     rkB/s   rrqm/s  %rrqm r_await rareq-sz     w/s     wkB/s   wrqm/s  %wrqm w_await wareq-sz     d/s     dkB/s   drqm/s  %drqm d_await dareq-sz     f/s f_await  aqu-sz  %util
sda              1.00      4.00     0.00   0.00   46.00     4.00   63.00    960.00    55.00  46.61   16.32    15.24    0.00      0.00     0.00   0.00    0.00     0.00   34.00   27.41    2.01  98.00


2026년 06월 29일 21시 56분 20초
avg-cpu:  %user   %nice %system %iowait  %steal   %idle
           2.40    0.00    1.39   17.32    0.00   78.89

Device            r/s     rkB/s   rrqm/s  %rrqm r_await rareq-sz     w/s     wkB/s   wrqm/s  %wrqm w_await wareq-sz     d/s     dkB/s   drqm/s  %drqm d_await dareq-sz     f/s f_await  aqu-sz  %util
sda              1.00      4.00     0.00   0.00   24.00     4.00   95.00   3060.00    40.00  29.63   15.38    32.21    0.00      0.00     0.00   0.00    0.00     0.00   41.00   23.78    2.46  97.20


2026년 06월 29일 21시 56분 21초
avg-cpu:  %user   %nice %system %iowait  %steal   %idle
           3.68    0.00    1.39   17.11    0.00   77.82

Device            r/s     rkB/s   rrqm/s  %rrqm r_await rareq-sz     w/s     wkB/s   wrqm/s  %wrqm w_await wareq-sz     d/s     dkB/s   drqm/s  %drqm d_await dareq-sz     f/s f_await  aqu-sz  %util
sda              1.00      4.00     0.00   0.00   42.00     4.00   87.00   1760.00    53.00  37.86   15.98    20.23    0.00      0.00     0.00   0.00    0.00     0.00   40.00   23.65    2.38  96.00


2026년 06월 29일 21시 56분 22초
avg-cpu:  %user   %nice %system %iowait  %steal   %idle
           3.16    0.00    1.39   12.66    0.00   82.78

Device            r/s     rkB/s   rrqm/s  %rrqm r_await rareq-sz     w/s     wkB/s   wrqm/s  %wrqm w_await wareq-sz     d/s     dkB/s   drqm/s  %drqm d_await dareq-sz     f/s f_await  aqu-sz  %util
sda              0.00      0.00     0.00   0.00    0.00     0.00   80.00    976.00    49.00  37.98   15.04    12.20    0.00      0.00     0.00   0.00    0.00     0.00   36.00   26.69    2.16  91.20


2026년 06월 29일 21시 56분 23초
avg-cpu:  %user   %nice %system %iowait  %steal   %idle
           5.05    0.00    2.53   13.13    0.00   79.29

Device            r/s     rkB/s   rrqm/s  %rrqm r_await rareq-sz     w/s     wkB/s   wrqm/s  %wrqm w_await wareq-sz     d/s     dkB/s   drqm/s  %drqm d_await dareq-sz     f/s f_await  aqu-sz  %util
sda              1.00      4.00     0.00   0.00   16.00     4.00   75.00    888.00    59.00  44.03   14.75    11.84    0.00      0.00     0.00   0.00    0.00     0.00   40.00   22.30    2.01  95.20


2026년 06월 29일 21시 56분 24초
avg-cpu:  %user   %nice %system %iowait  %steal   %idle
           5.58    0.00    1.77   14.58    0.00   78.07

Device            r/s     rkB/s   rrqm/s  %rrqm r_await rareq-sz     w/s     wkB/s   wrqm/s  %wrqm w_await wareq-sz     d/s     dkB/s   drqm/s  %drqm d_await dareq-sz     f/s f_await  aqu-sz  %util
sda              0.00      0.00     0.00   0.00    0.00     0.00   84.00    880.00    49.00  36.84   14.30    10.48    0.00      0.00     0.00   0.00    0.00     0.00   43.00   22.35    2.16  96.80


2026년 06월 29일 21시 56분 25초
avg-cpu:  %user   %nice %system %iowait  %steal   %idle
           4.17    0.00    3.03   19.47    0.00   73.32

Device            r/s     rkB/s   rrqm/s  %rrqm r_await rareq-sz     w/s     wkB/s   wrqm/s  %wrqm w_await wareq-sz     d/s     dkB/s   drqm/s  %drqm d_await dareq-sz     f/s f_await  aqu-sz  %util
sda              1.00      4.00     0.00   0.00   38.00     4.00   91.00   1916.00    41.00  31.06   17.55    21.05    0.00      0.00     0.00   0.00    0.00     0.00   36.00   26.17    2.58  94.00


2026년 06월 29일 21시 56분 26초
avg-cpu:  %user   %nice %system %iowait  %steal   %idle
           4.30    0.00    1.65   18.23    0.00   75.82

Device            r/s     rkB/s   rrqm/s  %rrqm r_await rareq-sz     w/s     wkB/s   wrqm/s  %wrqm w_await wareq-sz     d/s     dkB/s   drqm/s  %drqm d_await dareq-sz     f/s f_await  aqu-sz  %util
sda              0.00      0.00     0.00   0.00    0.00     0.00   72.00   1348.00    42.00  36.84   20.89    18.72    0.00      0.00     0.00   0.00    0.00     0.00   38.00   26.18    2.50  98.80


2026년 06월 29일 21시 56분 27초
avg-cpu:  %user   %nice %system %iowait  %steal   %idle
           3.52    0.00    1.64   21.26    0.00   73.58

Device            r/s     rkB/s   rrqm/s  %rrqm r_await rareq-sz     w/s     wkB/s   wrqm/s  %wrqm w_await wareq-sz     d/s     dkB/s   drqm/s  %drqm d_await dareq-sz     f/s f_await  aqu-sz  %util
sda              0.00      0.00     0.00   0.00    0.00     0.00   73.00   1232.00    33.00  31.13   24.07    16.88    0.00      0.00     0.00   0.00    0.00     0.00   32.00   30.09    2.72  99.20


2026년 06월 29일 21시 56분 28초
avg-cpu:  %user   %nice %system %iowait  %steal   %idle
           4.42    0.00    2.40   14.27    0.00   78.91

Device            r/s     rkB/s   rrqm/s  %rrqm r_await rareq-sz     w/s     wkB/s   wrqm/s  %wrqm w_await wareq-sz     d/s     dkB/s   drqm/s  %drqm d_await dareq-sz     f/s f_await  aqu-sz  %util
sda              1.00      4.00     0.00   0.00   88.00     4.00   74.00    872.00    53.00  41.73   16.70    11.78    0.00      0.00     0.00   0.00    0.00     0.00   34.00   27.65    2.26  97.60


2026년 06월 29일 21시 56분 29초
avg-cpu:  %user   %nice %system %iowait  %steal   %idle
           5.30    0.00    2.15   16.04    0.00   76.52

Device            r/s     rkB/s   rrqm/s  %rrqm r_await rareq-sz     w/s     wkB/s   wrqm/s  %wrqm w_await wareq-sz     d/s     dkB/s   drqm/s  %drqm d_await dareq-sz     f/s f_await  aqu-sz  %util
sda              2.00     12.00     1.00  33.33   67.50     6.00   73.00   1520.00    58.00  44.27   18.38    20.82    0.00      0.00     0.00   0.00    0.00     0.00   35.00   26.37    2.40  94.40


2026년 06월 29일 21시 56분 30초
avg-cpu:  %user   %nice %system %iowait  %steal   %idle
           2.77    0.00    1.76   20.53    0.00   74.94

Device            r/s     rkB/s   rrqm/s  %rrqm r_await rareq-sz     w/s     wkB/s   wrqm/s  %wrqm w_await wareq-sz     d/s     dkB/s   drqm/s  %drqm d_await dareq-sz     f/s f_await  aqu-sz  %util
sda              1.00      8.00     1.00  50.00   41.00     8.00   89.00   1676.00    42.00  32.06   19.76    18.83    0.00      0.00     0.00   0.00    0.00     0.00   43.00   23.33    2.80 100.80


2026년 06월 29일 21시 56분 31초
avg-cpu:  %user   %nice %system %iowait  %steal   %idle
           6.96    0.00    1.90   17.22    0.00   73.92

Device            r/s     rkB/s   rrqm/s  %rrqm r_await rareq-sz     w/s     wkB/s   wrqm/s  %wrqm w_await wareq-sz     d/s     dkB/s   drqm/s  %drqm d_await dareq-sz     f/s f_await  aqu-sz  %util
sda              0.00      0.00     0.00   0.00    0.00     0.00   74.00   1768.00    36.00  32.73   21.92    23.89    0.00      0.00     0.00   0.00    0.00     0.00   29.00   33.59    2.60  94.40


2026년 06월 29일 21시 56분 32초
avg-cpu:  %user   %nice %system %iowait  %steal   %idle
           3.17    0.00    1.27   22.59    0.00   72.97

Device            r/s     rkB/s   rrqm/s  %rrqm r_await rareq-sz     w/s     wkB/s   wrqm/s  %wrqm w_await wareq-sz     d/s     dkB/s   drqm/s  %drqm d_await dareq-sz     f/s f_await  aqu-sz  %util
sda              0.99      3.96     0.00   0.00   31.00     4.00   76.24   1473.27    40.59  34.75   25.04    19.32    0.00      0.00     0.00   0.00    0.00     0.00   36.63   26.76    2.92  97.43


2026년 06월 29일 21시 56분 33초
avg-cpu:  %user   %nice %system %iowait  %steal   %idle
           4.54    0.00    1.89   16.27    0.00   77.30

Device            r/s     rkB/s   rrqm/s  %rrqm r_await rareq-sz     w/s     wkB/s   wrqm/s  %wrqm w_await wareq-sz     d/s     dkB/s   drqm/s  %drqm d_await dareq-sz     f/s f_await  aqu-sz  %util
sda              0.00      0.00     0.00   0.00    0.00     0.00   84.00   1172.00    44.00  34.38   15.95    13.95    0.00      0.00     0.00   0.00    0.00     0.00   40.00   23.70    2.29  96.00


2026년 06월 29일 21시 56분 34초
avg-cpu:  %user   %nice %system %iowait  %steal   %idle
           3.41    0.00    1.77   19.22    0.00   75.60

Device            r/s     rkB/s   rrqm/s  %rrqm r_await rareq-sz     w/s     wkB/s   wrqm/s  %wrqm w_await wareq-sz     d/s     dkB/s   drqm/s  %drqm d_await dareq-sz     f/s f_await  aqu-sz  %util
sda              0.00      0.00     0.00   0.00    0.00     0.00   96.00   1872.00    48.00  33.33   15.40    19.50    0.00      0.00     0.00   0.00    0.00     0.00   44.00   21.45    2.42  96.00


2026년 06월 29일 21시 56분 35초
avg-cpu:  %user   %nice %system %iowait  %steal   %idle
           3.04    0.00    1.52   21.01    0.00   74.43

Device            r/s     rkB/s   rrqm/s  %rrqm r_await rareq-sz     w/s     wkB/s   wrqm/s  %wrqm w_await wareq-sz     d/s     dkB/s   drqm/s  %drqm d_await dareq-sz     f/s f_await  aqu-sz  %util
sda              1.00      4.00     0.00   0.00   52.00     4.00   70.00   1192.00    42.00  37.50   25.27    17.03    0.00      0.00     0.00   0.00    0.00     0.00   35.00   28.71    2.83  99.60


2026년 06월 29일 21시 56분 36초
avg-cpu:  %user   %nice %system %iowait  %steal   %idle
           3.16    0.00    1.77   26.14    0.00   68.94

Device            r/s     rkB/s   rrqm/s  %rrqm r_await rareq-sz     w/s     wkB/s   wrqm/s  %wrqm w_await wareq-sz     d/s     dkB/s   drqm/s  %drqm d_await dareq-sz     f/s f_await  aqu-sz  %util
sda              0.00      0.00     0.00   0.00    0.00     0.00   96.00   2048.00    38.00  28.36   22.45    21.33    0.00      0.00     0.00   0.00    0.00     0.00   38.00   25.53    3.12  94.80


2026년 06월 29일 21시 56분 37초
avg-cpu:  %user   %nice %system %iowait  %steal   %idle
           3.02    0.00    2.39   18.74    0.00   75.85

Device            r/s     rkB/s   rrqm/s  %rrqm r_await rareq-sz     w/s     wkB/s   wrqm/s  %wrqm w_await wareq-sz     d/s     dkB/s   drqm/s  %drqm d_await dareq-sz     f/s f_await  aqu-sz  %util
sda              0.00      0.00     0.00   0.00    0.00     0.00  100.00   1592.00    49.00  32.89   16.23    15.92    0.00      0.00     0.00   0.00    0.00     0.00   44.00   22.23    2.60 101.60


2026년 06월 29일 21시 56분 38초
avg-cpu:  %user   %nice %system %iowait  %steal   %idle
           5.04    0.00    2.40   16.02    0.00   76.54

Device            r/s     rkB/s   rrqm/s  %rrqm r_await rareq-sz     w/s     wkB/s   wrqm/s  %wrqm w_await wareq-sz     d/s     dkB/s   drqm/s  %drqm d_await dareq-sz     f/s f_await  aqu-sz  %util
sda              0.00      0.00     0.00   0.00    0.00     0.00   79.00    884.00    67.00  45.89   17.15    11.19    0.00      0.00     0.00   0.00    0.00     0.00   40.00   22.93    2.27  92.80


2026년 06월 29일 21시 56분 39초
avg-cpu:  %user   %nice %system %iowait  %steal   %idle
           4.34    0.00    2.30   14.67    0.00   78.70

Device            r/s     rkB/s   rrqm/s  %rrqm r_await rareq-sz     w/s     wkB/s   wrqm/s  %wrqm w_await wareq-sz     d/s     dkB/s   drqm/s  %drqm d_await dareq-sz     f/s f_await  aqu-sz  %util
sda              1.00     16.00     3.00  75.00   43.00    16.00   79.00   1360.00    60.00  43.17   16.25    17.22    0.00      0.00     0.00   0.00    0.00     0.00   35.00   27.29    2.28  98.80


2026년 06월 29일 21시 56분 40초
avg-cpu:  %user   %nice %system %iowait  %steal   %idle
           1.53    0.00    0.89   23.92    0.00   73.66

Device            r/s     rkB/s   rrqm/s  %rrqm r_await rareq-sz     w/s     wkB/s   wrqm/s  %wrqm w_await wareq-sz     d/s     dkB/s   drqm/s  %drqm d_await dareq-sz     f/s f_await  aqu-sz  %util
sda              2.00     12.00     1.00  33.33  101.50     6.00   78.00    908.00    26.00  25.00   40.77    11.64    0.00      0.00     0.00   0.00    0.00     0.00   26.00   38.12    4.38  98.40


2026년 06월 29일 21시 56분 41초
avg-cpu:  %user   %nice %system %iowait  %steal   %idle
           2.66    0.00    1.14   20.91    0.00   75.29

Device            r/s     rkB/s   rrqm/s  %rrqm r_await rareq-sz     w/s     wkB/s   wrqm/s  %wrqm w_await wareq-sz     d/s     dkB/s   drqm/s  %drqm d_await dareq-sz     f/s f_await  aqu-sz  %util
sda              2.00      8.00     0.00   0.00   44.00     4.00   82.00   2724.00    41.00  33.33   20.49    33.22    0.00      0.00     0.00   0.00    0.00     0.00   34.00   27.47    2.70  90.40


2026년 06월 29일 21시 56분 42초
avg-cpu:  %user   %nice %system %iowait  %steal   %idle
           2.28    0.00    1.02   16.24    0.00   80.46

Device            r/s     rkB/s   rrqm/s  %rrqm r_await rareq-sz     w/s     wkB/s   wrqm/s  %wrqm w_await wareq-sz     d/s     dkB/s   drqm/s  %drqm d_await dareq-sz     f/s f_await  aqu-sz  %util
sda              0.00      0.00     0.00   0.00    0.00     0.00   76.00    920.00    43.00  36.13   18.32    12.11    0.00      0.00     0.00   0.00    0.00     0.00   36.00   27.17    2.37  99.20


2026년 06월 29일 21시 56분 43초
avg-cpu:  %user   %nice %system %iowait  %steal   %idle
           3.00    0.00    1.50   16.12    0.00   79.38

Device            r/s     rkB/s   rrqm/s  %rrqm r_await rareq-sz     w/s     wkB/s   wrqm/s  %wrqm w_await wareq-sz     d/s     dkB/s   drqm/s  %drqm d_await dareq-sz     f/s f_await  aqu-sz  %util
sda              0.00      0.00     0.00   0.00    0.00     0.00   76.00    756.00    54.00  41.54   18.20     9.95    0.00      0.00     0.00   0.00    0.00     0.00   37.00   24.57    2.29  96.00


2026년 06월 29일 21시 56분 44초
avg-cpu:  %user   %nice %system %iowait  %steal   %idle
           1.89    0.00    1.64   13.62    0.00   82.85

Device            r/s     rkB/s   rrqm/s  %rrqm r_await rareq-sz     w/s     wkB/s   wrqm/s  %wrqm w_await wareq-sz     d/s     dkB/s   drqm/s  %drqm d_await dareq-sz     f/s f_await  aqu-sz  %util
sda              0.00      0.00     0.00   0.00    0.00     0.00   79.00    720.00    49.00  38.28   14.96     9.11    0.00      0.00     0.00   0.00    0.00     0.00   40.00   23.00    2.10  94.00


2026년 06월 29일 21시 56분 45초
avg-cpu:  %user   %nice %system %iowait  %steal   %idle
           1.78    0.00    0.64   14.99    0.00   82.59

Device            r/s     rkB/s   rrqm/s  %rrqm r_await rareq-sz     w/s     wkB/s   wrqm/s  %wrqm w_await wareq-sz     d/s     dkB/s   drqm/s  %drqm d_await dareq-sz     f/s f_await  aqu-sz  %util
sda              0.00      0.00     0.00   0.00    0.00     0.00   87.00    744.00    48.00  35.56   21.03     8.55    0.00      0.00     0.00   0.00    0.00     0.00   34.00   28.91    2.81  91.60


2026년 06월 29일 21시 56분 46초
avg-cpu:  %user   %nice %system %iowait  %steal   %idle
           1.52    0.00    1.14   17.42    0.00   79.92

Device            r/s     rkB/s   rrqm/s  %rrqm r_await rareq-sz     w/s     wkB/s   wrqm/s  %wrqm w_await wareq-sz     d/s     dkB/s   drqm/s  %drqm d_await dareq-sz     f/s f_await  aqu-sz  %util
sda              0.00      0.00     0.00   0.00    0.00     0.00   75.00    680.00    46.00  38.02   20.53     9.07    0.00      0.00     0.00   0.00    0.00     0.00   39.00   24.23    2.48  94.00


2026년 06월 29일 21시 56분 47초
avg-cpu:  %user   %nice %system %iowait  %steal   %idle
           0.76    0.00    0.76   18.00    0.00   80.48

Device            r/s     rkB/s   rrqm/s  %rrqm r_await rareq-sz     w/s     wkB/s   wrqm/s  %wrqm w_await wareq-sz     d/s     dkB/s   drqm/s  %drqm d_await dareq-sz     f/s f_await  aqu-sz  %util
sda              0.00      0.00     0.00   0.00    0.00     0.00   76.00    656.00    40.00  34.48   18.59     8.63    0.00      0.00     0.00   0.00    0.00     0.00   41.00   23.44    2.38  90.40


2026년 06월 29일 21시 56분 48초
avg-cpu:  %user   %nice %system %iowait  %steal   %idle
           1.89    0.00    1.64   14.59    0.00   81.89

Device            r/s     rkB/s   rrqm/s  %rrqm r_await rareq-sz     w/s     wkB/s   wrqm/s  %wrqm w_await wareq-sz     d/s     dkB/s   drqm/s  %drqm d_await dareq-sz     f/s f_await  aqu-sz  %util
sda              0.00      0.00     0.00   0.00    0.00     0.00   55.00    444.00    17.00  23.61   25.05     8.07    0.00      0.00     0.00   0.00    0.00     0.00   27.00   25.44    2.06  70.80


2026년 06월 29일 21시 56분 49초
avg-cpu:  %user   %nice %system %iowait  %steal   %idle
           2.12    0.00    1.12    7.50    0.00   89.25

Device            r/s     rkB/s   rrqm/s  %rrqm r_await rareq-sz     w/s     wkB/s   wrqm/s  %wrqm w_await wareq-sz     d/s     dkB/s   drqm/s  %drqm d_await dareq-sz     f/s f_await  aqu-sz  %util
sda              0.00      0.00     0.00   0.00    0.00     0.00   35.00    376.00    16.00  31.37   19.26    10.74    0.00      0.00     0.00   0.00    0.00     0.00   14.00   26.86    1.05  45.20


2026년 06월 29일 21시 56분 50초
avg-cpu:  %user   %nice %system %iowait  %steal   %idle
           0.00    0.00    0.38    3.54    0.00   96.09

Device            r/s     rkB/s   rrqm/s  %rrqm r_await rareq-sz     w/s     wkB/s   wrqm/s  %wrqm w_await wareq-sz     d/s     dkB/s   drqm/s  %drqm d_await dareq-sz     f/s f_await  aqu-sz  %util
sda              0.00      0.00     0.00   0.00    0.00     0.00   31.00    348.00    16.00  34.04    9.45    11.23    0.00      0.00     0.00   0.00    0.00     0.00   12.00   21.42    0.55  28.40


2026년 06월 29일 21시 56분 51초
avg-cpu:  %user   %nice %system %iowait  %steal   %idle
           1.12    0.00    0.50   10.00    0.00   88.38

Device            r/s     rkB/s   rrqm/s  %rrqm r_await rareq-sz     w/s     wkB/s   wrqm/s  %wrqm w_await wareq-sz     d/s     dkB/s   drqm/s  %drqm d_await dareq-sz     f/s f_await  aqu-sz  %util
sda              0.00      0.00     0.00   0.00    0.00     0.00   53.00   1296.00    26.00  32.91   15.09    24.45    0.00      0.00     0.00   0.00    0.00     0.00   27.00   26.04    1.50  74.00


2026년 06월 29일 21시 56분 52초
avg-cpu:  %user   %nice %system %iowait  %steal   %idle
           0.50    0.00    0.25   15.22    0.00   84.03

Device            r/s     rkB/s   rrqm/s  %rrqm r_await rareq-sz     w/s     wkB/s   wrqm/s  %wrqm w_await wareq-sz     d/s     dkB/s   drqm/s  %drqm d_await dareq-sz     f/s f_await  aqu-sz  %util
sda              0.00      0.00     0.00   0.00    0.00     0.00   70.00   1272.00    25.00  26.32   19.91    18.17    0.00      0.00     0.00   0.00    0.00     0.00   32.00   29.22    2.33  96.40


2026년 06월 29일 21시 56분 53초
avg-cpu:  %user   %nice %system %iowait  %steal   %idle
           0.88    0.00    1.00   16.81    0.00   81.30

Device            r/s     rkB/s   rrqm/s  %rrqm r_await rareq-sz     w/s     wkB/s   wrqm/s  %wrqm w_await wareq-sz     d/s     dkB/s   drqm/s  %drqm d_await dareq-sz     f/s f_await  aqu-sz  %util
sda              0.00      0.00     0.00   0.00    0.00     0.00   77.00   1532.00    42.00  35.29   18.21    19.90    0.00      0.00     0.00   0.00    0.00     0.00   34.00   28.41    2.37  97.60


2026년 06월 29일 21시 56분 54초
avg-cpu:  %user   %nice %system %iowait  %steal   %idle
           1.26    0.00    0.25   15.13    0.00   83.35

Device            r/s     rkB/s   rrqm/s  %rrqm r_await rareq-sz     w/s     wkB/s   wrqm/s  %wrqm w_await wareq-sz     d/s     dkB/s   drqm/s  %drqm d_await dareq-sz     f/s f_await  aqu-sz  %util
sda              0.00      0.00     0.00   0.00    0.00     0.00   79.00   1652.00    31.00  28.18   15.52    20.91    0.00      0.00     0.00   0.00    0.00     0.00   37.00   26.08    2.19 100.40


2026년 06월 29일 21시 56분 55초
avg-cpu:  %user   %nice %system %iowait  %steal   %idle
           0.50    0.00    0.63   14.66    0.00   84.21

Device            r/s     rkB/s   rrqm/s  %rrqm r_await rareq-sz     w/s     wkB/s   wrqm/s  %wrqm w_await wareq-sz     d/s     dkB/s   drqm/s  %drqm d_await dareq-sz     f/s f_await  aqu-sz  %util
sda              0.00      0.00     0.00   0.00    0.00     0.00   74.00   1928.00    27.00  26.73   15.85    26.05    0.00      0.00     0.00   0.00    0.00     0.00   36.00   26.31    2.12  99.20


2026년 06월 29일 21시 56분 56초
avg-cpu:  %user   %nice %system %iowait  %steal   %idle
           2.27    0.00    0.38   16.25    0.00   81.11

Device            r/s     rkB/s   rrqm/s  %rrqm r_await rareq-sz     w/s     wkB/s   wrqm/s  %wrqm w_await wareq-sz     d/s     dkB/s   drqm/s  %drqm d_await dareq-sz     f/s f_await  aqu-sz  %util
sda              0.00      0.00     0.00   0.00    0.00     0.00   79.00   1628.00    35.00  30.70   16.77    20.61    0.00      0.00     0.00   0.00    0.00     0.00   40.00   24.20    2.29 100.40


2026년 06월 29일 21시 56분 57초
avg-cpu:  %user   %nice %system %iowait  %steal   %idle
           0.25    0.00    0.75   14.93    0.00   84.07

Device            r/s     rkB/s   rrqm/s  %rrqm r_await rareq-sz     w/s     wkB/s   wrqm/s  %wrqm w_await wareq-sz     d/s     dkB/s   drqm/s  %drqm d_await dareq-sz     f/s f_await  aqu-sz  %util
sda              0.00      0.00     0.00   0.00    0.00     0.00   72.00   1476.00    26.00  26.53   17.08    20.50    0.00      0.00     0.00   0.00    0.00     0.00   33.00   29.97    2.22 102.80


2026년 06월 29일 21시 56분 58초
avg-cpu:  %user   %nice %system %iowait  %steal   %idle
           1.01    0.00    0.88   12.97    0.00   85.14

Device            r/s     rkB/s   rrqm/s  %rrqm r_await rareq-sz     w/s     wkB/s   wrqm/s  %wrqm w_await wareq-sz     d/s     dkB/s   drqm/s  %drqm d_await dareq-sz     f/s f_await  aqu-sz  %util
sda              0.00      0.00     0.00   0.00    0.00     0.00   67.00   1736.00    38.00  36.19   16.15    25.91    0.00      0.00     0.00   0.00    0.00     0.00   31.00   30.77    2.04  97.60


2026년 06월 29일 21시 56분 59초
avg-cpu:  %user   %nice %system %iowait  %steal   %idle
           1.01    0.00    0.88   13.85    0.00   84.26

Device            r/s     rkB/s   rrqm/s  %rrqm r_await rareq-sz     w/s     wkB/s   wrqm/s  %wrqm w_await wareq-sz     d/s     dkB/s   drqm/s  %drqm d_await dareq-sz     f/s f_await  aqu-sz  %util
sda              0.00      0.00     0.00   0.00    0.00     0.00   85.00   2208.00    35.00  29.17   13.41    25.98    0.00      0.00     0.00   0.00    0.00     0.00   40.00   23.82    2.09 100.00


2026년 06월 29일 21시 57분 00초
avg-cpu:  %user   %nice %system %iowait  %steal   %idle
           0.88    0.00    0.25   15.78    0.00   83.08

Device            r/s     rkB/s   rrqm/s  %rrqm r_await rareq-sz     w/s     wkB/s   wrqm/s  %wrqm w_await wareq-sz     d/s     dkB/s   drqm/s  %drqm d_await dareq-sz     f/s f_await  aqu-sz  %util
sda              0.00      0.00     0.00   0.00    0.00     0.00   75.00   1632.00    33.00  30.56   17.01    21.76    0.00      0.00     0.00   0.00    0.00     0.00   34.00   28.47    2.24 100.80


2026년 06월 29일 21시 57분 01초
avg-cpu:  %user   %nice %system %iowait  %steal   %idle
           0.25    0.00    0.50   14.25    0.00   84.99

Device            r/s     rkB/s   rrqm/s  %rrqm r_await rareq-sz     w/s     wkB/s   wrqm/s  %wrqm w_await wareq-sz     d/s     dkB/s   drqm/s  %drqm d_await dareq-sz     f/s f_await  aqu-sz  %util
sda              0.00      0.00     0.00   0.00    0.00     0.00   90.00   2000.00    32.00  26.23   12.68    22.22    0.00      0.00     0.00   0.00    0.00     0.00   41.00   22.76    2.08  98.00


2026년 06월 29일 21시 57분 02초
avg-cpu:  %user   %nice %system %iowait  %steal   %idle
           0.25    0.00    0.13   16.65    0.00   82.98

Device            r/s     rkB/s   rrqm/s  %rrqm r_await rareq-sz     w/s     wkB/s   wrqm/s  %wrqm w_await wareq-sz     d/s     dkB/s   drqm/s  %drqm d_await dareq-sz     f/s f_await  aqu-sz  %util
sda              0.00      0.00     0.00   0.00    0.00     0.00   72.00   1484.00    24.00  25.00   18.82    20.61    0.00      0.00     0.00   0.00    0.00     0.00   34.00   28.44    2.32 100.40


2026년 06월 29일 21시 57분 03초
avg-cpu:  %user   %nice %system %iowait  %steal   %idle
           0.50    0.00    0.50   14.70    0.00   84.30

Device            r/s     rkB/s   rrqm/s  %rrqm r_await rareq-sz     w/s     wkB/s   wrqm/s  %wrqm w_await wareq-sz     d/s     dkB/s   drqm/s  %drqm d_await dareq-sz     f/s f_await  aqu-sz  %util
sda              0.00      0.00     0.00   0.00    0.00     0.00   92.00   1860.00    31.00  25.20   13.08    20.22    0.00      0.00     0.00   0.00    0.00     0.00   37.00   25.92    2.16 100.80


2026년 06월 29일 21시 57분 04초
avg-cpu:  %user   %nice %system %iowait  %steal   %idle
           0.00    0.00    0.38   13.51    0.00   86.11

Device            r/s     rkB/s   rrqm/s  %rrqm r_await rareq-sz     w/s     wkB/s   wrqm/s  %wrqm w_await wareq-sz     d/s     dkB/s   drqm/s  %drqm d_await dareq-sz     f/s f_await  aqu-sz  %util
sda              0.00      0.00     0.00   0.00    0.00     0.00   70.00   1616.00    27.00  27.84   15.17    23.09    0.00      0.00     0.00   0.00    0.00     0.00   30.00   32.10    2.03  95.20


2026년 06월 29일 21시 57분 05초
avg-cpu:  %user   %nice %system %iowait  %steal   %idle
           0.25    0.00    0.25    9.08    0.00   90.42

Device            r/s     rkB/s   rrqm/s  %rrqm r_await rareq-sz     w/s     wkB/s   wrqm/s  %wrqm w_await wareq-sz     d/s     dkB/s   drqm/s  %drqm d_await dareq-sz     f/s f_await  aqu-sz  %util
sda              0.00      0.00     0.00   0.00    0.00     0.00   63.00   1112.00    21.00  25.00   13.02    17.65    0.00      0.00     0.00   0.00    0.00     0.00   29.00   20.14    1.40  64.40


2026년 06월 29일 21시 57분 06초
avg-cpu:  %user   %nice %system %iowait  %steal   %idle
           0.25    0.00    0.13    0.00    0.00   99.62

Device            r/s     rkB/s   rrqm/s  %rrqm r_await rareq-sz     w/s     wkB/s   wrqm/s  %wrqm w_await wareq-sz     d/s     dkB/s   drqm/s  %drqm d_await dareq-sz     f/s f_await  aqu-sz  %util


2026년 06월 29일 21시 57분 07초
avg-cpu:  %user   %nice %system %iowait  %steal   %idle
           0.75    0.00    0.38    0.00    0.00   98.87

Device            r/s     rkB/s   rrqm/s  %rrqm r_await rareq-sz     w/s     wkB/s   wrqm/s  %wrqm w_await wareq-sz     d/s     dkB/s   drqm/s  %drqm d_await dareq-sz     f/s f_await  aqu-sz  %util


2026년 06월 29일 21시 57분 08초
avg-cpu:  %user   %nice %system %iowait  %steal   %idle
           1.39    0.00    0.76    0.00    0.00   97.86

Device            r/s     rkB/s   rrqm/s  %rrqm r_await rareq-sz     w/s     wkB/s   wrqm/s  %wrqm w_await wareq-sz     d/s     dkB/s   drqm/s  %drqm d_await dareq-sz     f/s f_await  aqu-sz  %util


2026년 06월 29일 21시 57분 09초
avg-cpu:  %user   %nice %system %iowait  %steal   %idle
           0.25    0.00    0.25    0.00    0.00   99.50

Device            r/s     rkB/s   rrqm/s  %rrqm r_await rareq-sz     w/s     wkB/s   wrqm/s  %wrqm w_await wareq-sz     d/s     dkB/s   drqm/s  %drqm d_await dareq-sz     f/s f_await  aqu-sz  %util


2026년 06월 29일 21시 57분 10초
avg-cpu:  %user   %nice %system %iowait  %steal   %idle
           1.64    0.00    0.51    0.00    0.00   97.85

Device            r/s     rkB/s   rrqm/s  %rrqm r_await rareq-sz     w/s     wkB/s   wrqm/s  %wrqm w_await wareq-sz     d/s     dkB/s   drqm/s  %drqm d_await dareq-sz     f/s f_await  aqu-sz  %util
sda              0.00      0.00     0.00   0.00    0.00     0.00    1.00      8.00    13.00  92.86   27.00     8.00    0.00      0.00     0.00   0.00    0.00     0.00    0.00    0.00    0.03   3.20


2026년 06월 29일 21시 57분 11초
avg-cpu:  %user   %nice %system %iowait  %steal   %idle
           0.50    0.00    0.25    0.75    0.00   98.49

Device            r/s     rkB/s   rrqm/s  %rrqm r_await rareq-sz     w/s     wkB/s   wrqm/s  %wrqm w_await wareq-sz     d/s     dkB/s   drqm/s  %drqm d_await dareq-sz     f/s f_await  aqu-sz  %util
sda              0.00      0.00     0.00   0.00    0.00     0.00   23.00    160.00     5.00  17.86   26.87     6.96    0.00      0.00     0.00   0.00    0.00     0.00    2.00   12.50    0.64   7.20


2026년 06월 29일 21시 57분 12초
avg-cpu:  %user   %nice %system %iowait  %steal   %idle
           0.38    0.00    0.25    0.00    0.00   99.37

Device            r/s     rkB/s   rrqm/s  %rrqm r_await rareq-sz     w/s     wkB/s   wrqm/s  %wrqm w_await wareq-sz     d/s     dkB/s   drqm/s  %drqm d_await dareq-sz     f/s f_await  aqu-sz  %util
sda              0.00      0.00     0.00   0.00    0.00     0.00    1.00     16.00     0.00   0.00   20.00    16.00    0.00      0.00     0.00   0.00    0.00     0.00    0.00    0.00    0.02   2.40


2026년 06월 29일 21시 57분 13초
avg-cpu:  %user   %nice %system %iowait  %steal   %idle
           0.38    0.00    0.25    0.00    0.00   99.37

Device            r/s     rkB/s   rrqm/s  %rrqm r_await rareq-sz     w/s     wkB/s   wrqm/s  %wrqm w_await wareq-sz     d/s     dkB/s   drqm/s  %drqm d_await dareq-sz     f/s f_await  aqu-sz  %util


2026년 06월 29일 21시 57분 14초
avg-cpu:  %user   %nice %system %iowait  %steal   %idle
           0.00    0.00    0.25    0.00    0.00   99.75

Device            r/s     rkB/s   rrqm/s  %rrqm r_await rareq-sz     w/s     wkB/s   wrqm/s  %wrqm w_await wareq-sz     d/s     dkB/s   drqm/s  %drqm d_await dareq-sz     f/s f_await  aqu-sz  %util


2026년 06월 29일 21시 57분 15초
avg-cpu:  %user   %nice %system %iowait  %steal   %idle
           0.25    0.00    0.50    0.00    0.00   99.25

Device            r/s     rkB/s   rrqm/s  %rrqm r_await rareq-sz     w/s     wkB/s   wrqm/s  %wrqm w_await wareq-sz     d/s     dkB/s   drqm/s  %drqm d_await dareq-sz     f/s f_await  aqu-sz  %util


2026년 06월 29일 21시 57분 16초
avg-cpu:  %user   %nice %system %iowait  %steal   %idle
           0.50    0.00    0.25    0.25    0.00   98.99

Device            r/s     rkB/s   rrqm/s  %rrqm r_await rareq-sz     w/s     wkB/s   wrqm/s  %wrqm w_await wareq-sz     d/s     dkB/s   drqm/s  %drqm d_await dareq-sz     f/s f_await  aqu-sz  %util
sda              0.00      0.00     0.00   0.00    0.00     0.00    3.00     32.00     0.00   0.00    6.67    10.67    0.00      0.00     0.00   0.00    0.00     0.00    2.00    9.00    0.04   2.40


2026년 06월 29일 21시 57분 17초
avg-cpu:  %user   %nice %system %iowait  %steal   %idle
           0.50    0.00    0.38    0.00    0.00   99.12

Device            r/s     rkB/s   rrqm/s  %rrqm r_await rareq-sz     w/s     wkB/s   wrqm/s  %wrqm w_await wareq-sz     d/s     dkB/s   drqm/s  %drqm d_await dareq-sz     f/s f_await  aqu-sz  %util


2026년 06월 29일 21시 57분 18초
avg-cpu:  %user   %nice %system %iowait  %steal   %idle
           0.88    0.00    1.00    0.00    0.00   98.12

Device            r/s     rkB/s   rrqm/s  %rrqm r_await rareq-sz     w/s     wkB/s   wrqm/s  %wrqm w_await wareq-sz     d/s     dkB/s   drqm/s  %drqm d_await dareq-sz     f/s f_await  aqu-sz  %util


2026년 06월 29일 21시 57분 19초
avg-cpu:  %user   %nice %system %iowait  %steal   %idle
           0.38    0.00    0.13    0.00    0.00   99.50

Device            r/s     rkB/s   rrqm/s  %rrqm r_await rareq-sz     w/s     wkB/s   wrqm/s  %wrqm w_await wareq-sz     d/s     dkB/s   drqm/s  %drqm d_await dareq-sz     f/s f_await  aqu-sz  %util


2026년 06월 29일 21시 57분 20초
avg-cpu:  %user   %nice %system %iowait  %steal   %idle
           1.88    0.00    0.88    0.00    0.00   97.24

Device            r/s     rkB/s   rrqm/s  %rrqm r_await rareq-sz     w/s     wkB/s   wrqm/s  %wrqm w_await wareq-sz     d/s     dkB/s   drqm/s  %drqm d_await dareq-sz     f/s f_await  aqu-sz  %util


2026년 06월 29일 21시 57분 21초
avg-cpu:  %user   %nice %system %iowait  %steal   %idle
           0.25    0.00    0.38    0.38    0.00   98.99

Device            r/s     rkB/s   rrqm/s  %rrqm r_await rareq-sz     w/s     wkB/s   wrqm/s  %wrqm w_await wareq-sz     d/s     dkB/s   drqm/s  %drqm d_await dareq-sz     f/s f_await  aqu-sz  %util
sda              0.00      0.00     0.00   0.00    0.00     0.00    2.00     44.00     0.00   0.00   15.50    22.00    0.00      0.00     0.00   0.00    0.00     0.00    2.00   15.00    0.06   3.20


2026년 06월 29일 21시 57분 22초
avg-cpu:  %user   %nice %system %iowait  %steal   %idle
           0.25    0.00    0.63    0.00    0.00   99.12

Device            r/s     rkB/s   rrqm/s  %rrqm r_await rareq-sz     w/s     wkB/s   wrqm/s  %wrqm w_await wareq-sz     d/s     dkB/s   drqm/s  %drqm d_await dareq-sz     f/s f_await  aqu-sz  %util
sda              0.00      0.00     0.00   0.00    0.00     0.00    1.00      8.00     1.00  50.00    7.00     8.00    0.00      0.00     0.00   0.00    0.00     0.00    0.00    0.00    0.01   0.80


2026년 06월 29일 21시 57분 23초
avg-cpu:  %user   %nice %system %iowait  %steal   %idle
           1.38    0.00    0.38    0.00    0.00   98.25

Device            r/s     rkB/s   rrqm/s  %rrqm r_await rareq-sz     w/s     wkB/s   wrqm/s  %wrqm w_await wareq-sz     d/s     dkB/s   drqm/s  %drqm d_await dareq-sz     f/s f_await  aqu-sz  %util
sda              0.00      0.00     0.00   0.00    0.00     0.00    3.00     24.00     2.00  40.00    4.67     8.00    0.00      0.00     0.00   0.00    0.00     0.00    0.00    0.00    0.01   0.80


2026년 06월 29일 21시 57분 24초
avg-cpu:  %user   %nice %system %iowait  %steal   %idle
           0.13    0.00    0.25    0.00    0.00   99.62

Device            r/s     rkB/s   rrqm/s  %rrqm r_await rareq-sz     w/s     wkB/s   wrqm/s  %wrqm w_await wareq-sz     d/s     dkB/s   drqm/s  %drqm d_await dareq-sz     f/s f_await  aqu-sz  %util


2026년 06월 29일 21시 57분 25초
avg-cpu:  %user   %nice %system %iowait  %steal   %idle
           0.63    0.00    0.25    0.00    0.00   99.12

Device            r/s     rkB/s   rrqm/s  %rrqm r_await rareq-sz     w/s     wkB/s   wrqm/s  %wrqm w_await wareq-sz     d/s     dkB/s   drqm/s  %drqm d_await dareq-sz     f/s f_await  aqu-sz  %util


2026년 06월 29일 21시 57분 26초
avg-cpu:  %user   %nice %system %iowait  %steal   %idle
           0.75    0.00    0.00    2.51    0.00   96.73

Device            r/s     rkB/s   rrqm/s  %rrqm r_await rareq-sz     w/s     wkB/s   wrqm/s  %wrqm w_await wareq-sz     d/s     dkB/s   drqm/s  %drqm d_await dareq-sz     f/s f_await  aqu-sz  %util
sda              0.00      0.00     0.00   0.00    0.00     0.00   22.00    156.00     3.00  12.00   11.32     7.09    0.00      0.00     0.00   0.00    0.00     0.00    5.00   38.80    0.44  20.80


2026년 06월 29일 21시 57분 27초
avg-cpu:  %user   %nice %system %iowait  %steal   %idle
           0.75    0.00    0.25    0.00    0.00   99.00

Device            r/s     rkB/s   rrqm/s  %rrqm r_await rareq-sz     w/s     wkB/s   wrqm/s  %wrqm w_await wareq-sz     d/s     dkB/s   drqm/s  %drqm d_await dareq-sz     f/s f_await  aqu-sz  %util


2026년 06월 29일 21시 57분 28초
avg-cpu:  %user   %nice %system %iowait  %steal   %idle
           0.50    0.00    0.50    0.00    0.00   99.00

Device            r/s     rkB/s   rrqm/s  %rrqm r_await rareq-sz     w/s     wkB/s   wrqm/s  %wrqm w_await wareq-sz     d/s     dkB/s   drqm/s  %drqm d_await dareq-sz     f/s f_await  aqu-sz  %util
sda              0.00      0.00     0.00   0.00    0.00     0.00    2.00     12.00     1.00  33.33    1.00     6.00    0.00      0.00     0.00   0.00    0.00     0.00    0.00    0.00    0.00   0.40


2026년 06월 29일 21시 57분 29초
avg-cpu:  %user   %nice %system %iowait  %steal   %idle
           0.63    0.00    0.63    0.00    0.00   98.74

Device            r/s     rkB/s   rrqm/s  %rrqm r_await rareq-sz     w/s     wkB/s   wrqm/s  %wrqm w_await wareq-sz     d/s     dkB/s   drqm/s  %drqm d_await dareq-sz     f/s f_await  aqu-sz  %util


2026년 06월 29일 21시 57분 30초
avg-cpu:  %user   %nice %system %iowait  %steal   %idle
           1.76    0.00    0.50    0.75    0.00   96.98

Device            r/s     rkB/s   rrqm/s  %rrqm r_await rareq-sz     w/s     wkB/s   wrqm/s  %wrqm w_await wareq-sz     d/s     dkB/s   drqm/s  %drqm d_await dareq-sz     f/s f_await  aqu-sz  %util
sda              0.00      0.00     0.00   0.00    0.00     0.00    3.00     72.00    15.00  83.33   18.67    24.00    0.00      0.00     0.00   0.00    0.00     0.00    2.00   23.50    0.10   6.00


2026년 06월 29일 21시 57분 31초
avg-cpu:  %user   %nice %system %iowait  %steal   %idle
           0.50    0.00    0.62    0.00    0.00   98.88

Device            r/s     rkB/s   rrqm/s  %rrqm r_await rareq-sz     w/s     wkB/s   wrqm/s  %wrqm w_await wareq-sz     d/s     dkB/s   drqm/s  %drqm d_await dareq-sz     f/s f_await  aqu-sz  %util


2026년 06월 29일 21시 57분 32초
avg-cpu:  %user   %nice %system %iowait  %steal   %idle
           0.50    0.00    0.13    0.00    0.00   99.37

Device            r/s     rkB/s   rrqm/s  %rrqm r_await rareq-sz     w/s     wkB/s   wrqm/s  %wrqm w_await wareq-sz     d/s     dkB/s   drqm/s  %drqm d_await dareq-sz     f/s f_await  aqu-sz  %util


